{"type":"FeatureCollection","features":[{"type":"Feature","geometry":{"type":"Point","coordinates":[-118.29345720103716,33.86600191750458]},"properties":{"tract_id":"06037291300","population":3132,"density_per_sqkm":792.6236852488864,"lng":-118.29345720103716,"lat":33.86600191750458}},{"type":"Feature","geometry":{"type":"Point","coordinates":[-118.31323339083573,34.185823103436284]},"properties":{"tract_id":"06037310701","population":2366,"density_per_sqkm":1783.0151065443358,"lng":-118.31323339083573,"lat":34.185823103436284}},{"type":"Feature","geometry":{"type":"Point","coordinates":[-118.61791772409946,34.190632396533616]},"properties":{"tract_id":"06037135102","population":3652,"density_per_sqkm":2122.5894672750223,"lng":-118.61791772409946,"lat":34.190632396533616}},{"type":"Feature","geometry":{"type":"Point","coordinates":[-118.60968735286754,34.19296076469959]},"properties":{"tract_id":"06037135111","population":4001,"density_per_sqkm":3720.3440911652624,"lng":-118.60968735286754,"lat":34.19296076469959}},{"type":"Feature","geometry":{"type":"Point","coordinates":[-118.38552774175186,34.118803309516444]},"properties":{"tract_id":"06037261103","population":1767,"density_per_sqkm":540.0326187535699,"lng":-118.38552774175186,"lat":34.118803309516444}},{"type":"Feature","geometry":{"type":"Point","coordinates":[-118.41010855562921,34.25223174078459]},"properties":{"tract_id":"06037104824","population":2657,"density_per_sqkm":1714.614387458926,"lng":-118.41010855562921,"lat":34.25223174078459}},{"type":"Feature","geometry":{"type":"Point","coordinates":[-118.78754563416747,34.09654668707918]},"properties":{"tract_id":"06037800335","population":4475,"density_per_sqkm":28.527848241924392,"lng":-118.78754563416747,"lat":34.09654668707918}},{"type":"Feature","geometry":{"type":"Point","coordinates":[-118.51509945633387,34.138645689123805]},"properties":{"tract_id":"06037139704","population":2597,"density_per_sqkm":256.21331062487656,"lng":-118.51509945633387,"lat":34.138645689123805}},{"type":"Feature","geometry":{"type":"Point","coordinates":[-118.70875950512651,34.136417185583156]},"properties":{"tract_id":"06037800337","population":3771,"density_per_sqkm":606.126011821253,"lng":-118.70875950512651,"lat":34.136417185583156}},{"type":"Feature","geometry":{"type":"Point","coordinates":[-118.3713781538155,34.1408160769536]},"properties":{"tract_id":"06037143606","population":1695,"density_per_sqkm":1585.9624718398572,"lng":-118.3713781538155,"lat":34.1408160769536}},{"type":"Feature","geometry":{"type":"Point","coordinates":[-118.3334418728045,34.12757368362361]},"properties":{"tract_id":"06037189703","population":1872,"density_per_sqkm":248.63532641682895,"lng":-118.3334418728045,"lat":34.12757368362361}},{"type":"Feature","geometry":{"type":"Point","coordinates":[-118.38024604804751,34.13578327510735]},"properties":{"tract_id":"06037143801","population":3411,"density_per_sqkm":1129.8410355374078,"lng":-118.38024604804751,"lat":34.13578327510735}},{"type":"Feature","geometry":{"type":"Point","coordinates":[-118.34140205396574,34.13558858095911]},"properties":{"tract_id":"06037189704","population":1561,"density_per_sqkm":650.610349440449,"lng":-118.34140205396574,"lat":34.13558858095911}},{"type":"Feature","geometry":{"type":"Point","coordinates":[-118.74471691864747,34.11889611864924]},"properties":{"tract_id":"06037800336","population":3893,"density_per_sqkm":113.58220907610044,"lng":-118.74471691864747,"lat":34.11889611864924}},{"type":"Feature","geometry":{"type":"Point","coordinates":[-118.37445871429806,34.13303924041767]},"properties":{"tract_id":"06037143802","population":2239,"density_per_sqkm":669.0121597234862,"lng":-118.37445871429806,"lat":34.13303924041767}},{"type":"Feature","geometry":{"type":"Point","coordinates":[-118.49214140075627,34.13810475681537]},"properties":{"tract_id":"06037139705","population":4097,"density_per_sqkm":669.932458605033,"lng":-118.49214140075627,"lat":34.13810475681537}},{"type":"Feature","geometry":{"type":"Point","coordinates":[-118.36478993996774,34.14134606002963]},"properties":{"tract_id":"06037143605","population":1827,"density_per_sqkm":3203.9086805444244,"lng":-118.36478993996774,"lat":34.14134606002963}},{"type":"Feature","geometry":{"type":"Point","coordinates":[-118.31944306247397,34.111764236120194]},"properties":{"tract_id":"06037189501","population":2182,"density_per_sqkm":5523.979204191777,"lng":-118.31944306247397,"lat":34.111764236120194}},{"type":"Feature","geometry":{"type":"Point","coordinates":[-118.32402357141692,34.10823371432306]},"properties":{"tract_id":"06037189502","population":1875,"density_per_sqkm":6484.485506934394,"lng":-118.32402357141692,"lat":34.10823371432306}},{"type":"Feature","geometry":{"type":"Point","coordinates":[-118.31152180006032,34.103891999821364]},"properties":{"tract_id":"06037190303","population":2514,"density_per_sqkm":15273.3528284962,"lng":-118.31152180006032,"lat":34.103891999821364}},{"type":"Feature","geometry":{"type":"Point","coordinates":[-118.38683082143373,34.15124003580111]},"properties":{"tract_id":"06037143302","population":3258,"density_per_sqkm":2381.1665238139803,"lng":-118.38683082143373,"lat":34.15124003580111}},{"type":"Feature","geometry":{"type":"Point","coordinates":[-118.35455003060972,34.14743107142378]},"properties":{"tract_id":"06037143101","population":2074,"density_per_sqkm":951.9480735816812,"lng":-118.35455003060972,"lat":34.14743107142378}},{"type":"Feature","geometry":{"type":"Point","coordinates":[-118.33475002289242,34.152382106854624]},"properties":{"tract_id":"06037311601","population":2578,"density_per_sqkm":908.9851128471942,"lng":-118.33475002289242,"lat":34.152382106854624}},{"type":"Feature","geometry":{"type":"Point","coordinates":[-118.74728831108875,34.15575482667858]},"properties":{"tract_id":"06037800334","population":3749,"density_per_sqkm":489.1685302935111,"lng":-118.74728831108875,"lat":34.15575482667858}},{"type":"Feature","geometry":{"type":"Point","coordinates":[-118.7498251179837,34.14839301244095]},"properties":{"tract_id":"06037800333","population":2196,"density_per_sqkm":850.5132195960465,"lng":-118.7498251179837,"lat":34.14839301244095}},{"type":"Feature","geometry":{"type":"Point","coordinates":[-118.41507438629122,34.15382765912516]},"properties":{"tract_id":"06037143401","population":5478,"density_per_sqkm":4923.453389019434,"lng":-118.41507438629122,"lat":34.15382765912516}},{"type":"Feature","geometry":{"type":"Point","coordinates":[-118.34412305824542,34.15077492231637]},"properties":{"tract_id":"06037311602","population":4270,"density_per_sqkm":1872.6231343432212,"lng":-118.34412305824542,"lat":34.15077492231637}},{"type":"Feature","geometry":{"type":"Point","coordinates":[-118.36327659472917,34.151137783775575]},"properties":{"tract_id":"06037143102","population":2337,"density_per_sqkm":4347.26290967026,"lng":-118.36327659472917,"lat":34.151137783775575}},{"type":"Feature","geometry":{"type":"Point","coordinates":[-118.67385028493108,34.15989354303241]},"properties":{"tract_id":"06037800206","population":3604,"density_per_sqkm":237.8613033478954,"lng":-118.67385028493108,"lat":34.15989354303241}},{"type":"Feature","geometry":{"type":"Point","coordinates":[-118.38437055385123,34.1562419384307]},"properties":{"tract_id":"06037143301","population":3385,"density_per_sqkm":5353.433946014913,"lng":-118.38437055385123,"lat":34.1562419384307}},{"type":"Feature","geometry":{"type":"Point","coordinates":[-118.75013911749467,34.06644116094592]},"properties":{"tract_id":"06037800410","population":3527,"density_per_sqkm":58.20346877512057,"lng":-118.75013911749467,"lat":34.06644116094592}},{"type":"Feature","geometry":{"type":"Point","coordinates":[-118.67362450304765,34.06032706887343]},"properties":{"tract_id":"06037800504","population":1890,"density_per_sqkm":42.12572853268144,"lng":-118.67362450304765,"lat":34.06032706887343}},{"type":"Feature","geometry":{"type":"Point","coordinates":[-118.62784115890577,34.06638649127404]},"properties":{"tract_id":"06037800506","population":3393,"density_per_sqkm":75.11832867192877,"lng":-118.62784115890577,"lat":34.06638649127404}},{"type":"Feature","geometry":{"type":"Point","coordinates":[-118.33015502858701,34.09459371431248]},"properties":{"tract_id":"06037190802","population":2794,"density_per_sqkm":5718.306470314235,"lng":-118.33015502858701,"lat":34.09459371431248}},{"type":"Feature","geometry":{"type":"Point","coordinates":[-118.33921704450417,34.09086724446175]},"properties":{"tract_id":"06037191901","population":3932,"density_per_sqkm":4831.223714380975,"lng":-118.33921704450417,"lat":34.09086724446175}},{"type":"Feature","geometry":{"type":"Point","coordinates":[-118.40172660716118,34.16998510709017]},"properties":{"tract_id":"06037124902","population":3301,"density_per_sqkm":9652.94901619943,"lng":-118.40172660716118,"lat":34.16998510709017}},{"type":"Feature","geometry":{"type":"Point","coordinates":[-118.37602030320012,34.24220863870444]},"properties":{"tract_id":"06037121102","population":2271,"density_per_sqkm":179.95073488586812,"lng":-118.37602030320012,"lat":34.24220863870444}},{"type":"Feature","geometry":{"type":"Point","coordinates":[-118.38343468425948,34.18495710523664]},"properties":{"tract_id":"06037124104","population":2764,"density_per_sqkm":8523.806321862678,"lng":-118.38343468425948,"lat":34.18495710523664}},{"type":"Feature","geometry":{"type":"Point","coordinates":[-118.47060900008813,34.23367635297669]},"properties":{"tract_id":"06037117405","population":3176,"density_per_sqkm":15535.397725102112,"lng":-118.47060900008813,"lat":34.23367635297669}},{"type":"Feature","geometry":{"type":"Point","coordinates":[-118.49132564713321,34.24194244119333]},"properties":{"tract_id":"06037117301","population":3632,"density_per_sqkm":2187.2502243032222,"lng":-118.49132564713321,"lat":34.24194244119333}},{"type":"Feature","geometry":{"type":"Point","coordinates":[-118.35266514457795,34.25833832307113]},"properties":{"tract_id":"06037103300","population":3816,"density_per_sqkm":330.06227705600116,"lng":-118.35266514457795,"lat":34.25833832307113}},{"type":"Feature","geometry":{"type":"Point","coordinates":[-118.53185464860356,34.21532229726417]},"properties":{"tract_id":"06037131400","population":6175,"density_per_sqkm":5553.5973358367755,"lng":-118.53185464860356,"lat":34.21532229726417}},{"type":"Feature","geometry":{"type":"Point","coordinates":[-118.55209740302311,34.21447917913391]},"properties":{"tract_id":"06037131600","population":5194,"density_per_sqkm":2269.4374210815904,"lng":-118.55209740302311,"lat":34.21447917913391}},{"type":"Feature","geometry":{"type":"Point","coordinates":[-118.50906665627366,34.204620093733894]},"properties":{"tract_id":"06037131900","population":4255,"density_per_sqkm":3227.4712309559295,"lng":-118.50906665627366,"lat":34.204620093733894}},{"type":"Feature","geometry":{"type":"Point","coordinates":[-118.3978653871353,34.025207387118066]},"properties":{"tract_id":"06037270102","population":2198,"density_per_sqkm":4424.6132027862095,"lng":-118.3978653871353,"lat":34.025207387118066}},{"type":"Feature","geometry":{"type":"Point","coordinates":[-118.41807338238013,34.02546602938803]},"properties":{"tract_id":"06037271703","population":2765,"density_per_sqkm":2178.636190772337,"lng":-118.41807338238013,"lat":34.02546602938803}},{"type":"Feature","geometry":{"type":"Point","coordinates":[-118.41107512506457,34.02601606246646]},"properties":{"tract_id":"06037269909","population":2098,"density_per_sqkm":5915.495624278819,"lng":-118.41107512506457,"lat":34.02601606246646}},{"type":"Feature","geometry":{"type":"Point","coordinates":[-118.42036990695227,34.029624325573785]},"properties":{"tract_id":"06037271704","population":2996,"density_per_sqkm":2679.4606772549982,"lng":-118.42036990695227,"lat":34.029624325573785}},{"type":"Feature","geometry":{"type":"Point","coordinates":[-118.47864843596287,34.22720189746714]},"properties":{"tract_id":"06037117404","population":5548,"density_per_sqkm":3101.1621843407033,"lng":-118.47864843596287,"lat":34.22720189746714}},{"type":"Feature","geometry":{"type":"Point","coordinates":[-118.39189693092229,34.19590351723615]},"properties":{"tract_id":"06037123203","population":2982,"density_per_sqkm":3027.9319791402227,"lng":-118.39189693092229,"lat":34.19590351723615}},{"type":"Feature","geometry":{"type":"Point","coordinates":[-118.38011111905016,33.848566928541125]},"properties":{"tract_id":"06037621201","population":7601,"density_per_sqkm":3221.4041905530266,"lng":-118.38011111905016,"lat":33.848566928541125}},{"type":"Feature","geometry":{"type":"Point","coordinates":[-118.63385156789921,34.202742524691274]},"properties":{"tract_id":"06037134422","population":4933,"density_per_sqkm":1189.0717128070085,"lng":-118.63385156789921,"lat":34.202742524691274}},{"type":"Feature","geometry":{"type":"Point","coordinates":[-118.59961724381415,34.19719802436042]},"properties":{"tract_id":"06037134520","population":5263,"density_per_sqkm":5434.257296071055,"lng":-118.59961724381415,"lat":34.19719802436042}},{"type":"Feature","geometry":{"type":"Point","coordinates":[-118.38700228816838,34.14538100002734]},"properties":{"tract_id":"06037143602","population":4734,"density_per_sqkm":2451.5376325926663,"lng":-118.38700228816838,"lat":34.14538100002734}},{"type":"Feature","geometry":{"type":"Point","coordinates":[-118.42154375503692,34.11881584827197]},"properties":{"tract_id":"06037261102","population":3502,"density_per_sqkm":258.06189301182326,"lng":-118.42154375503692,"lat":34.11881584827197}},{"type":"Feature","geometry":{"type":"Point","coordinates":[-118.39601099312394,34.12786674553167]},"properties":{"tract_id":"06037143901","population":4222,"density_per_sqkm":383.5167629521743,"lng":-118.39601099312394,"lat":34.12786674553167}},{"type":"Feature","geometry":{"type":"Point","coordinates":[-118.55554660034987,34.143201029182684]},"properties":{"tract_id":"06037139802","population":3887,"density_per_sqkm":338.38072669569766,"lng":-118.55554660034987,"lat":34.143201029182684}},{"type":"Feature","geometry":{"type":"Point","coordinates":[-118.37557631817917,34.20381845454045]},"properties":{"tract_id":"06037123010","population":3948,"density_per_sqkm":3619.2513302530697,"lng":-118.37557631817917,"lat":34.20381845454045}},{"type":"Feature","geometry":{"type":"Point","coordinates":[-118.56939112000995,34.20403943997296]},"properties":{"tract_id":"06037134720","population":5195,"density_per_sqkm":5244.445930932825,"lng":-118.56939112000995,"lat":34.20403943997296}},{"type":"Feature","geometry":{"type":"Point","coordinates":[-118.65191789362349,34.227135482277056]},"properties":{"tract_id":"06037113231","population":2161,"density_per_sqkm":264.28581498980736,"lng":-118.65191789362349,"lat":34.227135482277056}},{"type":"Feature","geometry":{"type":"Point","coordinates":[-118.35414375468365,34.067355169827884]},"properties":{"tract_id":"06037214503","population":3302,"density_per_sqkm":7777.218392527243,"lng":-118.35414375468365,"lat":34.067355169827884}},{"type":"Feature","geometry":{"type":"Point","coordinates":[-118.32861242861972,33.98126166662621]},"properties":{"tract_id":"06037234901","population":2954,"density_per_sqkm":8977.263553735593,"lng":-118.32861242861972,"lat":33.98126166662621}},{"type":"Feature","geometry":{"type":"Point","coordinates":[-118.53367728196044,34.1744763846063]},"properties":{"tract_id":"06037139303","population":4556,"density_per_sqkm":9760.32956143297,"lng":-118.53367728196044,"lat":34.1744763846063}},{"type":"Feature","geometry":{"type":"Point","coordinates":[-118.42232037504876,34.197788041550375]},"properties":{"tract_id":"06037123410","population":3503,"density_per_sqkm":5522.044591378971,"lng":-118.42232037504876,"lat":34.197788041550375}},{"type":"Feature","geometry":{"type":"Point","coordinates":[-118.46322032611752,34.21853230429152]},"properties":{"tract_id":"06037120010","population":2700,"density_per_sqkm":3514.555661075079,"lng":-118.46322032611752,"lat":34.21853230429152}},{"type":"Feature","geometry":{"type":"Point","coordinates":[-118.46143286961367,34.23383199993956]},"properties":{"tract_id":"06037117510","population":3807,"density_per_sqkm":10358.150182025485,"lng":-118.46143286961367,"lat":34.23383199993956}},{"type":"Feature","geometry":{"type":"Point","coordinates":[-118.32017433335106,34.04403320002051]},"properties":{"tract_id":"06037218120","population":3684,"density_per_sqkm":7823.592156325011,"lng":-118.32017433335106,"lat":34.04403320002051}},{"type":"Feature","geometry":{"type":"Point","coordinates":[-118.37747046428466,34.102488190474524]},"properties":{"tract_id":"06037194200","population":3440,"density_per_sqkm":808.4559664700761,"lng":-118.37747046428466,"lat":34.102488190474524}},{"type":"Feature","geometry":{"type":"Point","coordinates":[-118.63763012858027,34.18904261429711]},"properties":{"tract_id":"06037135202","population":4625,"density_per_sqkm":2361.313614075576,"lng":-118.63763012858027,"lat":34.18904261429711}},{"type":"Feature","geometry":{"type":"Point","coordinates":[-118.34033186956674,34.000254331514526]},"properties":{"tract_id":"06037703200","population":5555,"density_per_sqkm":1540.721649166842,"lng":-118.34033186956674,"lat":34.000254331514526}},{"type":"Feature","geometry":{"type":"Point","coordinates":[-118.35101769490652,34.00532689263996]},"properties":{"tract_id":"06037236400","population":4551,"density_per_sqkm":1428.7976904697418,"lng":-118.35101769490652,"lat":34.00532689263996}},{"type":"Feature","geometry":{"type":"Point","coordinates":[-118.4318613999984,34.14721910528503]},"properties":{"tract_id":"06037141102","population":2961,"density_per_sqkm":2053.4377536837555,"lng":-118.4318613999984,"lat":34.14721910528503}},{"type":"Feature","geometry":{"type":"Point","coordinates":[-118.44268621054735,34.15398473679884]},"properties":{"tract_id":"06037141201","population":3960,"density_per_sqkm":4016.502230758335,"lng":-118.44268621054735,"lat":34.15398473679884}},{"type":"Feature","geometry":{"type":"Point","coordinates":[-118.4427722285807,34.145450792882194]},"properties":{"tract_id":"06037141202","population":2958,"density_per_sqkm":2652.9318937434496,"lng":-118.4427722285807,"lat":34.145450792882194}},{"type":"Feature","geometry":{"type":"Point","coordinates":[-118.45451615304357,34.14889734693855]},"properties":{"tract_id":"06037141304","population":3011,"density_per_sqkm":2306.658359585618,"lng":-118.45451615304357,"lat":34.14889734693855}},{"type":"Feature","geometry":{"type":"Point","coordinates":[-118.37199080002941,34.14460802665907]},"properties":{"tract_id":"06037143603","population":2459,"density_per_sqkm":2411.0247307784944,"lng":-118.37199080002941,"lat":34.14460802665907}},{"type":"Feature","geometry":{"type":"Point","coordinates":[-118.41622020839336,34.21770418331445]},"properties":{"tract_id":"06037122000","population":5034,"density_per_sqkm":878.1317390360898,"lng":-118.41622020839336,"lat":34.21770418331445}},{"type":"Feature","geometry":{"type":"Point","coordinates":[-118.37174245941497,34.21119659457303]},"properties":{"tract_id":"06037122120","population":4692,"density_per_sqkm":5346.839060969368,"lng":-118.37174245941497,"lat":34.21119659457303}},{"type":"Feature","geometry":{"type":"Point","coordinates":[-118.3584513976929,34.2148607954848]},"properties":{"tract_id":"06037122200","population":3884,"density_per_sqkm":1335.10126158062,"lng":-118.3584513976929,"lat":34.2148607954848}},{"type":"Feature","geometry":{"type":"Point","coordinates":[-118.36517303450327,34.204808137916565]},"properties":{"tract_id":"06037123020","population":2634,"density_per_sqkm":4368.233749890586,"lng":-118.36517303450327,"lat":34.204808137916565}},{"type":"Feature","geometry":{"type":"Point","coordinates":[-118.36432568884231,34.18943377778368]},"properties":{"tract_id":"06037123103","population":3917,"density_per_sqkm":3162.1063863717573,"lng":-118.36432568884231,"lat":34.18943377778368}},{"type":"Feature","geometry":{"type":"Point","coordinates":[-118.40562455067415,34.237691144949395]},"properties":{"tract_id":"06037121210","population":2922,"density_per_sqkm":769.6388655929654,"lng":-118.40562455067415,"lat":34.237691144949395}},{"type":"Feature","geometry":{"type":"Point","coordinates":[-118.41045358932567,34.2104235535592]},"properties":{"tract_id":"06037121600","population":2635,"density_per_sqkm":1505.5120056677672,"lng":-118.41045358932567,"lat":34.2104235535592}},{"type":"Feature","geometry":{"type":"Point","coordinates":[-118.40590330159185,34.16237836506609]},"properties":{"tract_id":"06037124000","population":4432,"density_per_sqkm":2440.238431236116,"lng":-118.40590330159185,"lat":34.16237836506609}},{"type":"Feature","geometry":{"type":"Point","coordinates":[-118.38314623525932,34.17580629417117]},"properties":{"tract_id":"06037124102","population":3650,"density_per_sqkm":5628.627853760737,"lng":-118.38314623525932,"lat":34.17580629417117}},{"type":"Feature","geometry":{"type":"Point","coordinates":[-118.37457180553442,34.184024444493964]},"properties":{"tract_id":"06037124201","population":3837,"density_per_sqkm":3950.238287328223,"lng":-118.37457180553442,"lat":34.184024444493964}},{"type":"Feature","geometry":{"type":"Point","coordinates":[-118.36463485372816,34.17590195125182]},"properties":{"tract_id":"06037124300","population":2964,"density_per_sqkm":3187.6443829710424,"lng":-118.36463485372816,"lat":34.17590195125182}},{"type":"Feature","geometry":{"type":"Point","coordinates":[-118.40967398120166,34.17337501885523]},"properties":{"tract_id":"06037124400","population":4582,"density_per_sqkm":4524.565293920745,"lng":-118.40967398120166,"lat":34.17337501885523}},{"type":"Feature","geometry":{"type":"Point","coordinates":[-118.42677374478396,34.16052527658443]},"properties":{"tract_id":"06037124600","population":2608,"density_per_sqkm":2281.5247923548054,"lng":-118.42677374478396,"lat":34.16052527658443}},{"type":"Feature","geometry":{"type":"Point","coordinates":[-118.328655267864,33.85436385713682]},"properties":{"tract_id":"06037980005","population":0,"density_per_sqkm":0,"lng":-118.328655267864,"lat":33.85436385713682}},{"type":"Feature","geometry":{"type":"Point","coordinates":[-118.38186321923911,34.22123730133226]},"properties":{"tract_id":"06037121900","population":3314,"density_per_sqkm":1438.4014336389387,"lng":-118.38186321923911,"lat":34.22123730133226}},{"type":"Feature","geometry":{"type":"Point","coordinates":[-118.38790197414394,33.97283826725027]},"properties":{"tract_id":"06037276000","population":6609,"density_per_sqkm":1651.9315836032147,"lng":-118.38790197414394,"lat":33.97283826725027}},{"type":"Feature","geometry":{"type":"Point","coordinates":[-118.4081494036708,33.94497361212739]},"properties":{"tract_id":"06037980028","population":0,"density_per_sqkm":0,"lng":-118.4081494036708,"lat":33.94497361212739}},{"type":"Feature","geometry":{"type":"Point","coordinates":[-118.4111187547326,33.909334245274735]},"properties":{"tract_id":"06037980030","population":0,"density_per_sqkm":0,"lng":-118.4111187547326,"lat":33.909334245274735}},{"type":"Feature","geometry":{"type":"Point","coordinates":[-118.37466512053255,34.00126649550819]},"properties":{"tract_id":"06037980038","population":0,"density_per_sqkm":0,"lng":-118.37466512053255,"lat":34.00126649550819}},{"type":"Feature","geometry":{"type":"Point","coordinates":[-118.40861934092116,33.966382522807066]},"properties":{"tract_id":"06037276400","population":4388,"density_per_sqkm":2788.085702614472,"lng":-118.40861934092116,"lat":33.966382522807066}},{"type":"Feature","geometry":{"type":"Point","coordinates":[-118.42042386669799,33.964866577880656]},"properties":{"tract_id":"06037276500","population":5617,"density_per_sqkm":2986.2895339240144,"lng":-118.42042386669799,"lat":33.964866577880656}},{"type":"Feature","geometry":{"type":"Point","coordinates":[-118.35425862130474,34.137386230786866]},"properties":{"tract_id":"06037980039","population":0,"density_per_sqkm":0,"lng":-118.35425862130474,"lat":34.137386230786866}},{"type":"Feature","geometry":{"type":"Point","coordinates":[-118.63070702988384,34.23432761941338]},"properties":{"tract_id":"06037980023","population":0,"density_per_sqkm":0,"lng":-118.63070702988384,"lat":34.23432761941338}},{"type":"Feature","geometry":{"type":"Point","coordinates":[-118.37410112498354,33.94963830350455]},"properties":{"tract_id":"06037277400","population":0,"density_per_sqkm":0,"lng":-118.37410112498354,"lat":33.94963830350455}},{"type":"Feature","geometry":{"type":"Point","coordinates":[-118.30488617641494,33.89853411769571]},"properties":{"tract_id":"06037603005","population":6482,"density_per_sqkm":9942.21492816589,"lng":-118.30488617641494,"lat":33.89853411769571}},{"type":"Feature","geometry":{"type":"Point","coordinates":[-118.35676664292369,33.88410887500658]},"properties":{"tract_id":"06037604001","population":5151,"density_per_sqkm":7722.034830575203,"lng":-118.35676664292369,"lat":33.88410887500658}},{"type":"Feature","geometry":{"type":"Point","coordinates":[-118.3282547331687,34.11400168912248]},"properties":{"tract_id":"06037189600","population":3693,"density_per_sqkm":1818.9004851623836,"lng":-118.3282547331687,"lat":34.11400168912248}},{"type":"Feature","geometry":{"type":"Point","coordinates":[-118.32205913482596,34.12100432865318]},"properties":{"tract_id":"06037189400","population":3017,"density_per_sqkm":1257.5858887989523,"lng":-118.32205913482596,"lat":34.12100432865318}},{"type":"Feature","geometry":{"type":"Point","coordinates":[-118.32995487646495,34.242552891156016]},"properties":{"tract_id":"06037102107","population":3577,"density_per_sqkm":119.64701416604744,"lng":-118.32995487646495,"lat":34.242552891156016}},{"type":"Feature","geometry":{"type":"Point","coordinates":[-118.40752252169982,33.87987408698678]},"properties":{"tract_id":"06037620904","population":2773,"density_per_sqkm":1637.0141936135724,"lng":-118.40752252169982,"lat":33.87987408698678}},{"type":"Feature","geometry":{"type":"Point","coordinates":[-118.33803906252302,33.87615345837466]},"properties":{"tract_id":"06037650003","population":3057,"density_per_sqkm":4219.627260219836,"lng":-118.33803906252302,"lat":33.87615345837466}},{"type":"Feature","geometry":{"type":"Point","coordinates":[-118.61214283125807,34.157301970483886]},"properties":{"tract_id":"06037137401","population":4567,"density_per_sqkm":1182.9868399812294,"lng":-118.61214283125807,"lat":34.157301970483886}},{"type":"Feature","geometry":{"type":"Point","coordinates":[-118.47278610526261,34.15632757893072]},"properties":{"tract_id":"06037141400","population":5019,"density_per_sqkm":1851.4521815915805,"lng":-118.47278610526261,"lat":34.15632757893072}},{"type":"Feature","geometry":{"type":"Point","coordinates":[-118.62305283357728,34.132731790162104]},"properties":{"tract_id":"06037800101","population":5734,"density_per_sqkm":361.612789116326,"lng":-118.62305283357728,"lat":34.132731790162104}},{"type":"Feature","geometry":{"type":"Point","coordinates":[-118.7130940931121,34.15301641176585]},"properties":{"tract_id":"06037800328","population":1217,"density_per_sqkm":97.09505698462672,"lng":-118.7130940931121,"lat":34.15301641176585}},{"type":"Feature","geometry":{"type":"Point","coordinates":[-118.30411652622412,34.10022726307718]},"properties":{"tract_id":"06037190520","population":3617,"density_per_sqkm":14765.239400281902,"lng":-118.30411652622412,"lat":34.10022726307718}},{"type":"Feature","geometry":{"type":"Point","coordinates":[-118.31942082139605,34.09495175003216]},"properties":{"tract_id":"06037190902","population":3754,"density_per_sqkm":7669.344494186306,"lng":-118.31942082139605,"lat":34.09495175003216}},{"type":"Feature","geometry":{"type":"Point","coordinates":[-118.32154603947153,34.1023225789801]},"properties":{"tract_id":"06037191000","population":5141,"density_per_sqkm":5762.439425245645,"lng":-118.32154603947153,"lat":34.1023225789801}},{"type":"Feature","geometry":{"type":"Point","coordinates":[-118.30465630762865,34.0962132692586]},"properties":{"tract_id":"06037191110","population":3584,"density_per_sqkm":12427.699163582756,"lng":-118.30465630762865,"lat":34.0962132692586}},{"type":"Feature","geometry":{"type":"Point","coordinates":[-118.3059271951066,34.09291809758915]},"properties":{"tract_id":"06037191120","population":3892,"density_per_sqkm":9817.633331796262,"lng":-118.3059271951066,"lat":34.09291809758915}},{"type":"Feature","geometry":{"type":"Point","coordinates":[-118.62020089449369,34.15489813568754]},"properties":{"tract_id":"06037137402","population":5663,"density_per_sqkm":991.1274254824082,"lng":-118.62020089449369,"lat":34.15489813568754}},{"type":"Feature","geometry":{"type":"Point","coordinates":[-118.30594597868574,34.08650248935974]},"properties":{"tract_id":"06037191610","population":3999,"density_per_sqkm":6168.94500726866,"lng":-118.30594597868574,"lat":34.08650248935974}},{"type":"Feature","geometry":{"type":"Point","coordinates":[-118.30363259994145,34.08847905710425]},"properties":{"tract_id":"06037191620","population":2768,"density_per_sqkm":7207.200138419794,"lng":-118.30363259994145,"lat":34.08847905710425}},{"type":"Feature","geometry":{"type":"Point","coordinates":[-118.31572710423326,34.085695812499715]},"properties":{"tract_id":"06037191710","population":2670,"density_per_sqkm":2745.7557853535277,"lng":-118.31572710423326,"lat":34.085695812499715}},{"type":"Feature","geometry":{"type":"Point","coordinates":[-118.3274376206796,34.084984931045206]},"properties":{"tract_id":"06037191820","population":3803,"density_per_sqkm":9319.795538296217,"lng":-118.3274376206796,"lat":34.084984931045206}},{"type":"Feature","geometry":{"type":"Point","coordinates":[-118.31318606058305,34.10028615150369]},"properties":{"tract_id":"06037190510","population":3974,"density_per_sqkm":10987.34620892812,"lng":-118.31318606058305,"lat":34.10028615150369}},{"type":"Feature","geometry":{"type":"Point","coordinates":[-118.3055420907424,34.05588572731417]},"properties":{"tract_id":"06037212501","population":1898,"density_per_sqkm":23750.536669582652,"lng":-118.3055420907424,"lat":34.05588572731417}},{"type":"Feature","geometry":{"type":"Point","coordinates":[-118.42056846295644,33.901877925911144]},"properties":{"tract_id":"06037620201","population":1603,"density_per_sqkm":1767.8688800561486,"lng":-118.42056846295644,"lat":33.901877925911144}},{"type":"Feature","geometry":{"type":"Point","coordinates":[-118.53308977140075,34.24616557137711]},"properties":{"tract_id":"06037115203","population":2236,"density_per_sqkm":2319.050570822571,"lng":-118.53308977140075,"lat":34.24616557137711}},{"type":"Feature","geometry":{"type":"Point","coordinates":[-118.47979490769688,34.0750494061399]},"properties":{"tract_id":"06037262302","population":2839,"density_per_sqkm":376.767157130914,"lng":-118.47979490769688,"lat":34.0750494061399}},{"type":"Feature","geometry":{"type":"Point","coordinates":[-118.31301367858647,34.01466303578598]},"properties":{"tract_id":"06037231400","population":5195,"density_per_sqkm":8341.897702122975,"lng":-118.31301367858647,"lat":34.01466303578598}},{"type":"Feature","geometry":{"type":"Point","coordinates":[-118.56603720838004,34.28172292360314]},"properties":{"tract_id":"06037108204","population":1780,"density_per_sqkm":509.693303063572,"lng":-118.56603720838004,"lat":34.28172292360314}},{"type":"Feature","geometry":{"type":"Point","coordinates":[-118.32994466304991,33.8979148586433]},"properties":{"tract_id":"06037603706","population":3366,"density_per_sqkm":5293.312118197369,"lng":-118.32994466304991,"lat":33.8979148586433}},{"type":"Feature","geometry":{"type":"Point","coordinates":[-118.45202733303557,34.23345244441634]},"properties":{"tract_id":"06037119340","population":3905,"density_per_sqkm":31845.227293363336,"lng":-118.45202733303557,"lat":34.23345244441634}},{"type":"Feature","geometry":{"type":"Point","coordinates":[-118.33469566665372,33.98179922227657]},"properties":{"tract_id":"06037234902","population":4558,"density_per_sqkm":7922.000460215532,"lng":-118.33469566665372,"lat":33.98179922227657}},{"type":"Feature","geometry":{"type":"Point","coordinates":[-118.34689948681999,34.01741265790275]},"properties":{"tract_id":"06037236203","population":3727,"density_per_sqkm":4626.663468723408,"lng":-118.34689948681999,"lat":34.01741265790275}},{"type":"Feature","geometry":{"type":"Point","coordinates":[-118.34923275344104,34.01471579451417]},"properties":{"tract_id":"06037236204","population":2968,"density_per_sqkm":8365.22657055703,"lng":-118.34923275344104,"lat":34.01471579451417}},{"type":"Feature","geometry":{"type":"Point","coordinates":[-118.31092918870814,33.98538133965626]},"properties":{"tract_id":"06037237202","population":4653,"density_per_sqkm":4075.3611989308147,"lng":-118.31092918870814,"lat":33.98538133965626}},{"type":"Feature","geometry":{"type":"Point","coordinates":[-118.34042980283253,33.89762088729824]},"properties":{"tract_id":"06037603703","population":2542,"density_per_sqkm":3700.9523767231135,"lng":-118.34042980283253,"lat":33.89762088729824}},{"type":"Feature","geometry":{"type":"Point","coordinates":[-118.46587047626751,34.05212995242199]},"properties":{"tract_id":"06037264303","population":2706,"density_per_sqkm":6523.263957207495,"lng":-118.46587047626751,"lat":34.05212995242199}},{"type":"Feature","geometry":{"type":"Point","coordinates":[-118.35425939286343,34.050622821523355]},"properties":{"tract_id":"06037217102","population":2667,"density_per_sqkm":3391.908360529517,"lng":-118.35425939286343,"lat":34.050622821523355}},{"type":"Feature","geometry":{"type":"Point","coordinates":[-118.43850403991128,34.0516596400174]},"properties":{"tract_id":"06037265523","population":2180,"density_per_sqkm":3470.166062598846,"lng":-118.43850403991128,"lat":34.0516596400174}},{"type":"Feature","geometry":{"type":"Point","coordinates":[-118.3629598056031,34.05396422230453]},"properties":{"tract_id":"06037216902","population":2227,"density_per_sqkm":3167.269889891285,"lng":-118.3629598056031,"lat":34.05396422230453}},{"type":"Feature","geometry":{"type":"Point","coordinates":[-118.34825205174397,34.055194086226074]},"properties":{"tract_id":"06037216202","population":2472,"density_per_sqkm":3335.0544419820567,"lng":-118.34825205174397,"lat":34.055194086226074}},{"type":"Feature","geometry":{"type":"Point","coordinates":[-118.44198378125975,34.05571443746063]},"properties":{"tract_id":"06037265522","population":2086,"density_per_sqkm":5126.562575126374,"lng":-118.44198378125975,"lat":34.05571443746063}},{"type":"Feature","geometry":{"type":"Point","coordinates":[-118.35749064153129,34.058422471752614]},"properties":{"tract_id":"06037216302","population":3214,"density_per_sqkm":2812.0160591941994,"lng":-118.35749064153129,"lat":34.058422471752614}},{"type":"Feature","geometry":{"type":"Point","coordinates":[-118.34797008572072,34.05931774282635]},"properties":{"tract_id":"06037216201","population":2510,"density_per_sqkm":3868.1301692414086,"lng":-118.34797008572072,"lat":34.05931774282635}},{"type":"Feature","geometry":{"type":"Point","coordinates":[-118.45036333337906,34.063077462958304]},"properties":{"tract_id":"06037265307","population":2190,"density_per_sqkm":3533.9008146991,"lng":-118.45036333337906,"lat":34.063077462958304}},{"type":"Feature","geometry":{"type":"Point","coordinates":[-118.35250167241017,34.0692995172035]},"properties":{"tract_id":"06037214505","population":1469,"density_per_sqkm":4413.697352002323,"lng":-118.35250167241017,"lat":34.0692995172035}},{"type":"Feature","geometry":{"type":"Point","coordinates":[-118.42581891226237,34.06447563157888]},"properties":{"tract_id":"06037265702","population":2993,"density_per_sqkm":4548.804014814103,"lng":-118.42581891226237,"lat":34.06447563157888}},{"type":"Feature","geometry":{"type":"Point","coordinates":[-118.44884529273973,34.065711243893226]},"properties":{"tract_id":"06037265306","population":1788,"density_per_sqkm":10259.839492799218,"lng":-118.44884529273973,"lat":34.065711243893226}},{"type":"Feature","geometry":{"type":"Point","coordinates":[-118.35112008697524,34.06762436959024]},"properties":{"tract_id":"06037214504","population":3532,"density_per_sqkm":12113.913611611832,"lng":-118.35112008697524,"lat":34.06762436959024}},{"type":"Feature","geometry":{"type":"Point","coordinates":[-118.38881109087782,34.07362145460131]},"properties":{"tract_id":"06037214903","population":1507,"density_per_sqkm":8391.468708535614,"lng":-118.38881109087782,"lat":34.07362145460131}},{"type":"Feature","geometry":{"type":"Point","coordinates":[-118.3858373125532,34.073983875046146]},"properties":{"tract_id":"06037214904","population":1390,"density_per_sqkm":7688.137698250018,"lng":-118.3858373125532,"lat":34.073983875046146}},{"type":"Feature","geometry":{"type":"Point","coordinates":[-118.63659607479399,34.08991670128189]},"properties":{"tract_id":"06037800104","population":3665,"density_per_sqkm":47.44328153772246,"lng":-118.63659607479399,"lat":34.08991670128189}},{"type":"Feature","geometry":{"type":"Point","coordinates":[-118.35547539282413,34.046674321437095]},"properties":{"tract_id":"06037217101","population":2518,"density_per_sqkm":3825.481328007306,"lng":-118.35547539282413,"lat":34.046674321437095}},{"type":"Feature","geometry":{"type":"Point","coordinates":[-118.49288655146145,34.2115057647155]},"properties":{"tract_id":"06037980008","population":110,"density_per_sqkm":16.677261687884158,"lng":-118.49288655146145,"lat":34.2115057647155}},{"type":"Feature","geometry":{"type":"Point","coordinates":[-118.4467750059256,33.958920627211015]},"properties":{"tract_id":"06037278102","population":3116,"density_per_sqkm":315.81235111726244,"lng":-118.4467750059256,"lat":33.958920627211015}},{"type":"Feature","geometry":{"type":"Point","coordinates":[-118.29420937881368,34.24297496967774]},"properties":{"tract_id":"06037101400","population":3490,"density_per_sqkm":280.81943565686214,"lng":-118.29420937881368,"lat":34.24297496967774}},{"type":"Feature","geometry":{"type":"Point","coordinates":[-118.48175679150316,34.13889566078646]},"properties":{"tract_id":"06037141500","population":3017,"density_per_sqkm":510.14617594330963,"lng":-118.48175679150316,"lat":34.13889566078646}},{"type":"Feature","geometry":{"type":"Point","coordinates":[-118.35308244566995,34.22323519563192]},"properties":{"tract_id":"06037102103","population":1834,"density_per_sqkm":900.6798774356031,"lng":-118.35308244566995,"lat":34.22323519563192}},{"type":"Feature","geometry":{"type":"Point","coordinates":[-118.4312195217051,34.27523251085478]},"properties":{"tract_id":"06037104310","population":4392,"density_per_sqkm":1103.9962602678324,"lng":-118.4312195217051,"lat":34.27523251085478}},{"type":"Feature","geometry":{"type":"Point","coordinates":[-118.43346573331783,34.26799475555039]},"properties":{"tract_id":"06037104401","population":2977,"density_per_sqkm":1766.2154234601662,"lng":-118.43346573331783,"lat":34.26799475555039}},{"type":"Feature","geometry":{"type":"Point","coordinates":[-118.37938452375874,34.07367985713493]},"properties":{"tract_id":"06037214902","population":2444,"density_per_sqkm":4044.0810385982627,"lng":-118.37938452375874,"lat":34.07367985713493}},{"type":"Feature","geometry":{"type":"Point","coordinates":[-118.32543446005332,33.99744517998622]},"properties":{"tract_id":"06037234501","population":2901,"density_per_sqkm":3698.3116663689116,"lng":-118.32543446005332,"lat":33.99744517998622}},{"type":"Feature","geometry":{"type":"Point","coordinates":[-118.3269817400738,34.001986279993304]},"properties":{"tract_id":"06037234502","population":2772,"density_per_sqkm":4791.44340330196,"lng":-118.3269817400738,"lat":34.001986279993304}},{"type":"Feature","geometry":{"type":"Point","coordinates":[-118.43662878865645,34.067297243919434]},"properties":{"tract_id":"06037265201","population":2615,"density_per_sqkm":2531.2931059284565,"lng":-118.43662878865645,"lat":34.067297243919434}},{"type":"Feature","geometry":{"type":"Point","coordinates":[-118.40313490791449,33.999751828948376]},"properties":{"tract_id":"06037275101","population":979,"density_per_sqkm":1170.262354876869,"lng":-118.40313490791449,"lat":33.999751828948376}},{"type":"Feature","geometry":{"type":"Point","coordinates":[-118.30150212942591,33.920275741170705]},"properties":{"tract_id":"06037602802","population":4637,"density_per_sqkm":3395.9204252050868,"lng":-118.30150212942591,"lat":33.920275741170705}},{"type":"Feature","geometry":{"type":"Point","coordinates":[-118.30430432356269,33.89059191177965]},"properties":{"tract_id":"06037603006","population":1864,"density_per_sqkm":2543.028717967605,"lng":-118.30430432356269,"lat":33.89059191177965}},{"type":"Feature","geometry":{"type":"Point","coordinates":[-118.34877413632313,33.89898322730624]},"properties":{"tract_id":"06037603801","population":4827,"density_per_sqkm":7062.937549026747,"lng":-118.34877413632313,"lat":33.89898322730624}},{"type":"Feature","geometry":{"type":"Point","coordinates":[-118.35245745586188,34.09229507354506]},"properties":{"tract_id":"06037700101","population":5329,"density_per_sqkm":7656.149607804026,"lng":-118.35245745586188,"lat":34.09229507354506}},{"type":"Feature","geometry":{"type":"Point","coordinates":[-118.38867453997847,34.088375250001015]},"properties":{"tract_id":"06037700501","population":4187,"density_per_sqkm":2569.741316705926,"lng":-118.38867453997847,"lat":34.088375250001015}},{"type":"Feature","geometry":{"type":"Point","coordinates":[-118.38036168747651,34.090309140659215]},"properties":{"tract_id":"06037700502","population":3858,"density_per_sqkm":5103.287851112861,"lng":-118.38036168747651,"lat":34.090309140659215}},{"type":"Feature","geometry":{"type":"Point","coordinates":[-118.39720693650395,34.07212975394364]},"properties":{"tract_id":"06037700801","population":3858,"density_per_sqkm":1294.7452437093423,"lng":-118.39720693650395,"lat":34.07212975394364}},{"type":"Feature","geometry":{"type":"Point","coordinates":[-118.3805813516065,34.068589131837484]},"properties":{"tract_id":"06037700802","population":4036,"density_per_sqkm":2877.058107556545,"lng":-118.3805813516065,"lat":34.068589131837484}},{"type":"Feature","geometry":{"type":"Point","coordinates":[-118.50046363232858,34.02131345587607]},"properties":{"tract_id":"06037701402","population":6179,"density_per_sqkm":2777.2160190842533,"lng":-118.50046363232858,"lat":34.02131345587607}},{"type":"Feature","geometry":{"type":"Point","coordinates":[-118.4261007406114,34.25574211113809]},"properties":{"tract_id":"06037104500","population":3301,"density_per_sqkm":2245.0159703663053,"lng":-118.4261007406114,"lat":34.25574211113809}},{"type":"Feature","geometry":{"type":"Point","coordinates":[-118.41891292862145,34.261134428620906]},"properties":{"tract_id":"06037104610","population":3122,"density_per_sqkm":2015.0156516809348,"lng":-118.41891292862145,"lat":34.261134428620906}},{"type":"Feature","geometry":{"type":"Point","coordinates":[-118.42271782597876,34.25760608698463]},"properties":{"tract_id":"06037104620","population":3528,"density_per_sqkm":2399.49086388718,"lng":-118.42271782597876,"lat":34.25760608698463}},{"type":"Feature","geometry":{"type":"Point","coordinates":[-118.41583820678458,34.26811686210755]},"properties":{"tract_id":"06037104701","population":3891,"density_per_sqkm":2743.177933852069,"lng":-118.41583820678458,"lat":34.26811686210755}},{"type":"Feature","geometry":{"type":"Point","coordinates":[-118.42666497063294,34.21975924996574]},"properties":{"tract_id":"06037119700","population":4269,"density_per_sqkm":1389.6679838043092,"lng":-118.42666497063294,"lat":34.21975924996574}},{"type":"Feature","geometry":{"type":"Point","coordinates":[-118.44204904595856,34.22943391953528]},"properties":{"tract_id":"06037119900","population":4521,"density_per_sqkm":2804.011934271606,"lng":-118.44204904595856,"lat":34.22943391953528}},{"type":"Feature","geometry":{"type":"Point","coordinates":[-118.45623823076893,34.21776546150171]},"properties":{"tract_id":"06037120020","population":4359,"density_per_sqkm":4614.972314004356,"lng":-118.45623823076893,"lat":34.21776546150171}},{"type":"Feature","geometry":{"type":"Point","coordinates":[-118.45148957692187,34.214956576968085]},"properties":{"tract_id":"06037120030","population":2614,"density_per_sqkm":6212.149703710374,"lng":-118.45148957692187,"lat":34.214956576968085}},{"type":"Feature","geometry":{"type":"Point","coordinates":[-118.4150779709807,34.160732898569236]},"properties":{"tract_id":"06037124700","population":5409,"density_per_sqkm":2596.746076499536,"lng":-118.4150779709807,"lat":34.160732898569236}},{"type":"Feature","geometry":{"type":"Point","coordinates":[-118.38380540586361,34.1648071304252]},"properties":{"tract_id":"06037125200","population":3889,"density_per_sqkm":2984.64786520706,"lng":-118.38380540586361,"lat":34.1648071304252}},{"type":"Feature","geometry":{"type":"Point","coordinates":[-118.31136966660902,34.08068166666678]},"properties":{"tract_id":"06037192420","population":3564,"density_per_sqkm":10913.346959833782,"lng":-118.31136966660902,"lat":34.08068166666678}},{"type":"Feature","geometry":{"type":"Point","coordinates":[-118.31253059374572,34.04159331252453]},"properties":{"tract_id":"06037221302","population":3681,"density_per_sqkm":7897.442453237699,"lng":-118.31253059374572,"lat":34.04159331252453}},{"type":"Feature","geometry":{"type":"Point","coordinates":[-118.3121930606358,34.00762851512343]},"properties":{"tract_id":"06037231500","population":5135,"density_per_sqkm":5581.313552056217,"lng":-118.3121930606358,"lat":34.00762851512343}},{"type":"Feature","geometry":{"type":"Point","coordinates":[-118.38049647825055,34.08046099999157]},"properties":{"tract_id":"06037700400","population":4680,"density_per_sqkm":1798.219336781239,"lng":-118.38049647825055,"lat":34.08046099999157}},{"type":"Feature","geometry":{"type":"Point","coordinates":[-118.32918522412687,34.07864893102595]},"properties":{"tract_id":"06037192300","population":2594,"density_per_sqkm":2708.0677463413867,"lng":-118.32918522412687,"lat":34.07864893102595}},{"type":"Feature","geometry":{"type":"Point","coordinates":[-118.40479647760928,33.92045110451879]},"properties":{"tract_id":"06037620002","population":3637,"density_per_sqkm":2791.0604444658074,"lng":-118.40479647760928,"lat":33.92045110451879}},{"type":"Feature","geometry":{"type":"Point","coordinates":[-118.41910301962785,33.92606301960179]},"properties":{"tract_id":"06037620101","population":5482,"density_per_sqkm":3955.7720235081288,"lng":-118.41910301962785,"lat":33.92606301960179}},{"type":"Feature","geometry":{"type":"Point","coordinates":[-118.4169598450332,33.920537478881705]},"properties":{"tract_id":"06037620102","population":3624,"density_per_sqkm":3168.904808469695,"lng":-118.4169598450332,"lat":33.920537478881705}},{"type":"Feature","geometry":{"type":"Point","coordinates":[-118.31490973958297,33.867251250038805]},"properties":{"tract_id":"06037650101","population":5532,"density_per_sqkm":2398.217188941347,"lng":-118.31490973958297,"lat":33.867251250038805}},{"type":"Feature","geometry":{"type":"Point","coordinates":[-118.33240448337808,33.86971640002523]},"properties":{"tract_id":"06037650102","population":2154,"density_per_sqkm":1668.6230475502505,"lng":-118.33240448337808,"lat":33.86971640002523}},{"type":"Feature","geometry":{"type":"Point","coordinates":[-118.33201943313469,33.864420235659914]},"properties":{"tract_id":"06037650200","population":6056,"density_per_sqkm":955.3416413451914,"lng":-118.33201943313469,"lat":33.864420235659914}},{"type":"Feature","geometry":{"type":"Point","coordinates":[-118.6110058349468,34.227821242733675]},"properties":{"tract_id":"06037113232","population":4596,"density_per_sqkm":1230.5297649628287,"lng":-118.6110058349468,"lat":34.227821242733675}},{"type":"Feature","geometry":{"type":"Point","coordinates":[-118.59235422226811,34.22693960310405]},"properties":{"tract_id":"06037113234","population":5653,"density_per_sqkm":3358.0340947293726,"lng":-118.59235422226811,"lat":34.22693960310405}},{"type":"Feature","geometry":{"type":"Point","coordinates":[-118.37865961604874,33.836295592019624]},"properties":{"tract_id":"06037621301","population":7160,"density_per_sqkm":3621.5416718270385,"lng":-118.37865961604874,"lat":33.836295592019624}},{"type":"Feature","geometry":{"type":"Point","coordinates":[-118.31880185520906,33.878632223705324]},"properties":{"tract_id":"06037650001","population":5807,"density_per_sqkm":3051.936696978494,"lng":-118.31880185520906,"lat":33.878632223705324}},{"type":"Feature","geometry":{"type":"Point","coordinates":[-118.30398197978302,34.192822464681996]},"properties":{"tract_id":"06037310201","population":5293,"density_per_sqkm":2395.8412506431523,"lng":-118.30398197978302,"lat":34.192822464681996}},{"type":"Feature","geometry":{"type":"Point","coordinates":[-118.33953717089064,34.19493467524359]},"properties":{"tract_id":"06037310501","population":3725,"density_per_sqkm":670.006507448114,"lng":-118.33953717089064,"lat":34.19493467524359}},{"type":"Feature","geometry":{"type":"Point","coordinates":[-118.32739988429313,34.193850528923]},"properties":{"tract_id":"06037310601","population":6584,"density_per_sqkm":1871.7664299330004,"lng":-118.32739988429313,"lat":34.193850528923}},{"type":"Feature","geometry":{"type":"Point","coordinates":[-118.58048771425631,34.204821095263526]},"properties":{"tract_id":"06037134710","population":5531,"density_per_sqkm":9679.634446784228,"lng":-118.58048771425631,"lat":34.204821095263526}},{"type":"Feature","geometry":{"type":"Point","coordinates":[-118.46202350005262,34.22517128576341]},"properties":{"tract_id":"06037117530","population":5963,"density_per_sqkm":10042.878893644349,"lng":-118.46202350005262,"lat":34.22517128576341}},{"type":"Feature","geometry":{"type":"Point","coordinates":[-118.4516668286517,34.24582677143196]},"properties":{"tract_id":"06037119310","population":3931,"density_per_sqkm":4480.844891998372,"lng":-118.4516668286517,"lat":34.24582677143196}},{"type":"Feature","geometry":{"type":"Point","coordinates":[-118.48453727721532,34.17313354455098]},"properties":{"tract_id":"06037980024","population":137,"density_per_sqkm":9.896467765400267,"lng":-118.48453727721532,"lat":34.17313354455098}},{"type":"Feature","geometry":{"type":"Point","coordinates":[-118.31777119151086,34.191968085128075]},"properties":{"tract_id":"06037310602","population":2794,"density_per_sqkm":1447.6608443174025,"lng":-118.31777119151086,"lat":34.191968085128075}},{"type":"Feature","geometry":{"type":"Point","coordinates":[-118.445585868144,34.230629626364205]},"properties":{"tract_id":"06037120105","population":2691,"density_per_sqkm":2135.0650341633173,"lng":-118.445585868144,"lat":34.230629626364205}},{"type":"Feature","geometry":{"type":"Point","coordinates":[-118.53645023251322,34.170573744178576]},"properties":{"tract_id":"06037139401","population":2405,"density_per_sqkm":2232.759239720234,"lng":-118.53645023251322,"lat":34.170573744178576}},{"type":"Feature","geometry":{"type":"Point","coordinates":[-118.55034366830611,34.07162139512422]},"properties":{"tract_id":"06037262601","population":3330,"density_per_sqkm":430.2915340374081,"lng":-118.55034366830611,"lat":34.07162139512422}},{"type":"Feature","geometry":{"type":"Point","coordinates":[-118.36574826153125,34.09233341535637]},"properties":{"tract_id":"06037700200","population":6908,"density_per_sqkm":8001.090563902564,"lng":-118.36574826153125,"lat":34.09233341535637}},{"type":"Feature","geometry":{"type":"Point","coordinates":[-118.30720022722659,34.058685363619794]},"properties":{"tract_id":"06037212502","population":2997,"density_per_sqkm":8187.201748670812,"lng":-118.30720022722659,"lat":34.058685363619794}},{"type":"Feature","geometry":{"type":"Point","coordinates":[-118.32606847827633,34.05852515220983]},"properties":{"tract_id":"06037212702","population":3360,"density_per_sqkm":2329.648205310449,"lng":-118.32606847827633,"lat":34.05852515220983}},{"type":"Feature","geometry":{"type":"Point","coordinates":[-118.35791193754106,34.070220265584986]},"properties":{"tract_id":"06037214501","population":3679,"density_per_sqkm":3882.8732195525204,"lng":-118.35791193754106,"lat":34.070220265584986}},{"type":"Feature","geometry":{"type":"Point","coordinates":[-118.35485141663973,34.06358911111945]},"properties":{"tract_id":"06037215101","population":2812,"density_per_sqkm":7294.094173601585,"lng":-118.35485141663973,"lat":34.06358911111945}},{"type":"Feature","geometry":{"type":"Point","coordinates":[-118.37939893104068,34.05722527586004]},"properties":{"tract_id":"06037216401","population":3295,"density_per_sqkm":6784.79024139216,"lng":-118.37939893104068,"lat":34.05722527586004}},{"type":"Feature","geometry":{"type":"Point","coordinates":[-118.3806946129801,34.06157896772984]},"properties":{"tract_id":"06037216402","population":2404,"density_per_sqkm":10338.784903242731,"lng":-118.3806946129801,"lat":34.06157896772984}},{"type":"Feature","geometry":{"type":"Point","coordinates":[-118.38780091661397,34.052221833388835]},"properties":{"tract_id":"06037217001","population":2647,"density_per_sqkm":3431.4126632094685,"lng":-118.38780091661397,"lat":34.052221833388835}},{"type":"Feature","geometry":{"type":"Point","coordinates":[-118.33373920454191,34.037473750022635]},"properties":{"tract_id":"06037218701","population":2079,"density_per_sqkm":2898.811119306367,"lng":-118.33373920454191,"lat":34.037473750022635}},{"type":"Feature","geometry":{"type":"Point","coordinates":[-118.3349630810348,34.03315013518204]},"properties":{"tract_id":"06037218702","population":2627,"density_per_sqkm":3957.6923548481545,"lng":-118.3349630810348,"lat":34.03315013518204}},{"type":"Feature","geometry":{"type":"Point","coordinates":[-118.37110683121469,34.0298056363968]},"properties":{"tract_id":"06037219902","population":3514,"density_per_sqkm":2517.699379880909,"lng":-118.37110683121469,"lat":34.0298056363968}},{"type":"Feature","geometry":{"type":"Point","coordinates":[-118.315500157924,34.04551252628246]},"properties":{"tract_id":"06037221304","population":3674,"density_per_sqkm":16092.388365954645,"lng":-118.315500157924,"lat":34.04551252628246}},{"type":"Feature","geometry":{"type":"Point","coordinates":[-118.3134562499854,34.03521884375266]},"properties":{"tract_id":"06037221401","population":3341,"density_per_sqkm":6012.7109041428,"lng":-118.3134562499854,"lat":34.03521884375266}},{"type":"Feature","geometry":{"type":"Point","coordinates":[-118.37153971189639,34.2215225762583]},"properties":{"tract_id":"06037122122","population":2507,"density_per_sqkm":1517.6428511702184,"lng":-118.37153971189639,"lat":34.2215225762583}},{"type":"Feature","geometry":{"type":"Point","coordinates":[-118.4582400000234,34.191708500025904]},"properties":{"tract_id":"06037127805","population":3518,"density_per_sqkm":5431.325701596559,"lng":-118.4582400000234,"lat":34.191708500025904}},{"type":"Feature","geometry":{"type":"Point","coordinates":[-118.65700561445219,34.213418172705666]},"properties":{"tract_id":"06037134424","population":2821,"density_per_sqkm":518.1478899294469,"lng":-118.65700561445219,"lat":34.213418172705666}},{"type":"Feature","geometry":{"type":"Point","coordinates":[-118.7361486041902,34.278921729252595]},"properties":{"tract_id":"06111008101","population":3161,"density_per_sqkm":2226.294198342647,"lng":-118.7361486041902,"lat":34.278921729252595}},{"type":"Feature","geometry":{"type":"Point","coordinates":[-118.70267358822329,34.27617657354919]},"properties":{"tract_id":"06111008201","population":5659,"density_per_sqkm":2066.9375769081257,"lng":-118.70267358822329,"lat":34.27617657354919}},{"type":"Feature","geometry":{"type":"Point","coordinates":[-118.72487037746653,34.278805867969474]},"properties":{"tract_id":"06111008202","population":3981,"density_per_sqkm":2769.105973088765,"lng":-118.72487037746653,"lat":34.278805867969474}},{"type":"Feature","geometry":{"type":"Point","coordinates":[-118.72645504476635,34.26806753731618]},"properties":{"tract_id":"06111008002","population":4803,"density_per_sqkm":1087.3644634111367,"lng":-118.72645504476635,"lat":34.26806753731618}},{"type":"Feature","geometry":{"type":"Point","coordinates":[-118.75091429035176,34.26208480645233]},"properties":{"tract_id":"06111008004","population":5246,"density_per_sqkm":1992.4999017810203,"lng":-118.75091429035176,"lat":34.26208480645233}},{"type":"Feature","geometry":{"type":"Point","coordinates":[-118.31061299999956,33.97886926083419]},"properties":{"tract_id":"06037237300","population":6051,"density_per_sqkm":5771.390779953113,"lng":-118.31061299999956,"lat":33.97886926083419}},{"type":"Feature","geometry":{"type":"Point","coordinates":[-118.33142796776835,34.02651648390379]},"properties":{"tract_id":"06037219300","population":3664,"density_per_sqkm":4644.656713995626,"lng":-118.33142796776835,"lat":34.02651648390379}},{"type":"Feature","geometry":{"type":"Point","coordinates":[-118.49416133016021,34.101394191653156]},"properties":{"tract_id":"06037262301","population":2806,"density_per_sqkm":121.20409215780303,"lng":-118.49416133016021,"lat":34.101394191653156}},{"type":"Feature","geometry":{"type":"Point","coordinates":[-118.36736195997932,33.83207765003337]},"properties":{"tract_id":"06037650702","population":4710,"density_per_sqkm":2364.76145750443,"lng":-118.36736195997932,"lat":33.83207765003337}},{"type":"Feature","geometry":{"type":"Point","coordinates":[-118.3404617567538,34.021191783789355]},"properties":{"tract_id":"06037219500","population":2053,"density_per_sqkm":3123.4339942458046,"lng":-118.3404617567538,"lat":34.021191783789355}},{"type":"Feature","geometry":{"type":"Point","coordinates":[-118.35399661292827,34.03016870973344]},"properties":{"tract_id":"06037219800","population":3048,"density_per_sqkm":3787.5112053230564,"lng":-118.35399661292827,"lat":34.03016870973344}},{"type":"Feature","geometry":{"type":"Point","coordinates":[-118.3401746487066,34.02794054059278]},"properties":{"tract_id":"06037220000","population":4460,"density_per_sqkm":4032.654547400663,"lng":-118.3401746487066,"lat":34.02794054059278}},{"type":"Feature","geometry":{"type":"Point","coordinates":[-118.37004440217385,34.02421401089996]},"properties":{"tract_id":"06037220100","population":2583,"density_per_sqkm":2065.0802729837733,"lng":-118.37004440217385,"lat":34.02421401089996}},{"type":"Feature","geometry":{"type":"Point","coordinates":[-118.30980213333272,33.99139993333513]},"properties":{"tract_id":"06037232500","population":4736,"density_per_sqkm":6112.140548706999,"lng":-118.30980213333272,"lat":33.99139993333513}},{"type":"Feature","geometry":{"type":"Point","coordinates":[-118.33131766662005,34.01755895234709]},"properties":{"tract_id":"06037234200","population":2569,"density_per_sqkm":2657.4498658100956,"lng":-118.33131766662005,"lat":34.01755895234709}},{"type":"Feature","geometry":{"type":"Point","coordinates":[-118.55992889315569,34.24584616504241]},"properties":{"tract_id":"06037113301","population":4830,"density_per_sqkm":1737.5216303823136,"lng":-118.55992889315569,"lat":34.24584616504241}},{"type":"Feature","geometry":{"type":"Point","coordinates":[-118.57522099053318,34.24298606602611]},"properties":{"tract_id":"06037113303","population":3774,"density_per_sqkm":629.849952743156,"lng":-118.57522099053318,"lat":34.24298606602611}},{"type":"Feature","geometry":{"type":"Point","coordinates":[-118.56805769229577,34.254087738482006]},"properties":{"tract_id":"06037113322","population":4584,"density_per_sqkm":2410.5619021881457,"lng":-118.56805769229577,"lat":34.254087738482006}},{"type":"Feature","geometry":{"type":"Point","coordinates":[-118.44346736364707,34.00466925452561]},"properties":{"tract_id":"06037272100","population":4369,"density_per_sqkm":1809.0722488230342,"lng":-118.44346736364707,"lat":34.00466925452561}},{"type":"Feature","geometry":{"type":"Point","coordinates":[-118.62248763411414,34.21472775601382]},"properties":{"tract_id":"06037134302","population":4287,"density_per_sqkm":2677.982432376246,"lng":-118.62248763411414,"lat":34.21472775601382}},{"type":"Feature","geometry":{"type":"Point","coordinates":[-118.61445702778958,34.20205491664384]},"properties":{"tract_id":"06037134303","population":5597,"density_per_sqkm":2817.3166728460415,"lng":-118.61445702778958,"lat":34.20205491664384}},{"type":"Feature","geometry":{"type":"Point","coordinates":[-118.61043431037527,34.214246310319034]},"properties":{"tract_id":"06037134304","population":3045,"density_per_sqkm":2964.264885461251,"lng":-118.61043431037527,"lat":34.214246310319034}},{"type":"Feature","geometry":{"type":"Point","coordinates":[-118.64677041317502,34.202704640718075]},"properties":{"tract_id":"06037134421","population":4292,"density_per_sqkm":1501.3190497729624,"lng":-118.64677041317502,"lat":34.202704640718075}},{"type":"Feature","geometry":{"type":"Point","coordinates":[-118.33599965021563,34.096480850073604]},"properties":{"tract_id":"06037190702","population":1154,"density_per_sqkm":5739.886794117848,"lng":-118.33599965021563,"lat":34.096480850073604}},{"type":"Feature","geometry":{"type":"Point","coordinates":[-118.36246271185954,34.099267474586085]},"properties":{"tract_id":"06037189801","population":1781,"density_per_sqkm":3050.2906438073855,"lng":-118.36246271185954,"lat":34.099267474586085}},{"type":"Feature","geometry":{"type":"Point","coordinates":[-118.33303981583053,34.09976352632943]},"properties":{"tract_id":"06037190701","population":1629,"density_per_sqkm":3634.224826796706,"lng":-118.33303981583053,"lat":34.09976352632943}},{"type":"Feature","geometry":{"type":"Point","coordinates":[-118.3417242856298,34.103109285766564]},"properties":{"tract_id":"06037190101","population":1731,"density_per_sqkm":5933.692110873859,"lng":-118.3417242856298,"lat":34.103109285766564}},{"type":"Feature","geometry":{"type":"Point","coordinates":[-118.35651510713679,34.09802017856074]},"properties":{"tract_id":"06037189802","population":1857,"density_per_sqkm":5700.502169499793,"lng":-118.35651510713679,"lat":34.09802017856074}},{"type":"Feature","geometry":{"type":"Point","coordinates":[-118.60897688899163,34.11888679556162]},"properties":{"tract_id":"06037800103","population":3416,"density_per_sqkm":84.74607040260405,"lng":-118.60897688899163,"lat":34.11888679556162}},{"type":"Feature","geometry":{"type":"Point","coordinates":[-118.34680212503167,34.096246791669195]},"properties":{"tract_id":"06037189906","population":2448,"density_per_sqkm":11931.052672337379,"lng":-118.34680212503167,"lat":34.096246791669195}},{"type":"Feature","geometry":{"type":"Point","coordinates":[-118.35174835297705,34.09620876467347]},"properties":{"tract_id":"06037189907","population":2429,"density_per_sqkm":14822.218080045423,"lng":-118.35174835297705,"lat":34.09620876467347}},{"type":"Feature","geometry":{"type":"Point","coordinates":[-118.3202173239168,34.103983859155825]},"properties":{"tract_id":"06037190302","population":2967,"density_per_sqkm":6245.408907833799,"lng":-118.3202173239168,"lat":34.103983859155825}},{"type":"Feature","geometry":{"type":"Point","coordinates":[-118.65050549190869,34.23752144867763]},"properties":{"tract_id":"06037113235","population":1727,"density_per_sqkm":739.2991671147157,"lng":-118.65050549190869,"lat":34.23752144867763}},{"type":"Feature","geometry":{"type":"Point","coordinates":[-118.42233863043946,34.05370813040999]},"properties":{"tract_id":"06037267102","population":2928,"density_per_sqkm":2446.446526532638,"lng":-118.42233863043946,"lat":34.05370813040999}},{"type":"Feature","geometry":{"type":"Point","coordinates":[-118.31852475214092,34.19974730767586]},"properties":{"tract_id":"06037310300","population":3089,"density_per_sqkm":917.7982955751563,"lng":-118.31852475214092,"lat":34.19974730767586}},{"type":"Feature","geometry":{"type":"Point","coordinates":[-118.65186484858705,34.266641902229416]},"properties":{"tract_id":"06111008304","population":5544,"density_per_sqkm":650.4424342549934,"lng":-118.65186484858705,"lat":34.266641902229416}},{"type":"Feature","geometry":{"type":"Point","coordinates":[-118.36058197225755,34.03055744444643]},"properties":{"tract_id":"06037219901","population":4944,"density_per_sqkm":6031.333765582304,"lng":-118.36058197225755,"lat":34.03055744444643}},{"type":"Feature","geometry":{"type":"Point","coordinates":[-118.33585194962858,34.202588417259115]},"properties":{"tract_id":"06037310400","population":3483,"density_per_sqkm":1213.6978398625747,"lng":-118.33585194962858,"lat":34.202588417259115}},{"type":"Feature","geometry":{"type":"Point","coordinates":[-118.45527159993784,34.155800599944385]},"properties":{"tract_id":"06037141303","population":3231,"density_per_sqkm":10533.598176875152,"lng":-118.45527159993784,"lat":34.155800599944385}},{"type":"Feature","geometry":{"type":"Point","coordinates":[-118.35153365003609,34.10064190001523]},"properties":{"tract_id":"06037189905","population":2412,"density_per_sqkm":8649.509952126282,"lng":-118.35153365003609,"lat":34.10064190001523}},{"type":"Feature","geometry":{"type":"Point","coordinates":[-118.46810510254953,34.00709689741992]},"properties":{"tract_id":"06037702202","population":3920,"density_per_sqkm":1848.3521851997568,"lng":-118.46810510254953,"lat":34.00709689741992}},{"type":"Feature","geometry":{"type":"Point","coordinates":[-118.44726326603747,33.977680917409316]},"properties":{"tract_id":"06037702900","population":10274,"density_per_sqkm":1451.7340216482958,"lng":-118.44726326603747,"lat":33.977680917409316}},{"type":"Feature","geometry":{"type":"Point","coordinates":[-118.349931352916,33.93983454902693]},"properties":{"tract_id":"06037601802","population":3509,"density_per_sqkm":7208.451254816518,"lng":-118.349931352916,"lat":33.93983454902693}},{"type":"Feature","geometry":{"type":"Point","coordinates":[-118.35750556096386,33.949262109800685]},"properties":{"tract_id":"06037601202","population":3958,"density_per_sqkm":5909.034319529069,"lng":-118.35750556096386,"lat":33.949262109800685}},{"type":"Feature","geometry":{"type":"Point","coordinates":[-118.37379278100217,33.903505613149875]},"properties":{"tract_id":"06037602302","population":4641,"density_per_sqkm":1618.0566312442593,"lng":-118.37379278100217,"lat":33.903505613149875}},{"type":"Feature","geometry":{"type":"Point","coordinates":[-118.36459387620197,33.90834491429074]},"properties":{"tract_id":"06037602301","population":6692,"density_per_sqkm":3687.369549469732,"lng":-118.36459387620197,"lat":33.90834491429074}},{"type":"Feature","geometry":{"type":"Point","coordinates":[-118.3180661428904,33.923279023785085]},"properties":{"tract_id":"06037602700","population":3631,"density_per_sqkm":1395.8906677985133,"lng":-118.3180661428904,"lat":33.923279023785085}},{"type":"Feature","geometry":{"type":"Point","coordinates":[-118.3584816774469,33.92037622585291]},"properties":{"tract_id":"06037602106","population":6360,"density_per_sqkm":6461.073071358909,"lng":-118.3584816774469,"lat":33.92037622585291}},{"type":"Feature","geometry":{"type":"Point","coordinates":[-118.34781000007865,33.920018019549836]},"properties":{"tract_id":"06037602105","population":3567,"density_per_sqkm":5559.090327169025,"lng":-118.34781000007865,"lat":33.920018019549836}},{"type":"Feature","geometry":{"type":"Point","coordinates":[-118.34901733332457,33.934684944458496]},"properties":{"tract_id":"06037601700","population":5276,"density_per_sqkm":5392.849390684695,"lng":-118.34901733332457,"lat":33.934684944458496}},{"type":"Feature","geometry":{"type":"Point","coordinates":[-118.35164001998908,33.94371213999218]},"properties":{"tract_id":"06037601801","population":2863,"density_per_sqkm":5861.16953876161,"lng":-118.35164001998908,"lat":33.94371213999218}},{"type":"Feature","geometry":{"type":"Point","coordinates":[-118.36583147666406,33.95082035515226]},"properties":{"tract_id":"06037601402","population":4437,"density_per_sqkm":4413.51646612223,"lng":-118.36583147666406,"lat":33.95082035515226}},{"type":"Feature","geometry":{"type":"Point","coordinates":[-118.52673008466736,34.184864474615125]},"properties":{"tract_id":"06037132900","population":3559,"density_per_sqkm":1729.533346524698,"lng":-118.52673008466736,"lat":34.184864474615125}},{"type":"Feature","geometry":{"type":"Point","coordinates":[-118.55776735490558,34.19245493546027]},"properties":{"tract_id":"06037133000","population":4373,"density_per_sqkm":3772.042936561872,"lng":-118.55776735490558,"lat":34.19245493546027}},{"type":"Feature","geometry":{"type":"Point","coordinates":[-118.58165309430836,34.2147111509688]},"properties":{"tract_id":"06037134103","population":4584,"density_per_sqkm":2335.493295549226,"lng":-118.58165309430836,"lat":34.2147111509688}},{"type":"Feature","geometry":{"type":"Point","coordinates":[-118.57481283999533,34.21263052000853]},"properties":{"tract_id":"06037134104","population":4419,"density_per_sqkm":6820.074192899162,"lng":-118.57481283999533,"lat":34.21263052000853}},{"type":"Feature","geometry":{"type":"Point","coordinates":[-118.58857864287764,34.212831267832264]},"properties":{"tract_id":"06037134201","population":4345,"density_per_sqkm":2506.213920462931,"lng":-118.58857864287764,"lat":34.212831267832264}},{"type":"Feature","geometry":{"type":"Point","coordinates":[-118.3044131153349,34.0347163845628]},"properties":{"tract_id":"06037221500","population":3513,"density_per_sqkm":9092.518501115102,"lng":-118.3044131153349,"lat":34.0347163845628}},{"type":"Feature","geometry":{"type":"Point","coordinates":[-118.30281605260988,34.02730399997997]},"properties":{"tract_id":"06037222100","population":4058,"density_per_sqkm":8410.581387283106,"lng":-118.30281605260988,"lat":34.02730399997997}},{"type":"Feature","geometry":{"type":"Point","coordinates":[-118.30199075673477,34.03103594591916]},"properties":{"tract_id":"06037222200","population":3895,"density_per_sqkm":7988.106320255251,"lng":-118.30199075673477,"lat":34.03103594591916}},{"type":"Feature","geometry":{"type":"Point","coordinates":[-118.30508871110563,34.02156044446343]},"properties":{"tract_id":"06037222500","population":4616,"density_per_sqkm":7018.957759516636,"lng":-118.30508871110563,"lat":34.02156044446343}},{"type":"Feature","geometry":{"type":"Point","coordinates":[-118.74120996746097,34.20374846426629]},"properties":{"tract_id":"06111007405","population":5745,"density_per_sqkm":102.22538652553506,"lng":-118.74120996746097,"lat":34.20374846426629}},{"type":"Feature","geometry":{"type":"Point","coordinates":[-118.70665316498616,34.22301238754655]},"properties":{"tract_id":"06111007511","population":2622,"density_per_sqkm":31.011498531197162,"lng":-118.70665316498616,"lat":34.22301238754655}},{"type":"Feature","geometry":{"type":"Point","coordinates":[-118.6920279923906,34.24738786631246]},"properties":{"tract_id":"06111007512","population":5811,"density_per_sqkm":115.7449966748323,"lng":-118.6920279923906,"lat":34.24738786631246}},{"type":"Feature","geometry":{"type":"Point","coordinates":[-118.37261407635573,33.986092124995224]},"properties":{"tract_id":"06037703002","population":6903,"density_per_sqkm":1202.2834436501487,"lng":-118.37261407635573,"lat":33.986092124995224}},{"type":"Feature","geometry":{"type":"Point","coordinates":[-118.35486516907534,33.995334671494845]},"properties":{"tract_id":"06037703100","population":6444,"density_per_sqkm":1348.15745770814,"lng":-118.35486516907534,"lat":33.995334671494845}},{"type":"Feature","geometry":{"type":"Point","coordinates":[-118.48448013973731,34.02266293544266]},"properties":{"tract_id":"06037701702","population":3146,"density_per_sqkm":1796.3008179799256,"lng":-118.48448013973731,"lat":34.02266293544266}},{"type":"Feature","geometry":{"type":"Point","coordinates":[-118.46538826580255,34.02735751900065]},"properties":{"tract_id":"06037701801","population":6668,"density_per_sqkm":1658.5651932640603,"lng":-118.46538826580255,"lat":34.02735751900065}},{"type":"Feature","geometry":{"type":"Point","coordinates":[-118.47834599998403,34.018953216666766]},"properties":{"tract_id":"06037701802","population":5260,"density_per_sqkm":1992.3383765676415,"lng":-118.47834599998403,"lat":34.018953216666766}},{"type":"Feature","geometry":{"type":"Point","coordinates":[-118.47371506898902,34.01350855174221]},"properties":{"tract_id":"06037702201","population":3920,"density_per_sqkm":1530.5754121057346,"lng":-118.47371506898902,"lat":34.01350855174221}},{"type":"Feature","geometry":{"type":"Point","coordinates":[-118.36446764102118,33.86187119228629]},"properties":{"tract_id":"06037620602","population":5432,"density_per_sqkm":2676.186551133493,"lng":-118.36446764102118,"lat":33.86187119228629}},{"type":"Feature","geometry":{"type":"Point","coordinates":[-118.3840891272983,33.86987972732303]},"properties":{"tract_id":"06037620701","population":7651,"density_per_sqkm":5443.639287339742,"lng":-118.3840891272983,"lat":33.86987972732303}},{"type":"Feature","geometry":{"type":"Point","coordinates":[-118.39999643901963,33.88326192682254]},"properties":{"tract_id":"06037620901","population":2700,"density_per_sqkm":2186.5084215903917,"lng":-118.39999643901963,"lat":33.88326192682254}},{"type":"Feature","geometry":{"type":"Point","coordinates":[-118.39473001054564,33.8702005473736]},"properties":{"tract_id":"06037621001","population":4575,"density_per_sqkm":2090.910695829275,"lng":-118.39473001054564,"lat":33.8702005473736}},{"type":"Feature","geometry":{"type":"Point","coordinates":[-118.38784520251588,33.86038562018903]},"properties":{"tract_id":"06037621102","population":3414,"density_per_sqkm":3879.59385569392,"lng":-118.38784520251588,"lat":33.86038562018903}},{"type":"Feature","geometry":{"type":"Point","coordinates":[-118.45369310876124,33.99721191303809]},"properties":{"tract_id":"06037273700","population":2796,"density_per_sqkm":2240.2409137075765,"lng":-118.45369310876124,"lat":33.99721191303809}},{"type":"Feature","geometry":{"type":"Point","coordinates":[-118.45145675007028,33.99222876789323]},"properties":{"tract_id":"06037273800","population":3027,"density_per_sqkm":1167.4835872519357,"lng":-118.45145675007028,"lat":33.99222876789323}},{"type":"Feature","geometry":{"type":"Point","coordinates":[-118.35736420830715,33.90704421527083]},"properties":{"tract_id":"06037602402","population":7250,"density_per_sqkm":4993.6058505424735,"lng":-118.35736420830715,"lat":33.90704421527083}},{"type":"Feature","geometry":{"type":"Point","coordinates":[-118.3485326515215,33.91252084844036]},"properties":{"tract_id":"06037602403","population":4386,"density_per_sqkm":7442.638072429044,"lng":-118.3485326515215,"lat":33.91252084844036}},{"type":"Feature","geometry":{"type":"Point","coordinates":[-118.34923424741308,33.90551797937342]},"properties":{"tract_id":"06037602404","population":5901,"density_per_sqkm":7966.835318276543,"lng":-118.34923424741308,"lat":33.90551797937342}},{"type":"Feature","geometry":{"type":"Point","coordinates":[-118.5705100120805,34.14868492740889]},"properties":{"tract_id":"06037137504","population":1983,"density_per_sqkm":305.6156986422144,"lng":-118.5705100120805,"lat":34.14868492740889}},{"type":"Feature","geometry":{"type":"Point","coordinates":[-118.59054071427822,34.14884423602917]},"properties":{"tract_id":"06037138000","population":4826,"density_per_sqkm":691.7738082129705,"lng":-118.59054071427822,"lat":34.14884423602917}},{"type":"Feature","geometry":{"type":"Point","coordinates":[-118.52516386356906,34.17394104541192]},"properties":{"tract_id":"06037139200","population":5946,"density_per_sqkm":5124.029785011217,"lng":-118.52516386356906,"lat":34.17394104541192}},{"type":"Feature","geometry":{"type":"Point","coordinates":[-118.76585216212067,34.23154983515021]},"properties":{"tract_id":"06111007506","population":7080,"density_per_sqkm":184.01245702044005,"lng":-118.76585216212067,"lat":34.23154983515021}},{"type":"Feature","geometry":{"type":"Point","coordinates":[-118.751432442312,34.26810482694438]},"properties":{"tract_id":"06111008001","population":3415,"density_per_sqkm":2833.1641120999557,"lng":-118.751432442312,"lat":34.26810482694438}},{"type":"Feature","geometry":{"type":"Point","coordinates":[-118.45000391076069,33.98761398215946]},"properties":{"tract_id":"06037274100","population":4237,"density_per_sqkm":2432.7768837994613,"lng":-118.45000391076069,"lat":33.98761398215946}},{"type":"Feature","geometry":{"type":"Point","coordinates":[-118.3047280531876,34.112132494669105]},"properties":{"tract_id":"06037189300","population":2930,"density_per_sqkm":960.7235217794143,"lng":-118.3047280531876,"lat":34.112132494669105}},{"type":"Feature","geometry":{"type":"Point","coordinates":[-118.46690973334697,34.16775844436496]},"properties":{"tract_id":"06037128801","population":3740,"density_per_sqkm":6539.317564113656,"lng":-118.46690973334697,"lat":34.16775844436496}},{"type":"Feature","geometry":{"type":"Point","coordinates":[-118.52044572206614,34.167288833327156]},"properties":{"tract_id":"06037139504","population":3741,"density_per_sqkm":11867.662736623684,"lng":-118.52044572206614,"lat":34.167288833327156}},{"type":"Feature","geometry":{"type":"Point","coordinates":[-118.52678650816932,34.1886525901576]},"properties":{"tract_id":"06037132700","population":4846,"density_per_sqkm":3047.5792995829916,"lng":-118.52678650816932,"lat":34.1886525901576}},{"type":"Feature","geometry":{"type":"Point","coordinates":[-118.3465958095646,34.099527142899056]},"properties":{"tract_id":"06037189904","population":2316,"density_per_sqkm":12819.838829149323,"lng":-118.3465958095646,"lat":34.099527142899056}},{"type":"Feature","geometry":{"type":"Point","coordinates":[-118.33054386278259,34.103850450984865]},"properties":{"tract_id":"06037190201","population":3031,"density_per_sqkm":11533.298348097154,"lng":-118.33054386278259,"lat":34.103850450984865}},{"type":"Feature","geometry":{"type":"Point","coordinates":[-118.40678272877751,33.898563830509495]},"properties":{"tract_id":"06037620301","population":4483,"density_per_sqkm":2800.074014902613,"lng":-118.40678272877751,"lat":33.898563830509495}},{"type":"Feature","geometry":{"type":"Point","coordinates":[-118.41947245424592,34.1341091926107]},"properties":{"tract_id":"06037143902","population":3053,"density_per_sqkm":605.5215796640208,"lng":-118.41947245424592,"lat":34.1341091926107}},{"type":"Feature","geometry":{"type":"Point","coordinates":[-118.43474460730536,34.13735345591271]},"properties":{"tract_id":"06037141700","population":3086,"density_per_sqkm":645.6360048837956,"lng":-118.43474460730536,"lat":34.13735345591271}},{"type":"Feature","geometry":{"type":"Point","coordinates":[-118.33838437701097,34.16443270491833]},"properties":{"tract_id":"06037311500","population":6362,"density_per_sqkm":2520.798244295415,"lng":-118.33838437701097,"lat":34.16443270491833}},{"type":"Feature","geometry":{"type":"Point","coordinates":[-118.41785960611264,34.19354454535199]},"properties":{"tract_id":"06037123420","population":4401,"density_per_sqkm":3424.6010043299098,"lng":-118.41785960611264,"lat":34.19354454535199}},{"type":"Feature","geometry":{"type":"Point","coordinates":[-118.56640234288183,34.21519865718588]},"properties":{"tract_id":"06037134101","population":5414,"density_per_sqkm":5049.716790960333,"lng":-118.56640234288183,"lat":34.21519865718588}},{"type":"Feature","geometry":{"type":"Point","coordinates":[-118.40202818639212,34.09319977513752]},"properties":{"tract_id":"06037700600","population":4983,"density_per_sqkm":514.0379700096242,"lng":-118.40202818639212,"lat":34.09319977513752}},{"type":"Feature","geometry":{"type":"Point","coordinates":[-118.32750714671121,33.99188586664443]},"properties":{"tract_id":"06037234600","population":4885,"density_per_sqkm":3147.245812407745,"lng":-118.32750714671121,"lat":33.99188586664443}},{"type":"Feature","geometry":{"type":"Point","coordinates":[-118.32713081251393,33.98763504685959]},"properties":{"tract_id":"06037234700","population":3700,"density_per_sqkm":4801.21926876936,"lng":-118.32713081251393,"lat":33.98763504685959}},{"type":"Feature","geometry":{"type":"Point","coordinates":[-118.34988123075964,33.984457371806556]},"properties":{"tract_id":"06037235100","population":4074,"density_per_sqkm":2466.7147664487256,"lng":-118.34988123075964,"lat":33.984457371806556}},{"type":"Feature","geometry":{"type":"Point","coordinates":[-118.43013071770785,34.07570609089037]},"properties":{"tract_id":"06037265100","population":2413,"density_per_sqkm":553.3323526607475,"lng":-118.43013071770785,"lat":34.07570609089037}},{"type":"Feature","geometry":{"type":"Point","coordinates":[-118.4447868124978,34.07198169712661]},"properties":{"tract_id":"06037265301","population":12794,"density_per_sqkm":4693.975939104719,"lng":-118.4447868124978,"lat":34.07198169712661}},{"type":"Feature","geometry":{"type":"Point","coordinates":[-118.45315569562638,34.06701402173213]},"properties":{"tract_id":"06037265303","population":4736,"density_per_sqkm":21611.75591612928,"lng":-118.45315569562638,"lat":34.06701402173213}},{"type":"Feature","geometry":{"type":"Point","coordinates":[-118.45125717392689,34.067415405800645]},"properties":{"tract_id":"06037265304","population":3009,"density_per_sqkm":10831.925684658994,"lng":-118.45125717392689,"lat":34.067415405800645}},{"type":"Feature","geometry":{"type":"Point","coordinates":[-118.46514812115738,34.066818969689436]},"properties":{"tract_id":"06037265410","population":1679,"density_per_sqkm":744.4737001264263,"lng":-118.46514812115738,"lat":34.066818969689436}},{"type":"Feature","geometry":{"type":"Point","coordinates":[-118.42282660494818,33.988033123494716]},"properties":{"tract_id":"06037275311","population":4985,"density_per_sqkm":1775.8163198310365,"lng":-118.42282660494818,"lat":33.988033123494716}},{"type":"Feature","geometry":{"type":"Point","coordinates":[-118.4379393953953,33.991116441877686]},"properties":{"tract_id":"06037275400","population":4161,"density_per_sqkm":2717.6234397252256,"lng":-118.4379393953953,"lat":33.991116441877686}},{"type":"Feature","geometry":{"type":"Point","coordinates":[-118.46272210348323,34.03744844828402]},"properties":{"tract_id":"06037267502","population":3228,"density_per_sqkm":3799.55362612025,"lng":-118.46272210348323,"lat":34.03744844828402}},{"type":"Feature","geometry":{"type":"Point","coordinates":[-118.29932371108545,33.942435422217834]},"properties":{"tract_id":"06037600202","population":7625,"density_per_sqkm":7633.8882170901115,"lng":-118.29932371108545,"lat":33.942435422217834}},{"type":"Feature","geometry":{"type":"Point","coordinates":[-118.30413856608273,33.934548377410444]},"properties":{"tract_id":"06037600302","population":3343,"density_per_sqkm":4043.4701479069017,"lng":-118.30413856608273,"lat":33.934548377410444}},{"type":"Feature","geometry":{"type":"Point","coordinates":[-118.31410533340515,33.9369048056114]},"properties":{"tract_id":"06037600400","population":4032,"density_per_sqkm":3059.998585295604,"lng":-118.31410533340515,"lat":33.9369048056114}},{"type":"Feature","geometry":{"type":"Point","coordinates":[-118.32188917748232,33.934843306434765]},"properties":{"tract_id":"06037600501","population":2597,"density_per_sqkm":3882.7371267120266,"lng":-118.32188917748232,"lat":33.934843306434765}},{"type":"Feature","geometry":{"type":"Point","coordinates":[-118.36797662385138,33.88859368809189]},"properties":{"tract_id":"06037620501","population":5899,"density_per_sqkm":2266.371373752099,"lng":-118.36797662385138,"lat":33.88859368809189}},{"type":"Feature","geometry":{"type":"Point","coordinates":[-118.37554933336388,33.87651507685322]},"properties":{"tract_id":"06037620522","population":4748,"density_per_sqkm":6297.44953804485,"lng":-118.37554933336388,"lat":33.87651507685322}},{"type":"Feature","geometry":{"type":"Point","coordinates":[-118.38801749329414,33.89535393334375]},"properties":{"tract_id":"06037620400","population":5156,"density_per_sqkm":1978.701522742691,"lng":-118.38801749329414,"lat":33.89535393334375}},{"type":"Feature","geometry":{"type":"Point","coordinates":[-118.36028402821036,33.86956923939288]},"properties":{"tract_id":"06037620601","population":5841,"density_per_sqkm":3097.0134862015834,"lng":-118.36028402821036,"lat":33.86956923939288}},{"type":"Feature","geometry":{"type":"Point","coordinates":[-118.46657541167113,34.10050060246389]},"properties":{"tract_id":"06037262200","population":4378,"density_per_sqkm":265.1562711604092,"lng":-118.46657541167113,"lat":34.10050060246389}},{"type":"Feature","geometry":{"type":"Point","coordinates":[-118.43360824221656,33.96446667971431]},"properties":{"tract_id":"06037276601","population":4136,"density_per_sqkm":826.8998319296846,"lng":-118.43360824221656,"lat":33.96446667971431}},{"type":"Feature","geometry":{"type":"Point","coordinates":[-118.39956069332298,33.97112598668282]},"properties":{"tract_id":"06037277000","population":5947,"density_per_sqkm":1796.825480834318,"lng":-118.39956069332298,"lat":33.97112598668282}},{"type":"Feature","geometry":{"type":"Point","coordinates":[-118.45684157795668,34.05863305504643]},"properties":{"tract_id":"06037980017","population":1379,"density_per_sqkm":281.1784868860538,"lng":-118.45684157795668,"lat":34.05863305504643}},{"type":"Feature","geometry":{"type":"Point","coordinates":[-118.29925552806783,33.92736017977794]},"properties":{"tract_id":"06037602801","population":4052,"density_per_sqkm":3095.787261550622,"lng":-118.29925552806783,"lat":33.92736017977794}},{"type":"Feature","geometry":{"type":"Point","coordinates":[-118.40112381817798,34.15420809088391]},"properties":{"tract_id":"06037143402","population":1844,"density_per_sqkm":2835.2724704199854,"lng":-118.40112381817798,"lat":34.15420809088391}},{"type":"Feature","geometry":{"type":"Point","coordinates":[-118.46489252941552,34.157467897024105]},"properties":{"tract_id":"06037141305","population":2878,"density_per_sqkm":3064.8915765355373,"lng":-118.46489252941552,"lat":34.157467897024105}},{"type":"Feature","geometry":{"type":"Point","coordinates":[-118.44481763151236,34.15862410519385]},"properties":{"tract_id":"06037128703","population":3252,"density_per_sqkm":3735.218945790794,"lng":-118.44481763151236,"lat":34.15862410519385}},{"type":"Feature","geometry":{"type":"Point","coordinates":[-118.69757001873936,34.158938775033256]},"properties":{"tract_id":"06037800205","population":4036,"density_per_sqkm":1980.6218472467785,"lng":-118.69757001873936,"lat":34.158938775033256}},{"type":"Feature","geometry":{"type":"Point","coordinates":[-118.42057238107729,33.99643140477379]},"properties":{"tract_id":"06037275200","population":3754,"density_per_sqkm":3317.1604338048796,"lng":-118.42057238107729,"lat":33.99643140477379}},{"type":"Feature","geometry":{"type":"Point","coordinates":[-118.40985369997739,34.011315874991155]},"properties":{"tract_id":"06037702801","population":5359,"density_per_sqkm":2169.5279352971957,"lng":-118.40985369997739,"lat":34.011315874991155}},{"type":"Feature","geometry":{"type":"Point","coordinates":[-118.60206149998113,34.231327874952136]},"properties":{"tract_id":"06037113239","population":2343,"density_per_sqkm":4290.496912720717,"lng":-118.60206149998113,"lat":34.231327874952136}},{"type":"Feature","geometry":{"type":"Point","coordinates":[-118.58911234781232,34.22487817390142]},"properties":{"tract_id":"06037113427","population":2360,"density_per_sqkm":4019.3865612482964,"lng":-118.58911234781232,"lat":34.22487817390142}},{"type":"Feature","geometry":{"type":"Point","coordinates":[-118.38258046238707,34.06257055915366]},"properties":{"tract_id":"06037700901","population":4293,"density_per_sqkm":2365.8036760861105,"lng":-118.38258046238707,"lat":34.06257055915366}},{"type":"Feature","geometry":{"type":"Point","coordinates":[-118.39499575304926,34.061826790156545]},"properties":{"tract_id":"06037700902","population":6528,"density_per_sqkm":6722.354739358788,"lng":-118.39499575304926,"lat":34.061826790156545}},{"type":"Feature","geometry":{"type":"Point","coordinates":[-118.40474991041975,34.05966523882311]},"properties":{"tract_id":"06037701000","population":5178,"density_per_sqkm":2319.343577354955,"lng":-118.40474991041975,"lat":34.05966523882311}},{"type":"Feature","geometry":{"type":"Point","coordinates":[-118.49209787906447,34.0411128225986]},"properties":{"tract_id":"06037701201","population":3920,"density_per_sqkm":1013.6360619216414,"lng":-118.49209787906447,"lat":34.0411128225986}},{"type":"Feature","geometry":{"type":"Point","coordinates":[-118.4898629710446,34.033956507267064]},"properties":{"tract_id":"06037701202","population":3490,"density_per_sqkm":3609.717054229317,"lng":-118.4898629710446,"lat":34.033956507267064}},{"type":"Feature","geometry":{"type":"Point","coordinates":[-118.36608752222976,33.940536377799084]},"properties":{"tract_id":"06037601502","population":3640,"density_per_sqkm":5501.142950374303,"lng":-118.36608752222976,"lat":33.940536377799084}},{"type":"Feature","geometry":{"type":"Point","coordinates":[-118.36481933995844,33.9342886100155]},"properties":{"tract_id":"06037601600","population":4021,"density_per_sqkm":3978.28015995009,"lng":-118.36481933995844,"lat":33.9342886100155}},{"type":"Feature","geometry":{"type":"Point","coordinates":[-118.37316941255249,34.1497183125001]},"properties":{"tract_id":"06037143200","population":4235,"density_per_sqkm":3200.157378709053,"lng":-118.37316941255249,"lat":34.1497183125001}},{"type":"Feature","geometry":{"type":"Point","coordinates":[-118.51347914997987,34.2245535000162]},"properties":{"tract_id":"06037115401","population":5847,"density_per_sqkm":2974.519421387679,"lng":-118.51347914997987,"lat":34.2245535000162}},{"type":"Feature","geometry":{"type":"Point","coordinates":[-118.51097427532105,34.24001666670521]},"properties":{"tract_id":"06037115101","population":4678,"density_per_sqkm":1188.7959394858647,"lng":-118.51097427532105,"lat":34.24001666670521}},{"type":"Feature","geometry":{"type":"Point","coordinates":[-118.54110083930343,34.233856839245774]},"properties":{"tract_id":"06037115202","population":6010,"density_per_sqkm":2740.22288807617,"lng":-118.54110083930343,"lat":34.233856839245774}},{"type":"Feature","geometry":{"type":"Point","coordinates":[-118.5466249999819,34.2417508816988]},"properties":{"tract_id":"06037115301","population":4511,"density_per_sqkm":1410.772416593059,"lng":-118.5466249999819,"lat":34.2417508816988}},{"type":"Feature","geometry":{"type":"Point","coordinates":[-118.33914971150975,33.9415543076624]},"properties":{"tract_id":"06037601900","population":4729,"density_per_sqkm":6591.928766970869,"lng":-118.33914971150975,"lat":33.9415543076624}},{"type":"Feature","geometry":{"type":"Point","coordinates":[-118.32260257148737,34.02771171427299]},"properties":{"tract_id":"06037219010","population":3023,"density_per_sqkm":6799.192516688321,"lng":-118.32260257148737,"lat":34.02771171427299}},{"type":"Feature","geometry":{"type":"Point","coordinates":[-118.45821000002425,34.246106024403275]},"properties":{"tract_id":"06037117102","population":2504,"density_per_sqkm":2157.652851535015,"lng":-118.45821000002425,"lat":34.246106024403275}},{"type":"Feature","geometry":{"type":"Point","coordinates":[-118.44577404351408,34.237471130405076]},"properties":{"tract_id":"06037119341","population":2750,"density_per_sqkm":6013.086636264627,"lng":-118.44577404351408,"lat":34.237471130405076}},{"type":"Feature","geometry":{"type":"Point","coordinates":[-118.45789536363499,34.2231057273045]},"properties":{"tract_id":"06037120106","population":4443,"density_per_sqkm":21134.214704007296,"lng":-118.45789536363499,"lat":34.2231057273045}},{"type":"Feature","geometry":{"type":"Point","coordinates":[-118.37069781252167,34.214142468729634]},"properties":{"tract_id":"06037122121","population":2853,"density_per_sqkm":5040.284348512677,"lng":-118.37069781252167,"lat":34.214142468729634}},{"type":"Feature","geometry":{"type":"Point","coordinates":[-118.37501429167584,34.173856666669344]},"properties":{"tract_id":"06037124204","population":2302,"density_per_sqkm":7107.42160574235,"lng":-118.37501429167584,"lat":34.173856666669344}},{"type":"Feature","geometry":{"type":"Point","coordinates":[-118.59824322501076,34.16231843751481]},"properties":{"tract_id":"06037137502","population":4432,"density_per_sqkm":1761.4257683095964,"lng":-118.59824322501076,"lat":34.16231843751481}},{"type":"Feature","geometry":{"type":"Point","coordinates":[-118.40859319903161,34.11525650122028]},"properties":{"tract_id":"06037261104","population":1547,"density_per_sqkm":203.59335696431523,"lng":-118.40859319903161,"lat":34.11525650122028}},{"type":"Feature","geometry":{"type":"Point","coordinates":[-118.30683439288728,33.83488776778631]},"properties":{"tract_id":"06037293203","population":2936,"density_per_sqkm":5692.347616349995,"lng":-118.30683439288728,"lat":33.83488776778631}},{"type":"Feature","geometry":{"type":"Point","coordinates":[-118.54192878570146,34.243871071396555]},"properties":{"tract_id":"06037115204","population":3806,"density_per_sqkm":3025.301594153444,"lng":-118.54192878570146,"lat":34.243871071396555}},{"type":"Feature","geometry":{"type":"Point","coordinates":[-118.58625147058162,34.253769764703705]},"properties":{"tract_id":"06037113324","population":2771,"density_per_sqkm":8541.877051730768,"lng":-118.58625147058162,"lat":34.253769764703705}},{"type":"Feature","geometry":{"type":"Point","coordinates":[-118.59494970968017,34.253764096754466]},"properties":{"tract_id":"06037113323","population":3619,"density_per_sqkm":4900.497210591836,"lng":-118.59494970968017,"lat":34.253764096754466}},{"type":"Feature","geometry":{"type":"Point","coordinates":[-118.41310258623842,34.248766206957036]},"properties":{"tract_id":"06037104823","population":3362,"density_per_sqkm":2286.481731356645,"lng":-118.41310258623842,"lat":34.248766206957036}},{"type":"Feature","geometry":{"type":"Point","coordinates":[-118.52644787492827,34.26171492504627]},"properties":{"tract_id":"06037111304","population":3106,"density_per_sqkm":6457.3083356276275,"lng":-118.52644787492827,"lat":34.26171492504627}},{"type":"Feature","geometry":{"type":"Point","coordinates":[-118.34479839542891,34.27475970914351]},"properties":{"tract_id":"06037103202","population":2010,"density_per_sqkm":174.28348229906845,"lng":-118.34479839542891,"lat":34.27475970914351}},{"type":"Feature","geometry":{"type":"Point","coordinates":[-118.30771931509453,34.25528538357227]},"properties":{"tract_id":"06037103402","population":3829,"density_per_sqkm":3020.1050595637635,"lng":-118.30771931509453,"lat":34.25528538357227}},{"type":"Feature","geometry":{"type":"Point","coordinates":[-118.39196006065501,34.16132748476429]},"properties":{"tract_id":"06037125102","population":1948,"density_per_sqkm":2999.8353952353727,"lng":-118.39196006065501,"lat":34.16132748476429}},{"type":"Feature","geometry":{"type":"Point","coordinates":[-118.37212351611367,34.16138780644713]},"properties":{"tract_id":"06037125404","population":2886,"density_per_sqkm":7078.133952442603,"lng":-118.37212351611367,"lat":34.16138780644713}},{"type":"Feature","geometry":{"type":"Point","coordinates":[-118.6185343115238,34.17211962296747]},"properties":{"tract_id":"06037137203","population":2660,"density_per_sqkm":1914.7117282532915,"lng":-118.6185343115238,"lat":34.17211962296747}},{"type":"Feature","geometry":{"type":"Point","coordinates":[-118.39082605127602,34.16928007687346]},"properties":{"tract_id":"06037125101","population":3978,"density_per_sqkm":6120.572324986334,"lng":-118.39082605127602,"lat":34.16928007687346}},{"type":"Feature","geometry":{"type":"Point","coordinates":[-118.37651784615993,34.16329015377365]},"properties":{"tract_id":"06037125403","population":2571,"density_per_sqkm":11197.111864602228,"lng":-118.37651784615993,"lat":34.16329015377365}},{"type":"Feature","geometry":{"type":"Point","coordinates":[-118.3652196896537,34.166611413825976]},"properties":{"tract_id":"06037125321","population":2761,"density_per_sqkm":10535.913591996588,"lng":-118.3652196896537,"lat":34.166611413825976}},{"type":"Feature","geometry":{"type":"Point","coordinates":[-118.37330277771592,34.166455333367566]},"properties":{"tract_id":"06037125322","population":1981,"density_per_sqkm":5209.502701415405,"lng":-118.37330277771592,"lat":34.166455333367566}},{"type":"Feature","geometry":{"type":"Point","coordinates":[-118.3083644117537,34.17934101465877]},"properties":{"tract_id":"06037310705","population":2469,"density_per_sqkm":2098.6410930861307,"lng":-118.3083644117537,"lat":34.17934101465877}},{"type":"Feature","geometry":{"type":"Point","coordinates":[-118.52330624990822,34.16733781250298]},"properties":{"tract_id":"06037139505","population":2485,"density_per_sqkm":13430.211305825283,"lng":-118.52330624990822,"lat":34.16733781250298}},{"type":"Feature","geometry":{"type":"Point","coordinates":[-118.54891068423034,34.18489281583383]},"properties":{"tract_id":"06037133101","population":1827,"density_per_sqkm":2448.7034006363165,"lng":-118.54891068423034,"lat":34.18489281583383}},{"type":"Feature","geometry":{"type":"Point","coordinates":[-118.3051851929913,34.18326405259268]},"properties":{"tract_id":"06037310704","population":4298,"density_per_sqkm":3961.850007346184,"lng":-118.3051851929913,"lat":34.18326405259268}},{"type":"Feature","geometry":{"type":"Point","coordinates":[-118.54078575756498,34.18619960605094]},"properties":{"tract_id":"06037133102","population":3703,"density_per_sqkm":4148.80150320728,"lng":-118.54078575756498,"lat":34.18619960605094}},{"type":"Feature","geometry":{"type":"Point","coordinates":[-118.54060363047488,34.19477893474897]},"properties":{"tract_id":"06037131024","population":3984,"density_per_sqkm":4503.59276469411,"lng":-118.54060363047488,"lat":34.19477893474897}},{"type":"Feature","geometry":{"type":"Point","coordinates":[-118.66287874626788,34.19291652239463]},"properties":{"tract_id":"06037135205","population":2059,"density_per_sqkm":610.6198758826686,"lng":-118.66287874626788,"lat":34.19291652239463}},{"type":"Feature","geometry":{"type":"Point","coordinates":[-118.57727391886618,34.19609435136859]},"properties":{"tract_id":"06037134801","population":3091,"density_per_sqkm":2521.386915785648,"lng":-118.57727391886618,"lat":34.19609435136859}},{"type":"Feature","geometry":{"type":"Point","coordinates":[-118.56689769701346,34.193997090879236]},"properties":{"tract_id":"06037134802","population":3121,"density_per_sqkm":3255.2321748215686,"lng":-118.56689769701346,"lat":34.193997090879236}},{"type":"Feature","geometry":{"type":"Point","coordinates":[-118.52295623084188,34.204356192183]},"properties":{"tract_id":"06037131802","population":2481,"density_per_sqkm":3766.908578588765,"lng":-118.52295623084188,"lat":34.204356192183}},{"type":"Feature","geometry":{"type":"Point","coordinates":[-118.54151303571506,34.21171810724655]},"properties":{"tract_id":"06037131022","population":2917,"density_per_sqkm":4970.673937160374,"lng":-118.54151303571506,"lat":34.21171810724655}},{"type":"Feature","geometry":{"type":"Point","coordinates":[-118.57606628377296,34.16463286486216]},"properties":{"tract_id":"06037137501","population":5426,"density_per_sqkm":1280.0532908750884,"lng":-118.57606628377296,"lat":34.16463286486216}},{"type":"Feature","geometry":{"type":"Point","coordinates":[-118.56045359997619,34.22862862225792]},"properties":{"tract_id":"06037113424","population":3346,"density_per_sqkm":1216.1763342662637,"lng":-118.56045359997619,"lat":34.22862862225792}},{"type":"Feature","geometry":{"type":"Point","coordinates":[-118.42925264521737,34.23263948380997]},"properties":{"tract_id":"06037119802","population":3238,"density_per_sqkm":1855.5089936045163,"lng":-118.42925264521737,"lat":34.23263948380997}},{"type":"Feature","geometry":{"type":"Point","coordinates":[-118.29844688061404,33.849397365619154]},"properties":{"tract_id":"06037292001","population":4219,"density_per_sqkm":793.4787640178389,"lng":-118.29844688061404,"lat":33.849397365619154}},{"type":"Feature","geometry":{"type":"Point","coordinates":[-118.35712680003368,33.89136898669138]},"properties":{"tract_id":"06037603902","population":3211,"density_per_sqkm":3833.14407756023,"lng":-118.35712680003368,"lat":33.89136898669138}},{"type":"Feature","geometry":{"type":"Point","coordinates":[-118.33105077030885,33.89962751344816]},"properties":{"tract_id":"06037603705","population":2824,"density_per_sqkm":6912.54622054272,"lng":-118.33105077030885,"lat":33.89962751344816}},{"type":"Feature","geometry":{"type":"Point","coordinates":[-118.32289098555502,33.90523760869366]},"properties":{"tract_id":"06037602602","population":2839,"density_per_sqkm":4366.156220251025,"lng":-118.32289098555502,"lat":33.90523760869366}},{"type":"Feature","geometry":{"type":"Point","coordinates":[-118.33657175862113,33.9124647585928]},"properties":{"tract_id":"06037602511","population":4444,"density_per_sqkm":10801.411132335137,"lng":-118.33657175862113,"lat":33.9124647585928}},{"type":"Feature","geometry":{"type":"Point","coordinates":[-118.43730220982845,34.01727733333573]},"properties":{"tract_id":"06037271500","population":2926,"density_per_sqkm":1609.8731729241001,"lng":-118.43730220982845,"lat":34.01727733333573}},{"type":"Feature","geometry":{"type":"Point","coordinates":[-118.4221974638927,34.003097876349]},"properties":{"tract_id":"06037272301","population":3234,"density_per_sqkm":2441.3391579484587,"lng":-118.4221974638927,"lat":34.003097876349}},{"type":"Feature","geometry":{"type":"Point","coordinates":[-118.4259797594155,34.00179327851192]},"properties":{"tract_id":"06037272302","population":3766,"density_per_sqkm":3729.9610492310067,"lng":-118.4259797594155,"lat":34.00179327851192}},{"type":"Feature","geometry":{"type":"Point","coordinates":[-118.46330918084566,34.00362746808852]},"properties":{"tract_id":"06037273100","population":2644,"density_per_sqkm":1055.9376046437776,"lng":-118.46330918084566,"lat":34.00362746808852}},{"type":"Feature","geometry":{"type":"Point","coordinates":[-118.46761617142232,33.998226700020986]},"properties":{"tract_id":"06037273200","population":2911,"density_per_sqkm":2000.3209257595097,"lng":-118.46761617142232,"lat":33.998226700020986}},{"type":"Feature","geometry":{"type":"Point","coordinates":[-118.4727118731973,33.99587632393662]},"properties":{"tract_id":"06037273300","population":3024,"density_per_sqkm":2295.9660345824286,"lng":-118.4727118731973,"lat":33.99587632393662}},{"type":"Feature","geometry":{"type":"Point","coordinates":[-118.45964689478944,33.993866508779924]},"properties":{"tract_id":"06037273600","population":2103,"density_per_sqkm":1702.3646831377605,"lng":-118.45964689478944,"lat":33.993866508779924}},{"type":"Feature","geometry":{"type":"Point","coordinates":[-118.36922581701198,34.01500654250025]},"properties":{"tract_id":"06037236001","population":4207,"density_per_sqkm":966.7047871034181,"lng":-118.36922581701198,"lat":34.01500654250025}},{"type":"Feature","geometry":{"type":"Point","coordinates":[-118.34123529062312,34.00959114529016]},"properties":{"tract_id":"06037236102","population":3573,"density_per_sqkm":3241.5364068797644,"lng":-118.34123529062312,"lat":34.00959114529016}},{"type":"Feature","geometry":{"type":"Point","coordinates":[-118.33197520643718,34.00647052378984]},"properties":{"tract_id":"06037234301","population":1684,"density_per_sqkm":2312.744175758164,"lng":-118.33197520643718,"lat":34.00647052378984}},{"type":"Feature","geometry":{"type":"Point","coordinates":[-118.32298601755666,34.01099957895571]},"properties":{"tract_id":"06037234001","population":2379,"density_per_sqkm":2029.4472307717986,"lng":-118.32298601755666,"lat":34.01099957895571}},{"type":"Feature","geometry":{"type":"Point","coordinates":[-118.35177221213493,34.01501718183323]},"properties":{"tract_id":"06037236205","population":3421,"density_per_sqkm":16384.259252214615,"lng":-118.35177221213493,"lat":34.01501718183323}},{"type":"Feature","geometry":{"type":"Point","coordinates":[-118.30558202633692,34.01440299998455]},"properties":{"tract_id":"06037231302","population":3117,"density_per_sqkm":4706.352554478908,"lng":-118.30558202633692,"lat":34.01440299998455}},{"type":"Feature","geometry":{"type":"Point","coordinates":[-118.41128902665758,33.977968786695946]},"properties":{"tract_id":"06037275604","population":10065,"density_per_sqkm":1660.1649522206812,"lng":-118.41128902665758,"lat":33.977968786695946}},{"type":"Feature","geometry":{"type":"Point","coordinates":[-118.41368908113405,34.020370837870956]},"properties":{"tract_id":"06037271804","population":2414,"density_per_sqkm":2970.7648586199807,"lng":-118.41368908113405,"lat":34.020370837870956}},{"type":"Feature","geometry":{"type":"Point","coordinates":[-118.43010902082024,33.95769958335343]},"properties":{"tract_id":"06037276608","population":2141,"density_per_sqkm":3754.993737213263,"lng":-118.43010902082024,"lat":33.95769958335343}},{"type":"Feature","geometry":{"type":"Point","coordinates":[-118.3685151181647,33.97774203637564]},"properties":{"tract_id":"06037276102","population":3262,"density_per_sqkm":1110.2328085347376,"lng":-118.3685151181647,"lat":33.97774203637564}},{"type":"Feature","geometry":{"type":"Point","coordinates":[-118.43340819994687,33.97999946665294]},"properties":{"tract_id":"06037275312","population":1991,"density_per_sqkm":1034.388305199035,"lng":-118.43340819994687,"lat":33.97999946665294}},{"type":"Feature","geometry":{"type":"Point","coordinates":[-118.41988518645634,33.979825830515516]},"properties":{"tract_id":"06037275605","population":2701,"density_per_sqkm":861.1832576606173,"lng":-118.41988518645634,"lat":33.979825830515516}},{"type":"Feature","geometry":{"type":"Point","coordinates":[-118.38115222348024,33.975735929426214]},"properties":{"tract_id":"06037276101","population":2991,"density_per_sqkm":3901.317387949154,"lng":-118.38115222348024,"lat":33.975735929426214}},{"type":"Feature","geometry":{"type":"Point","coordinates":[-118.49886324742911,34.235660041263856]},"properties":{"tract_id":"06037117302","population":4957,"density_per_sqkm":1475.2556225705994,"lng":-118.49886324742911,"lat":34.235660041263856}},{"type":"Feature","geometry":{"type":"Point","coordinates":[-118.4928502363376,34.226887709091635]},"properties":{"tract_id":"06037117303","population":4428,"density_per_sqkm":2055.052026657795,"lng":-118.4928502363376,"lat":34.226887709091635}},{"type":"Feature","geometry":{"type":"Point","coordinates":[-118.4622661563084,34.22977384378247]},"properties":{"tract_id":"06037117520","population":4571,"density_per_sqkm":13320.222544507209,"lng":-118.4622661563084,"lat":34.22977384378247}},{"type":"Feature","geometry":{"type":"Point","coordinates":[-118.49236570534116,34.01419841073888]},"properties":{"tract_id":"06037701902","population":5149,"density_per_sqkm":1212.2481546134745,"lng":-118.49236570534116,"lat":34.01419841073888}},{"type":"Feature","geometry":{"type":"Point","coordinates":[-118.47754897438128,34.00146043585215]},"properties":{"tract_id":"06037702102","population":5620,"density_per_sqkm":2093.7055769918197,"lng":-118.47754897438128,"lat":34.00146043585215}},{"type":"Feature","geometry":{"type":"Point","coordinates":[-118.42107618173704,34.04800499994715]},"properties":{"tract_id":"06037267902","population":3570,"density_per_sqkm":1927.6237118140998,"lng":-118.42107618173704,"lat":34.04800499994715}},{"type":"Feature","geometry":{"type":"Point","coordinates":[-118.37893236957635,34.041651130409875]},"properties":{"tract_id":"06037269601","population":3515,"density_per_sqkm":7415.220602125651,"lng":-118.37893236957635,"lat":34.041651130409875}},{"type":"Feature","geometry":{"type":"Point","coordinates":[-118.40584087097623,34.019667806479745]},"properties":{"tract_id":"06037269903","population":3318,"density_per_sqkm":5082.620558054182,"lng":-118.40584087097623,"lat":34.019667806479745}},{"type":"Feature","geometry":{"type":"Point","coordinates":[-118.40110595658815,34.0216446956644]},"properties":{"tract_id":"06037269905","population":2227,"density_per_sqkm":4301.7757639259335,"lng":-118.40110595658815,"lat":34.0216446956644}},{"type":"Feature","geometry":{"type":"Point","coordinates":[-118.43222904535178,34.011047431900046]},"properties":{"tract_id":"06037271902","population":3871,"density_per_sqkm":2150.2363022419822,"lng":-118.43222904535178,"lat":34.011047431900046}},{"type":"Feature","geometry":{"type":"Point","coordinates":[-118.43357849995336,33.99979963331752]},"properties":{"tract_id":"06037272201","population":1991,"density_per_sqkm":4037.029873533909,"lng":-118.43357849995336,"lat":33.99979963331752}},{"type":"Feature","geometry":{"type":"Point","coordinates":[-118.43902380557387,33.997002777843086]},"properties":{"tract_id":"06037272202","population":3106,"density_per_sqkm":4557.449497734683,"lng":-118.43902380557387,"lat":33.997002777843086}},{"type":"Feature","geometry":{"type":"Point","coordinates":[-118.36180507403978,33.974046537085535]},"properties":{"tract_id":"06037601303","population":5593,"density_per_sqkm":9620.159008811353,"lng":-118.36180507403978,"lat":33.974046537085535}},{"type":"Feature","geometry":{"type":"Point","coordinates":[-118.33950225349696,33.927855901375054]},"properties":{"tract_id":"06037602002","population":3086,"density_per_sqkm":4754.4111991726695,"lng":-118.33950225349696,"lat":33.927855901375054}},{"type":"Feature","geometry":{"type":"Point","coordinates":[-118.33997016664786,33.933723727247816]},"properties":{"tract_id":"06037602003","population":4438,"density_per_sqkm":7061.921093967947,"lng":-118.33997016664786,"lat":33.933723727247816}},{"type":"Feature","geometry":{"type":"Point","coordinates":[-118.35671554103018,33.92867627871675]},"properties":{"tract_id":"06037602103","population":5336,"density_per_sqkm":6011.338262641945,"lng":-118.35671554103018,"lat":33.92867627871675}},{"type":"Feature","geometry":{"type":"Point","coordinates":[-118.34765429855962,33.92910692531087]},"properties":{"tract_id":"06037602104","population":6159,"density_per_sqkm":7183.614830378341,"lng":-118.34765429855962,"lat":33.92910692531087}},{"type":"Feature","geometry":{"type":"Point","coordinates":[-118.4182846052887,34.01695294740466]},"properties":{"tract_id":"06037271801","population":3045,"density_per_sqkm":3058.614838747613,"lng":-118.4182846052887,"lat":34.01695294740466}},{"type":"Feature","geometry":{"type":"Point","coordinates":[-118.50833496891723,34.085579460113685]},"properties":{"tract_id":"06037262400","population":2900,"density_per_sqkm":120.45073522607449,"lng":-118.50833496891723,"lat":34.085579460113685}},{"type":"Feature","geometry":{"type":"Point","coordinates":[-118.56173687501271,34.1883394999828]},"properties":{"tract_id":"06037134901","population":2577,"density_per_sqkm":1474.9874281760544,"lng":-118.56173687501271,"lat":34.1883394999828}},{"type":"Feature","geometry":{"type":"Point","coordinates":[-118.41644315422944,34.082188570109]},"properties":{"tract_id":"06037700700","population":3530,"density_per_sqkm":493.0840367444128,"lng":-118.41644315422944,"lat":34.082188570109}},{"type":"Feature","geometry":{"type":"Point","coordinates":[-118.3728280100942,34.091895373716824]},"properties":{"tract_id":"06037700300","population":5745,"density_per_sqkm":5225.537022425086,"lng":-118.3728280100942,"lat":34.091895373716824}},{"type":"Feature","geometry":{"type":"Point","coordinates":[-118.30727118446706,34.27385430097115]},"properties":{"tract_id":"06037103101","population":2726,"density_per_sqkm":855.943595520761,"lng":-118.30727118446706,"lat":34.27385430097115}},{"type":"Feature","geometry":{"type":"Point","coordinates":[-118.30709023882083,34.26218958208987]},"properties":{"tract_id":"06037103102","population":4550,"density_per_sqkm":3026.2689036917272,"lng":-118.30709023882083,"lat":34.26218958208987}},{"type":"Feature","geometry":{"type":"Point","coordinates":[-118.40256845000249,34.277247924955844]},"properties":{"tract_id":"06037104105","population":6195,"density_per_sqkm":3971.431787955228,"lng":-118.40256845000249,"lat":34.277247924955844}},{"type":"Feature","geometry":{"type":"Point","coordinates":[-118.31359826929355,34.02821884608076]},"properties":{"tract_id":"06037222001","population":3139,"density_per_sqkm":6583.775566059964,"lng":-118.31359826929355,"lat":34.02821884608076}},{"type":"Feature","geometry":{"type":"Point","coordinates":[-118.53297101199489,34.09154315595968]},"properties":{"tract_id":"06037980019","population":79,"density_per_sqkm":0.9676931416092232,"lng":-118.53297101199489,"lat":34.09154315595968}},{"type":"Feature","geometry":{"type":"Point","coordinates":[-118.44335685714779,34.038323959211795]},"properties":{"tract_id":"06037267700","population":3890,"density_per_sqkm":2390.570659632468,"lng":-118.44335685714779,"lat":34.038323959211795}},{"type":"Feature","geometry":{"type":"Point","coordinates":[-118.33877458335843,34.08327408336211]},"properties":{"tract_id":"06037191902","population":2836,"density_per_sqkm":3721.065517474699,"lng":-118.33877458335843,"lat":34.08327408336211}},{"type":"Feature","geometry":{"type":"Point","coordinates":[-118.36518845554703,34.11877527531]},"properties":{"tract_id":"06037194102","population":2490,"density_per_sqkm":411.3177035267075,"lng":-118.36518845554703,"lat":34.11877527531}},{"type":"Feature","geometry":{"type":"Point","coordinates":[-118.52225852076242,34.239064416673784]},"properties":{"tract_id":"06037115104","population":4327,"density_per_sqkm":2598.4260235171673,"lng":-118.52225852076242,"lat":34.239064416673784}},{"type":"Feature","geometry":{"type":"Point","coordinates":[-118.44149766655256,34.247216666746446]},"properties":{"tract_id":"06037119201","population":4412,"density_per_sqkm":2330.24522898299,"lng":-118.44149766655256,"lat":34.247216666746446}},{"type":"Feature","geometry":{"type":"Point","coordinates":[-118.3662401874781,34.162983468737636]},"properties":{"tract_id":"06037125501","population":2871,"density_per_sqkm":5934.033056688185,"lng":-118.3662401874781,"lat":34.162983468737636}},{"type":"Feature","geometry":{"type":"Point","coordinates":[-118.6654855974843,34.14408016751397]},"properties":{"tract_id":"06037800204","population":4086,"density_per_sqkm":246.05684410666035,"lng":-118.6654855974843,"lat":34.14408016751397}},{"type":"Feature","geometry":{"type":"Point","coordinates":[-118.3223719999623,33.97437578570761]},"properties":{"tract_id":"06037235201","population":2847,"density_per_sqkm":4274.944843635683,"lng":-118.3223719999623,"lat":33.97437578570761}},{"type":"Feature","geometry":{"type":"Point","coordinates":[-118.33096593542818,33.97256830647381]},"properties":{"tract_id":"06037235202","population":3888,"density_per_sqkm":3981.314579341326,"lng":-118.33096593542818,"lat":33.97256830647381}},{"type":"Feature","geometry":{"type":"Point","coordinates":[-118.34875593879875,34.20993565301577]},"properties":{"tract_id":"06037102105","population":1610,"density_per_sqkm":1823.975325027588,"lng":-118.34875593879875,"lat":34.20993565301577}},{"type":"Feature","geometry":{"type":"Point","coordinates":[-118.4163974000276,34.2474909499896]},"properties":{"tract_id":"06037104821","population":3431,"density_per_sqkm":2332.792400696616,"lng":-118.4163974000276,"lat":34.2474909499896}},{"type":"Feature","geometry":{"type":"Point","coordinates":[-118.46084577111222,34.072547891515086]},"properties":{"tract_id":"06037265420","population":1474,"density_per_sqkm":1165.919980768701,"lng":-118.46084577111222,"lat":34.072547891515086}},{"type":"Feature","geometry":{"type":"Point","coordinates":[-118.43308724525366,34.03884409428409]},"properties":{"tract_id":"06037267800","population":3096,"density_per_sqkm":1458.1270119787605,"lng":-118.43308724525366,"lat":34.03884409428409}},{"type":"Feature","geometry":{"type":"Point","coordinates":[-118.45377126471419,34.03231010291503]},"properties":{"tract_id":"06037267600","population":2434,"density_per_sqkm":1018.4875966933208,"lng":-118.45377126471419,"lat":34.03231010291503}},{"type":"Feature","geometry":{"type":"Point","coordinates":[-118.31214510005034,34.0947897249769]},"properties":{"tract_id":"06037190901","population":3609,"density_per_sqkm":7296.388203017967,"lng":-118.31214510005034,"lat":34.0947897249769}},{"type":"Feature","geometry":{"type":"Point","coordinates":[-118.34328171836003,34.11574414211613]},"properties":{"tract_id":"06037189702","population":2283,"density_per_sqkm":901.9997228012725,"lng":-118.34328171836003,"lat":34.11574414211613}},{"type":"Feature","geometry":{"type":"Point","coordinates":[-118.35750503739577,34.127745214682385]},"properties":{"tract_id":"06037143700","population":3438,"density_per_sqkm":436.3477554148528,"lng":-118.35750503739577,"lat":34.127745214682385}},{"type":"Feature","geometry":{"type":"Point","coordinates":[-118.31055129704549,34.2019087573323]},"properties":{"tract_id":"06037310100","population":5207,"density_per_sqkm":232.57003966166022,"lng":-118.31055129704549,"lat":34.2019087573323}},{"type":"Feature","geometry":{"type":"Point","coordinates":[-118.383443612426,34.024881923448675]},"properties":{"tract_id":"06037702400","population":4541,"density_per_sqkm":873.0386519498405,"lng":-118.383443612426,"lat":34.024881923448675}},{"type":"Feature","geometry":{"type":"Point","coordinates":[-118.30670873342797,34.06752413342433]},"properties":{"tract_id":"06037211804","population":3131,"density_per_sqkm":16726.001484067085,"lng":-118.30670873342797,"lat":34.06752413342433}},{"type":"Feature","geometry":{"type":"Point","coordinates":[-118.6714779999974,34.277273320571474]},"properties":{"tract_id":"06111008302","population":5209,"density_per_sqkm":2457.4610009476405,"lng":-118.6714779999974,"lat":34.277273320571474}},{"type":"Feature","geometry":{"type":"Point","coordinates":[-118.69024069066099,34.26968248456104]},"properties":{"tract_id":"06111008303","population":4448,"density_per_sqkm":2487.824504616277,"lng":-118.69024069066099,"lat":34.26968248456104}},{"type":"Feature","geometry":{"type":"Point","coordinates":[-118.47689336531782,33.99423632690706]},"properties":{"tract_id":"06037273404","population":1424,"density_per_sqkm":2915.135956087993,"lng":-118.47689336531782,"lat":33.99423632690706}},{"type":"Feature","geometry":{"type":"Point","coordinates":[-118.30833167739235,34.00004522578208]},"properties":{"tract_id":"06037232401","population":3968,"density_per_sqkm":4841.406024412804,"lng":-118.30833167739235,"lat":34.00004522578208}},{"type":"Feature","geometry":{"type":"Point","coordinates":[-118.32631766008683,34.00672344002562]},"properties":{"tract_id":"06037234302","population":2441,"density_per_sqkm":4342.17177481951,"lng":-118.32631766008683,"lat":34.00672344002562}},{"type":"Feature","geometry":{"type":"Point","coordinates":[-118.34122494871859,34.01410183331808]},"properties":{"tract_id":"06037236101","population":2421,"density_per_sqkm":2607.5173558752012,"lng":-118.34122494871859,"lat":34.01410183331808}},{"type":"Feature","geometry":{"type":"Point","coordinates":[-118.31923783334554,34.011343104133836]},"properties":{"tract_id":"06037234002","population":3030,"density_per_sqkm":4430.234985462032,"lng":-118.31923783334554,"lat":34.011343104133836}},{"type":"Feature","geometry":{"type":"Point","coordinates":[-118.35245124993567,34.01776021427674]},"properties":{"tract_id":"06037236206","population":2983,"density_per_sqkm":5119.62829797612,"lng":-118.35245124993567,"lat":34.01776021427674}},{"type":"Feature","geometry":{"type":"Point","coordinates":[-118.42429102565875,34.06275634617779]},"properties":{"tract_id":"06037265701","population":1745,"density_per_sqkm":939.7270607987598,"lng":-118.42429102565875,"lat":34.06275634617779}},{"type":"Feature","geometry":{"type":"Point","coordinates":[-118.36966331251882,34.06051074997967]},"properties":{"tract_id":"06037216301","population":1439,"density_per_sqkm":1571.4685521446102,"lng":-118.36966331251882,"lat":34.06051074997967}},{"type":"Feature","geometry":{"type":"Point","coordinates":[-118.44337189744172,34.061585717952994]},"properties":{"tract_id":"06037265204","population":1544,"density_per_sqkm":3660.01274664034,"lng":-118.44337189744172,"lat":34.061585717952994}},{"type":"Feature","geometry":{"type":"Point","coordinates":[-118.43858093445672,34.06274798362649]},"properties":{"tract_id":"06037265203","population":1988,"density_per_sqkm":3313.7426784202676,"lng":-118.43858093445672,"lat":34.06274798362649}},{"type":"Feature","geometry":{"type":"Point","coordinates":[-118.34851045158543,34.07424080648102]},"properties":{"tract_id":"06037214000","population":3692,"density_per_sqkm":3456.4870247349277,"lng":-118.34851045158543,"lat":34.07424080648102}},{"type":"Feature","geometry":{"type":"Point","coordinates":[-118.33802829405768,34.07535672546853]},"properties":{"tract_id":"06037214100","population":3569,"density_per_sqkm":3093.4223907967516,"lng":-118.33802829405768,"lat":34.07535672546853}},{"type":"Feature","geometry":{"type":"Point","coordinates":[-118.35792553862294,34.078082576953804]},"properties":{"tract_id":"06037214400","population":2905,"density_per_sqkm":8375.825591341816,"lng":-118.35792553862294,"lat":34.078082576953804}},{"type":"Feature","geometry":{"type":"Point","coordinates":[-118.37009959618284,34.0558357115677]},"properties":{"tract_id":"06037216800","population":3324,"density_per_sqkm":3289.0762225515728,"lng":-118.37009959618284,"lat":34.0558357115677}},{"type":"Feature","geometry":{"type":"Point","coordinates":[-118.43368306949436,33.955738388934584]},"properties":{"tract_id":"06037276605","population":2366,"density_per_sqkm":4336.5858671573405,"lng":-118.43368306949436,"lat":33.955738388934584}},{"type":"Feature","geometry":{"type":"Point","coordinates":[-118.42077820456171,33.9563793635879]},"properties":{"tract_id":"06037276607","population":2787,"density_per_sqkm":3398.1472753480543,"lng":-118.42077820456171,"lat":33.9563793635879}},{"type":"Feature","geometry":{"type":"Point","coordinates":[-118.34112271692892,34.04905413207665]},"properties":{"tract_id":"06037217200","population":3839,"density_per_sqkm":2701.3724641519666,"lng":-118.34112271692892,"lat":34.04905413207665}},{"type":"Feature","geometry":{"type":"Point","coordinates":[-118.32865453331871,34.04508528889276]},"properties":{"tract_id":"06037218110","population":3521,"density_per_sqkm":3556.838234154473,"lng":-118.32865453331871,"lat":34.04508528889276}},{"type":"Feature","geometry":{"type":"Point","coordinates":[-118.34243210350748,34.042627862087905]},"properties":{"tract_id":"06037218210","population":4090,"density_per_sqkm":6984.191659885534,"lng":-118.34243210350748,"lat":34.042627862087905}},{"type":"Feature","geometry":{"type":"Point","coordinates":[-118.33539019143637,34.04409785107585]},"properties":{"tract_id":"06037218220","population":3858,"density_per_sqkm":4041.3080955208284,"lng":-118.33539019143637,"lat":34.04409785107585}},{"type":"Feature","geometry":{"type":"Point","coordinates":[-118.35535082607025,34.04212131883684]},"properties":{"tract_id":"06037218300","population":4933,"density_per_sqkm":2254.6530053737088,"lng":-118.35535082607025,"lat":34.04212131883684}},{"type":"Feature","geometry":{"type":"Point","coordinates":[-118.35938721425397,33.84477098215843]},"properties":{"tract_id":"06037650607","population":2736,"density_per_sqkm":3750.737670929599,"lng":-118.35938721425397,"lat":33.84477098215843}},{"type":"Feature","geometry":{"type":"Point","coordinates":[-118.54137985713758,34.204032285677805]},"properties":{"tract_id":"06037131023","population":2774,"density_per_sqkm":4701.672954733583,"lng":-118.54137985713758,"lat":34.204032285677805}},{"type":"Feature","geometry":{"type":"Point","coordinates":[-118.53213166655807,34.20512424999417]},"properties":{"tract_id":"06037131801","population":3068,"density_per_sqkm":4661.740638851347,"lng":-118.53213166655807,"lat":34.20512424999417}},{"type":"Feature","geometry":{"type":"Point","coordinates":[-118.48371804164378,34.00709884371414]},"properties":{"tract_id":"06037702002","population":6185,"density_per_sqkm":2265.9073284583087,"lng":-118.48371804164378,"lat":34.00709884371414}},{"type":"Feature","geometry":{"type":"Point","coordinates":[-118.41323830358373,34.05732598216473]},"properties":{"tract_id":"06037267901","population":2627,"density_per_sqkm":1100.9428161945505,"lng":-118.41323830358373,"lat":34.05732598216473}},{"type":"Feature","geometry":{"type":"Point","coordinates":[-118.40304784003224,34.02493344005978]},"properties":{"tract_id":"06037269906","population":3327,"density_per_sqkm":7635.074052460004,"lng":-118.40304784003224,"lat":34.02493344005978}},{"type":"Feature","geometry":{"type":"Point","coordinates":[-118.36521654650974,33.94348904651462]},"properties":{"tract_id":"06037601501","population":3707,"density_per_sqkm":7592.102776511753,"lng":-118.36521654650974,"lat":33.94348904651462}},{"type":"Feature","geometry":{"type":"Point","coordinates":[-118.29996124713898,34.176149426983855]},"properties":{"tract_id":"06037310703","population":5030,"density_per_sqkm":2207.103723542634,"lng":-118.29996124713898,"lat":34.176149426983855}},{"type":"Feature","geometry":{"type":"Point","coordinates":[-118.3300450275081,34.182150412899404]},"properties":{"tract_id":"06037310900","population":6892,"density_per_sqkm":2006.3148463180514,"lng":-118.3300450275081,"lat":34.182150412899404}},{"type":"Feature","geometry":{"type":"Point","coordinates":[-118.34940609849862,33.867150901484344]},"properties":{"tract_id":"06037650300","population":7326,"density_per_sqkm":2499.1825313092418,"lng":-118.34940609849862,"lat":33.867150901484344}},{"type":"Feature","geometry":{"type":"Point","coordinates":[-118.35968496340074,33.853971792690615]},"properties":{"tract_id":"06037650501","population":2833,"density_per_sqkm":2382.910438847504,"lng":-118.35968496340074,"lat":33.853971792690615}},{"type":"Feature","geometry":{"type":"Point","coordinates":[-118.36978018269234,33.85303627882762]},"properties":{"tract_id":"06037650502","population":4222,"density_per_sqkm":2604.6545311682044,"lng":-118.36978018269234,"lat":33.85303627882762}},{"type":"Feature","geometry":{"type":"Point","coordinates":[-118.37286981868917,33.843436060444375]},"properties":{"tract_id":"06037650603","population":3791,"density_per_sqkm":2246.43604746753,"lng":-118.37286981868917,"lat":33.843436060444375}},{"type":"Feature","geometry":{"type":"Point","coordinates":[-118.35317631681573,33.83141161385905]},"properties":{"tract_id":"06037650701","population":2569,"density_per_sqkm":1138.8637687906091,"lng":-118.35317631681573,"lat":33.83141161385905}},{"type":"Feature","geometry":{"type":"Point","coordinates":[-118.33756739473405,33.888423333311344]},"properties":{"tract_id":"06037603702","population":5015,"density_per_sqkm":1570.1502404051425,"lng":-118.33756739473405,"lat":33.888423333311344}},{"type":"Feature","geometry":{"type":"Point","coordinates":[-118.31674888236059,34.07210970590511]},"properties":{"tract_id":"06037211500","population":4064,"density_per_sqkm":3960.279816635865,"lng":-118.31674888236059,"lat":34.07210970590511}},{"type":"Feature","geometry":{"type":"Point","coordinates":[-118.3179102162265,34.06475159462406]},"properties":{"tract_id":"06037211701","population":2677,"density_per_sqkm":4077.3824473062923,"lng":-118.3179102162265,"lat":34.06475159462406}},{"type":"Feature","geometry":{"type":"Point","coordinates":[-118.314407677506,34.05985622579243]},"properties":{"tract_id":"06037212610","population":4218,"density_per_sqkm":10853.249833896605,"lng":-118.314407677506,"lat":34.05985622579243}},{"type":"Feature","geometry":{"type":"Point","coordinates":[-118.31362029168567,34.05633800001481]},"properties":{"tract_id":"06037212620","population":3799,"density_per_sqkm":11212.741922760424,"lng":-118.31362029168567,"lat":34.05633800001481}},{"type":"Feature","geometry":{"type":"Point","coordinates":[-118.3308932701954,34.051950459496]},"properties":{"tract_id":"06037212800","population":3176,"density_per_sqkm":2612.5639377719785,"lng":-118.3308932701954,"lat":34.051950459496}},{"type":"Feature","geometry":{"type":"Point","coordinates":[-118.32143290332867,34.0494443548677]},"properties":{"tract_id":"06037212900","population":3842,"density_per_sqkm":6114.279004177499,"lng":-118.32143290332867,"lat":34.0494443548677}},{"type":"Feature","geometry":{"type":"Point","coordinates":[-118.31336407694423,34.051238153906475]},"properties":{"tract_id":"06037213100","population":2860,"density_per_sqkm":4506.409978272501,"lng":-118.31336407694423,"lat":34.051238153906475}},{"type":"Feature","geometry":{"type":"Point","coordinates":[-118.30726182558786,33.94736418604325]},"properties":{"tract_id":"06037238000","population":5592,"density_per_sqkm":2156.5719569912894,"lng":-118.30726182558786,"lat":33.94736418604325}},{"type":"Feature","geometry":{"type":"Point","coordinates":[-118.31224080483034,33.96324885363893]},"properties":{"tract_id":"06037238100","population":5165,"density_per_sqkm":5254.682272419109,"lng":-118.31224080483034,"lat":33.96324885363893}},{"type":"Feature","geometry":{"type":"Point","coordinates":[-118.30716345158852,33.95655759674089]},"properties":{"tract_id":"06037238400","population":5107,"density_per_sqkm":3906.8457958645213,"lng":-118.30716345158852,"lat":33.95655759674089}},{"type":"Feature","geometry":{"type":"Point","coordinates":[-118.33148487607673,34.068418132718854]},"properties":{"tract_id":"06037211000","population":5130,"density_per_sqkm":1319.6830481742684,"lng":-118.33148487607673,"lat":34.068418132718854}},{"type":"Feature","geometry":{"type":"Point","coordinates":[-118.3074863889495,34.07311294448206]},"properties":{"tract_id":"06037211410","population":3038,"density_per_sqkm":11118.48616507852,"lng":-118.3074863889495,"lat":34.07311294448206}},{"type":"Feature","geometry":{"type":"Point","coordinates":[-118.3071618649174,34.166584770276785]},"properties":{"tract_id":"06037311801","population":2951,"density_per_sqkm":2101.1008527721942,"lng":-118.3071618649174,"lat":34.166584770276785}},{"type":"Feature","geometry":{"type":"Point","coordinates":[-118.39635364284126,34.03125817144428]},"properties":{"tract_id":"06037269800","population":3069,"density_per_sqkm":2911.7556743793016,"lng":-118.39635364284126,"lat":34.03125817144428}},{"type":"Feature","geometry":{"type":"Point","coordinates":[-118.30518938822861,33.908319770594375]},"properties":{"tract_id":"06037602900","population":4115,"density_per_sqkm":993.6469585205108,"lng":-118.30518938822861,"lat":33.908319770594375}},{"type":"Feature","geometry":{"type":"Point","coordinates":[-118.33725863263767,33.90499502038933]},"properties":{"tract_id":"06037602504","population":4877,"density_per_sqkm":15069.888819392385,"lng":-118.33725863263767,"lat":33.90499502038933}},{"type":"Feature","geometry":{"type":"Point","coordinates":[-118.54661839275155,34.048131972825324]},"properties":{"tract_id":"06037262604","population":5763,"density_per_sqkm":439.8894219633495,"lng":-118.54661839275155,"lat":34.048131972825324}},{"type":"Feature","geometry":{"type":"Point","coordinates":[-118.50788371469208,34.04466358133899]},"properties":{"tract_id":"06037262802","population":3512,"density_per_sqkm":316.03676944624493,"lng":-118.50788371469208,"lat":34.04466358133899}},{"type":"Feature","geometry":{"type":"Point","coordinates":[-118.45717286367834,34.04777527276675]},"properties":{"tract_id":"06037267403","population":3538,"density_per_sqkm":6267.9868091619055,"lng":-118.45717286367834,"lat":34.04777527276675}},{"type":"Feature","geometry":{"type":"Point","coordinates":[-118.40415207693012,34.04330538096815]},"properties":{"tract_id":"06037269000","population":4646,"density_per_sqkm":1191.4335085534203,"lng":-118.40415207693012,"lat":34.04330538096815}},{"type":"Feature","geometry":{"type":"Point","coordinates":[-118.39554962503468,34.05319925002388]},"properties":{"tract_id":"06037269100","population":4212,"density_per_sqkm":4220.975010116019,"lng":-118.39554962503468,"lat":34.05319925002388}},{"type":"Feature","geometry":{"type":"Point","coordinates":[-118.41100498037648,34.037390333326336]},"properties":{"tract_id":"06037269300","population":3763,"density_per_sqkm":889.0203336658931,"lng":-118.41100498037648,"lat":34.037390333326336}},{"type":"Feature","geometry":{"type":"Point","coordinates":[-118.39477911766697,34.0432439019806]},"properties":{"tract_id":"06037269500","population":3855,"density_per_sqkm":1722.5055676789707,"lng":-118.39477911766697,"lat":34.0432439019806}},{"type":"Feature","geometry":{"type":"Point","coordinates":[-118.38476370418957,34.036308098564554]},"properties":{"tract_id":"06037269700","population":3769,"density_per_sqkm":2097.581343864753,"lng":-118.38476370418957,"lat":34.036308098564554}},{"type":"Feature","geometry":{"type":"Point","coordinates":[-118.36138262032391,33.84054106330173]},"properties":{"tract_id":"06037650606","population":4436,"density_per_sqkm":3325.771452564643,"lng":-118.36138262032391,"lat":33.84054106330173}},{"type":"Feature","geometry":{"type":"Point","coordinates":[-118.30354971423976,33.83766048210335]},"properties":{"tract_id":"06037292002","population":1993,"density_per_sqkm":3068.445043091343,"lng":-118.30354971423976,"lat":33.83766048210335}},{"type":"Feature","geometry":{"type":"Point","coordinates":[-118.38362467999148,33.860926133309455]},"properties":{"tract_id":"06037620703","population":3727,"density_per_sqkm":4298.25221956678,"lng":-118.38362467999148,"lat":33.860926133309455}},{"type":"Feature","geometry":{"type":"Point","coordinates":[-118.37609154999458,33.86031121662543]},"properties":{"tract_id":"06037620704","population":3720,"density_per_sqkm":3559.709746837551,"lng":-118.37609154999458,"lat":33.86031121662543}},{"type":"Feature","geometry":{"type":"Point","coordinates":[-118.38269177423739,33.879729467708614]},"properties":{"tract_id":"06037620801","population":4019,"density_per_sqkm":3104.153504591067,"lng":-118.38269177423739,"lat":33.879729467708614}},{"type":"Feature","geometry":{"type":"Point","coordinates":[-118.39232536840224,33.87927707017826]},"properties":{"tract_id":"06037620802","population":3434,"density_per_sqkm":2653.5574365416487,"lng":-118.39232536840224,"lat":33.87927707017826}},{"type":"Feature","geometry":{"type":"Point","coordinates":[-118.34920715258632,33.87893952543537]},"properties":{"tract_id":"06037604102","population":2811,"density_per_sqkm":3183.315054411337,"lng":-118.34920715258632,"lat":33.87893952543537}},{"type":"Feature","geometry":{"type":"Point","coordinates":[-118.40167136783785,33.870788091992935]},"properties":{"tract_id":"06037621005","population":4587,"density_per_sqkm":1377.945412996943,"lng":-118.40167136783785,"lat":33.870788091992935}},{"type":"Feature","geometry":{"type":"Point","coordinates":[-118.34777396004814,33.884841019972335]},"properties":{"tract_id":"06037604101","population":4108,"density_per_sqkm":6413.870099693238,"lng":-118.34777396004814,"lat":33.884841019972335}},{"type":"Feature","geometry":{"type":"Point","coordinates":[-118.36053201611462,34.03657585479742]},"properties":{"tract_id":"06037218400","population":4079,"density_per_sqkm":3271.570519633694,"lng":-118.36053201611462,"lat":34.03657585479742}},{"type":"Feature","geometry":{"type":"Point","coordinates":[-118.34989260000727,34.03719148568959]},"properties":{"tract_id":"06037218500","population":2784,"density_per_sqkm":3640.337525595123,"lng":-118.34989260000727,"lat":34.03719148568959}},{"type":"Feature","geometry":{"type":"Point","coordinates":[-118.34245729999354,34.03722867502917]},"properties":{"tract_id":"06037218600","population":3102,"density_per_sqkm":5129.146405877764,"lng":-118.34245729999354,"lat":34.03722867502917}},{"type":"Feature","geometry":{"type":"Point","coordinates":[-118.32372059090795,34.03272813635252]},"properties":{"tract_id":"06037218900","population":5229,"density_per_sqkm":5983.82968853294,"lng":-118.32372059090795,"lat":34.03272813635252}},{"type":"Feature","geometry":{"type":"Point","coordinates":[-118.32273539997536,34.02160622504313]},"properties":{"tract_id":"06037219020","population":4625,"density_per_sqkm":5770.833153457209,"lng":-118.32273539997536,"lat":34.02160622504313}},{"type":"Feature","geometry":{"type":"Point","coordinates":[-118.43068040291777,34.01972911939884]},"properties":{"tract_id":"06037271600","population":5099,"density_per_sqkm":3008.4832106259273,"lng":-118.43068040291777,"lat":34.01972911939884}},{"type":"Feature","geometry":{"type":"Point","coordinates":[-118.35506751719132,34.200411804633426]},"properties":{"tract_id":"06037980001","population":0,"density_per_sqkm":0,"lng":-118.35506751719132,"lat":34.200411804633426}},{"type":"Feature","geometry":{"type":"Point","coordinates":[-118.34829675757557,33.956230303063045]},"properties":{"tract_id":"06037601002","population":5074,"density_per_sqkm":6326.999589454368,"lng":-118.34829675757557,"lat":33.956230303063045}},{"type":"Feature","geometry":{"type":"Point","coordinates":[-118.36588669228499,33.87693079485199]},"properties":{"tract_id":"06037620521","population":4609,"density_per_sqkm":7144.40860845744,"lng":-118.36588669228499,"lat":33.87693079485199}},{"type":"Feature","geometry":{"type":"Point","coordinates":[-118.48818708830328,34.06997262051493]},"properties":{"tract_id":"06037262303","population":2749,"density_per_sqkm":695.8174152655785,"lng":-118.48818708830328,"lat":34.06997262051493}},{"type":"Feature","geometry":{"type":"Point","coordinates":[-118.60333439317314,34.326388501410484]},"properties":{"tract_id":"06037920303","population":1507,"density_per_sqkm":12.516437956130831,"lng":-118.60333439317314,"lat":34.326388501410484}},{"type":"Feature","geometry":{"type":"Point","coordinates":[-118.43826214278431,34.21503870239784]},"properties":{"tract_id":"06037120300","population":5299,"density_per_sqkm":2164.9137169534256,"lng":-118.43826214278431,"lat":34.21503870239784}},{"type":"Feature","geometry":{"type":"Point","coordinates":[-118.43320533326013,34.21810407842538]},"properties":{"tract_id":"06037120400","population":6170,"density_per_sqkm":3477.622895614573,"lng":-118.43320533326013,"lat":34.21810407842538}},{"type":"Feature","geometry":{"type":"Point","coordinates":[-118.40531238146059,34.22614398971905]},"properties":{"tract_id":"06037121010","population":5277,"density_per_sqkm":1762.3775551942174,"lng":-118.40531238146059,"lat":34.22614398971905}},{"type":"Feature","geometry":{"type":"Point","coordinates":[-118.40340733343153,34.21142294875818]},"properties":{"tract_id":"06037121020","population":3661,"density_per_sqkm":3248.531822745365,"lng":-118.40340733343153,"lat":34.21142294875818}},{"type":"Feature","geometry":{"type":"Point","coordinates":[-118.32166244735026,33.981650684198776]},"properties":{"tract_id":"06037234800","population":3424,"density_per_sqkm":5186.2978613369805,"lng":-118.32166244735026,"lat":33.981650684198776}},{"type":"Feature","geometry":{"type":"Point","coordinates":[-118.40783623684058,34.02908952638655]},"properties":{"tract_id":"06037269907","population":2452,"density_per_sqkm":4671.402386557172,"lng":-118.40783623684058,"lat":34.02908952638655}},{"type":"Feature","geometry":{"type":"Point","coordinates":[-118.45801270280542,34.13702414750483]},"properties":{"tract_id":"06037141600","population":3853,"density_per_sqkm":516.0992970942366,"lng":-118.45801270280542,"lat":34.13702414750483}},{"type":"Feature","geometry":{"type":"Point","coordinates":[-118.365146162859,34.26675490553798]},"properties":{"tract_id":"06037980021","population":17,"density_per_sqkm":1.1147455218548452,"lng":-118.365146162859,"lat":34.26675490553798}},{"type":"Feature","geometry":{"type":"Point","coordinates":[-118.30457287497849,34.06328716656841]},"properties":{"tract_id":"06037211802","population":4575,"density_per_sqkm":13898.782402329181,"lng":-118.30457287497849,"lat":34.06328716656841}},{"type":"Feature","geometry":{"type":"Point","coordinates":[-118.45118505694526,34.09912746582604]},"properties":{"tract_id":"06037262100","population":2457,"density_per_sqkm":91.8501771368445,"lng":-118.45118505694526,"lat":34.09912746582604}},{"type":"Feature","geometry":{"type":"Point","coordinates":[-118.3123443333473,34.089047333305224]},"properties":{"tract_id":"06037191720","population":3492,"density_per_sqkm":12714.255123006908,"lng":-118.3123443333473,"lat":34.089047333305224}},{"type":"Feature","geometry":{"type":"Point","coordinates":[-118.38414127744724,34.102381217564314]},"properties":{"tract_id":"06037194300","population":2746,"density_per_sqkm":656.3657742873025,"lng":-118.38414127744724,"lat":34.102381217564314}},{"type":"Feature","geometry":{"type":"Point","coordinates":[-118.383086777668,34.204914592563085]},"properties":{"tract_id":"06037122420","population":5113,"density_per_sqkm":5453.496250147819,"lng":-118.383086777668,"lat":34.204914592563085}},{"type":"Feature","geometry":{"type":"Point","coordinates":[-118.43633090906904,34.18339836366046]},"properties":{"tract_id":"06037128220","population":2832,"density_per_sqkm":4682.925603680937,"lng":-118.43633090906904,"lat":34.18339836366046}},{"type":"Feature","geometry":{"type":"Point","coordinates":[-118.60185103696001,34.18994811115243]},"properties":{"tract_id":"06037135116","population":1477,"density_per_sqkm":1567.5881897338866,"lng":-118.60185103696001,"lat":34.18994811115243}},{"type":"Feature","geometry":{"type":"Point","coordinates":[-118.60895508340715,34.1734825000249]},"properties":{"tract_id":"06037137202","population":3339,"density_per_sqkm":2945.489417905509,"lng":-118.60895508340715,"lat":34.1734825000249}},{"type":"Feature","geometry":{"type":"Point","coordinates":[-118.43959293023003,33.95575255815376]},"properties":{"tract_id":"06037276606","population":2987,"density_per_sqkm":7331.88219296959,"lng":-118.43959293023003,"lat":33.95575255815376}},{"type":"Feature","geometry":{"type":"Point","coordinates":[-118.41359067496292,34.030302850034545]},"properties":{"tract_id":"06037269908","population":1847,"density_per_sqkm":5306.380895849586,"lng":-118.41359067496292,"lat":34.030302850034545}},{"type":"Feature","geometry":{"type":"Point","coordinates":[-118.45457800001101,34.04272293334643]},"properties":{"tract_id":"06037267503","population":2159,"density_per_sqkm":5121.26477638243,"lng":-118.45457800001101,"lat":34.04272293334643}},{"type":"Feature","geometry":{"type":"Point","coordinates":[-118.46431550005654,34.04388385005486]},"properties":{"tract_id":"06037267406","population":1963,"density_per_sqkm":4348.632706458828,"lng":-118.46431550005654,"lat":34.04388385005486}},{"type":"Feature","geometry":{"type":"Point","coordinates":[-118.44904465384171,34.22540788459019]},"properties":{"tract_id":"06037120104","population":2375,"density_per_sqkm":3485.2180373134634,"lng":-118.44904465384171,"lat":34.22540788459019}},{"type":"Feature","geometry":{"type":"Point","coordinates":[-118.4580870909844,34.22635022738873]},"properties":{"tract_id":"06037120107","population":4044,"density_per_sqkm":18621.092352874,"lng":-118.4580870909844,"lat":34.22635022738873}},{"type":"Feature","geometry":{"type":"Point","coordinates":[-118.45742410707237,34.23154014286994]},"properties":{"tract_id":"06037120108","population":4511,"density_per_sqkm":10537.934495356281,"lng":-118.45742410707237,"lat":34.23154014286994}},{"type":"Feature","geometry":{"type":"Point","coordinates":[-118.49680326756499,34.203238788742915]},"properties":{"tract_id":"06037132102","population":5279,"density_per_sqkm":3070.76994405394,"lng":-118.49680326756499,"lat":34.203238788742915}},{"type":"Feature","geometry":{"type":"Point","coordinates":[-118.54717187500584,34.19727958332956]},"properties":{"tract_id":"06037132501","population":4641,"density_per_sqkm":6546.376465032447,"lng":-118.54717187500584,"lat":34.19727958332956}},{"type":"Feature","geometry":{"type":"Point","coordinates":[-118.52670918007166,34.24633362001897]},"properties":{"tract_id":"06037115103","population":2725,"density_per_sqkm":1132.7522254826627,"lng":-118.52670918007166,"lat":34.24633362001897}},{"type":"Feature","geometry":{"type":"Point","coordinates":[-118.48498458334348,34.1902352916482]},"properties":{"tract_id":"06037127605","population":3734,"density_per_sqkm":5765.339049348108,"lng":-118.48498458334348,"lat":34.1902352916482}},{"type":"Feature","geometry":{"type":"Point","coordinates":[-118.54703521053898,34.189999052634455]},"properties":{"tract_id":"06037132502","population":3565,"density_per_sqkm":4391.129961084926,"lng":-118.54703521053898,"lat":34.189999052634455}},{"type":"Feature","geometry":{"type":"Point","coordinates":[-118.58495223733759,34.20201135596288]},"properties":{"tract_id":"06037134002","population":3798,"density_per_sqkm":3853.978663365666,"lng":-118.58495223733759,"lat":34.20201135596288}},{"type":"Feature","geometry":{"type":"Point","coordinates":[-118.63485266664723,34.214922919501284]},"properties":{"tract_id":"06037134423","population":3243,"density_per_sqkm":1420.2446531751152,"lng":-118.63485266664723,"lat":34.214922919501284}},{"type":"Feature","geometry":{"type":"Point","coordinates":[-118.57883353332416,34.19044310003539]},"properties":{"tract_id":"06037134904","population":4615,"density_per_sqkm":2704.0612858848526,"lng":-118.57883353332416,"lat":34.19044310003539}},{"type":"Feature","geometry":{"type":"Point","coordinates":[-118.58101205884724,34.17524094118018]},"properties":{"tract_id":"06037137104","population":2416,"density_per_sqkm":722.3756465737092,"lng":-118.58101205884724,"lat":34.17524094118018}},{"type":"Feature","geometry":{"type":"Point","coordinates":[-118.5088762614501,34.17392206156544]},"properties":{"tract_id":"06037139001","population":5511,"density_per_sqkm":3122.3856996680665,"lng":-118.5088762614501,"lat":34.17392206156544}},{"type":"Feature","geometry":{"type":"Point","coordinates":[-118.5522328993901,34.165669680461676]},"properties":{"tract_id":"06037139402","population":2893,"density_per_sqkm":720.0917453777836,"lng":-118.5522328993901,"lat":34.165669680461676}},{"type":"Feature","geometry":{"type":"Point","coordinates":[-118.56551216662486,34.26595439216997]},"properties":{"tract_id":"06037113102","population":2784,"density_per_sqkm":714.4102525920337,"lng":-118.56551216662486,"lat":34.26595439216997}},{"type":"Feature","geometry":{"type":"Point","coordinates":[-118.54190905414775,34.224866945896544]},"properties":{"tract_id":"06037115404","population":2830,"density_per_sqkm":2590.7623470022654,"lng":-118.54190905414775,"lat":34.224866945896544}},{"type":"Feature","geometry":{"type":"Point","coordinates":[-118.4764674473868,34.24310381585276]},"properties":{"tract_id":"06037117202","population":2853,"density_per_sqkm":1491.487731139415,"lng":-118.4764674473868,"lat":34.24310381585276}},{"type":"Feature","geometry":{"type":"Point","coordinates":[-118.41640717312094,34.23285676923864]},"properties":{"tract_id":"06037119001","population":4462,"density_per_sqkm":1985.139184772281,"lng":-118.41640717312094,"lat":34.23285676923864}},{"type":"Feature","geometry":{"type":"Point","coordinates":[-118.44184487296717,34.25775473017381]},"properties":{"tract_id":"06037119202","population":4766,"density_per_sqkm":1681.2322838047144,"lng":-118.44184487296717,"lat":34.25775473017381}},{"type":"Feature","geometry":{"type":"Point","coordinates":[-118.39248558330355,34.21156220832213]},"properties":{"tract_id":"06037121801","population":3916,"density_per_sqkm":6057.77044337418,"lng":-118.39248558330355,"lat":34.21156220832213}},{"type":"Feature","geometry":{"type":"Point","coordinates":[-118.39145115689924,34.2209966274365]},"properties":{"tract_id":"06037121802","population":3026,"density_per_sqkm":2258.569581223919,"lng":-118.39145115689924,"lat":34.2209966274365}},{"type":"Feature","geometry":{"type":"Point","coordinates":[-118.39564429229651,34.18469953849868]},"properties":{"tract_id":"06037123901","population":3986,"density_per_sqkm":2549.4786279277196,"lng":-118.39564429229651,"lat":34.18469953849868}},{"type":"Feature","geometry":{"type":"Point","coordinates":[-118.37497556407445,34.155822358926784]},"properties":{"tract_id":"06037125402","population":4403,"density_per_sqkm":4496.417002551186,"lng":-118.37497556407445,"lat":34.155822358926784}},{"type":"Feature","geometry":{"type":"Point","coordinates":[-118.62873067346437,34.1893594898128]},"properties":{"tract_id":"06037135201","population":3104,"density_per_sqkm":1887.7128909500661,"lng":-118.62873067346437,"lat":34.1893594898128}},{"type":"Feature","geometry":{"type":"Point","coordinates":[-118.43551003571879,34.2400883928308]},"properties":{"tract_id":"06037119400","population":5061,"density_per_sqkm":2219.8564451871143,"lng":-118.43551003571879,"lat":34.2400883928308}},{"type":"Feature","geometry":{"type":"Point","coordinates":[-118.60602888235519,34.253120352923524]},"properties":{"tract_id":"06037113213","population":5087,"density_per_sqkm":3146.132490483388,"lng":-118.60602888235519,"lat":34.253120352923524}},{"type":"Feature","geometry":{"type":"Point","coordinates":[-118.36618270454595,34.22337915909583]},"properties":{"tract_id":"06037121101","population":3191,"density_per_sqkm":2977.654924929483,"lng":-118.36618270454595,"lat":34.22337915909583}},{"type":"Feature","geometry":{"type":"Point","coordinates":[-118.39608839522715,34.22836858144356]},"properties":{"tract_id":"06037121221","population":2237,"density_per_sqkm":1782.9599681722004,"lng":-118.39608839522715,"lat":34.22836858144356}},{"type":"Feature","geometry":{"type":"Point","coordinates":[-118.39209305078016,34.230610627075784]},"properties":{"tract_id":"06037121222","population":4872,"density_per_sqkm":1525.9763071414432,"lng":-118.39209305078016,"lat":34.230610627075784}},{"type":"Feature","geometry":{"type":"Point","coordinates":[-118.38397045450839,34.18862631818575]},"properties":{"tract_id":"06037124103","population":1811,"density_per_sqkm":5597.5444630303755,"lng":-118.38397045450839,"lat":34.18862631818575}},{"type":"Feature","geometry":{"type":"Point","coordinates":[-118.38301904348631,34.18115273913255]},"properties":{"tract_id":"06037124105","population":2250,"density_per_sqkm":6937.131250975386,"lng":-118.38301904348631,"lat":34.18115273913255}},{"type":"Feature","geometry":{"type":"Point","coordinates":[-118.3741850333386,34.178080633395126]},"properties":{"tract_id":"06037124203","population":2003,"density_per_sqkm":6174.049636297389,"lng":-118.3741850333386,"lat":34.178080633395126}},{"type":"Feature","geometry":{"type":"Point","coordinates":[-118.40123180961655,34.166530714259565]},"properties":{"tract_id":"06037124903","population":3744,"density_per_sqkm":12027.108281281293,"lng":-118.40123180961655,"lat":34.166530714259565}},{"type":"Feature","geometry":{"type":"Point","coordinates":[-118.4778586922963,34.19938611534884]},"properties":{"tract_id":"06037127604","population":3141,"density_per_sqkm":7010.583289473792,"lng":-118.4778586922963,"lat":34.19938611534884}},{"type":"Feature","geometry":{"type":"Point","coordinates":[-118.47734925000036,34.18998162498169]},"properties":{"tract_id":"06037127606","population":3110,"density_per_sqkm":5637.900369199342,"lng":-118.47734925000036,"lat":34.18998162498169}},{"type":"Feature","geometry":{"type":"Point","coordinates":[-118.47130191428415,34.197752371411816]},"properties":{"tract_id":"06037127712","population":3859,"density_per_sqkm":6569.094305616489,"lng":-118.47130191428415,"lat":34.197752371411816}},{"type":"Feature","geometry":{"type":"Point","coordinates":[-118.55841824999895,34.20502770826062]},"properties":{"tract_id":"06037131701","population":5297,"density_per_sqkm":8025.906357485009,"lng":-118.55841824999895,"lat":34.20502770826062}},{"type":"Feature","geometry":{"type":"Point","coordinates":[-118.5956198787778,34.204694757509024]},"properties":{"tract_id":"06037134521","population":2944,"density_per_sqkm":8110.2773753406,"lng":-118.5956198787778,"lat":34.204694757509024}},{"type":"Feature","geometry":{"type":"Point","coordinates":[-118.60613874069361,34.180937777717254]},"properties":{"tract_id":"06037135113","population":2951,"density_per_sqkm":4520.6919570572645,"lng":-118.60613874069361,"lat":34.180937777717254}},{"type":"Feature","geometry":{"type":"Point","coordinates":[-118.60290016667085,34.17489466667229]},"properties":{"tract_id":"06037137103","population":5560,"density_per_sqkm":6554.226036669849,"lng":-118.60290016667085,"lat":34.17489466667229}},{"type":"Feature","geometry":{"type":"Point","coordinates":[-118.30593711112506,34.22830949383795]},"properties":{"tract_id":"06037980020","population":0,"density_per_sqkm":0,"lng":-118.30593711112506,"lat":34.22830949383795}},{"type":"Feature","geometry":{"type":"Point","coordinates":[-118.63358691014447,34.17693179775787]},"properties":{"tract_id":"06037137301","population":2142,"density_per_sqkm":866.9654727294181,"lng":-118.63358691014447,"lat":34.17693179775787}},{"type":"Feature","geometry":{"type":"Point","coordinates":[-118.65684805883834,34.17776153529341]},"properties":{"tract_id":"06037137302","population":4376,"density_per_sqkm":1201.2510547527243,"lng":-118.65684805883834,"lat":34.17776153529341}},{"type":"Feature","geometry":{"type":"Point","coordinates":[-118.55507767936015,34.280923472819396]},"properties":{"tract_id":"06037108102","population":3596,"density_per_sqkm":1228.5502784760492,"lng":-118.55507767936015,"lat":34.280923472819396}},{"type":"Feature","geometry":{"type":"Point","coordinates":[-118.44305889993372,34.27491024998808]},"properties":{"tract_id":"06037109500","population":3699,"density_per_sqkm":1122.2791484797042,"lng":-118.44305889993372,"lat":34.27491024998808}},{"type":"Feature","geometry":{"type":"Point","coordinates":[-118.44908716853342,34.2608002584491]},"properties":{"tract_id":"06037109601","population":4831,"density_per_sqkm":1703.1666672031026,"lng":-118.44908716853342,"lat":34.2608002584491}},{"type":"Feature","geometry":{"type":"Point","coordinates":[-118.4687606471415,34.21855105875255]},"properties":{"tract_id":"06037127520","population":4722,"density_per_sqkm":10468.41598053771,"lng":-118.4687606471415,"lat":34.21855105875255}},{"type":"Feature","geometry":{"type":"Point","coordinates":[-118.36440771433452,34.1835408571511]},"properties":{"tract_id":"06037123104","population":4393,"density_per_sqkm":5173.4139382162275,"lng":-118.36440771433452,"lat":34.1835408571511}},{"type":"Feature","geometry":{"type":"Point","coordinates":[-118.39420768415921,34.19396652633403]},"properties":{"tract_id":"06037123204","population":3399,"density_per_sqkm":10514.465348512978,"lng":-118.39420768415921,"lat":34.19396652633403}},{"type":"Feature","geometry":{"type":"Point","coordinates":[-118.37495677772596,34.19237294438032]},"properties":{"tract_id":"06037123206","population":2371,"density_per_sqkm":3496.600830974091,"lng":-118.37495677772596,"lat":34.19237294438032}},{"type":"Feature","geometry":{"type":"Point","coordinates":[-118.56196170238148,34.17660224997298]},"properties":{"tract_id":"06037139301","population":4243,"density_per_sqkm":898.5542581809686,"lng":-118.56196170238148,"lat":34.17660224997298}},{"type":"Feature","geometry":{"type":"Point","coordinates":[-118.53810486657386,34.17542446664209]},"properties":{"tract_id":"06037139302","population":5181,"density_per_sqkm":15142.393027376938,"lng":-118.53810486657386,"lat":34.17542446664209}},{"type":"Feature","geometry":{"type":"Point","coordinates":[-118.40120918189456,34.201543018122166]},"properties":{"tract_id":"06037123301","population":4068,"density_per_sqkm":2320.9126245215316,"lng":-118.40120918189456,"lat":34.201543018122166}},{"type":"Feature","geometry":{"type":"Point","coordinates":[-118.41098349997108,34.19644867497851]},"properties":{"tract_id":"06037123303","population":3029,"density_per_sqkm":4337.566003947592,"lng":-118.41098349997108,"lat":34.19644867497851}},{"type":"Feature","geometry":{"type":"Point","coordinates":[-118.36541342256469,34.16923012677432]},"properties":{"tract_id":"06037125310","population":3598,"density_per_sqkm":2000.5893470670226,"lng":-118.36541342256469,"lat":34.16923012677432}},{"type":"Feature","geometry":{"type":"Point","coordinates":[-118.35554323884018,34.15664231339799]},"properties":{"tract_id":"06037125600","population":2941,"density_per_sqkm":2031.7682182006974,"lng":-118.35554323884018,"lat":34.15664231339799}},{"type":"Feature","geometry":{"type":"Point","coordinates":[-118.45948437998791,34.20802404000292]},"properties":{"tract_id":"06037127210","population":5630,"density_per_sqkm":2247.5467778320494,"lng":-118.45948437998791,"lat":34.20802404000292}},{"type":"Feature","geometry":{"type":"Point","coordinates":[-118.45369045164608,34.204140870928136]},"properties":{"tract_id":"06037127220","population":5219,"density_per_sqkm":7955.547632029774,"lng":-118.45369045164608,"lat":34.204140870928136}},{"type":"Feature","geometry":{"type":"Point","coordinates":[-118.46946368423788,34.207497894756735]},"properties":{"tract_id":"06037127300","population":3942,"density_per_sqkm":3463.225243467803,"lng":-118.46946368423788,"lat":34.207497894756735}},{"type":"Feature","geometry":{"type":"Point","coordinates":[-118.48046775000732,34.21101239066376]},"properties":{"tract_id":"06037127400","population":5855,"density_per_sqkm":2205.978857636734,"lng":-118.48046775000732,"lat":34.21101239066376}},{"type":"Feature","geometry":{"type":"Point","coordinates":[-118.52751004815671,34.16258065061433]},"properties":{"tract_id":"06037139502","population":3113,"density_per_sqkm":1646.8284831472088,"lng":-118.52751004815671,"lat":34.16258065061433}},{"type":"Feature","geometry":{"type":"Point","coordinates":[-118.51043476824275,34.161805268318346]},"properties":{"tract_id":"06037139600","population":5134,"density_per_sqkm":1832.6309159530151,"lng":-118.51043476824275,"lat":34.161805268318346}},{"type":"Feature","geometry":{"type":"Point","coordinates":[-118.49807354623411,34.15379416300824]},"properties":{"tract_id":"06037139701","population":5388,"density_per_sqkm":776.4055028349136,"lng":-118.49807354623411,"lat":34.15379416300824}},{"type":"Feature","geometry":{"type":"Point","coordinates":[-118.54799575408033,34.15190629095148]},"properties":{"tract_id":"06037139801","population":3498,"density_per_sqkm":653.7994771590804,"lng":-118.54799575408033,"lat":34.15190629095148}},{"type":"Feature","geometry":{"type":"Point","coordinates":[-118.75303620510698,34.27834782056158]},"properties":{"tract_id":"06111007904","population":5097,"density_per_sqkm":2692.1295925373456,"lng":-118.75303620510698,"lat":34.27834782056158}},{"type":"Feature","geometry":{"type":"Point","coordinates":[-118.40929720000943,34.147250722228684]},"properties":{"tract_id":"06037143500","population":5328,"density_per_sqkm":2905.3632090286505,"lng":-118.40929720000943,"lat":34.147250722228684}},{"type":"Feature","geometry":{"type":"Point","coordinates":[-118.3309148958137,33.90344252078969]},"properties":{"tract_id":"06037602507","population":5233,"density_per_sqkm":16091.435666258025,"lng":-118.3309148958137,"lat":33.90344252078969}},{"type":"Feature","geometry":{"type":"Point","coordinates":[-118.34190162005316,33.905123719977375]},"properties":{"tract_id":"06037602505","population":4523,"density_per_sqkm":13882.757440703008,"lng":-118.34190162005316,"lat":33.905123719977375}},{"type":"Feature","geometry":{"type":"Point","coordinates":[-118.33043836352753,33.90741452270078]},"properties":{"tract_id":"06037602506","population":4135,"density_per_sqkm":12703.576173613688,"lng":-118.33043836352753,"lat":33.90741452270078}},{"type":"Feature","geometry":{"type":"Point","coordinates":[-118.39670372114902,34.27350681729398]},"properties":{"tract_id":"06037104108","population":4962,"density_per_sqkm":1591.2036065617176,"lng":-118.39670372114902,"lat":34.27350681729398}},{"type":"Feature","geometry":{"type":"Point","coordinates":[-118.46280214889741,34.27618730497694]},"properties":{"tract_id":"06037109100","population":2675,"density_per_sqkm":462.6983104426307,"lng":-118.46280214889741,"lat":34.27618730497694}},{"type":"Feature","geometry":{"type":"Point","coordinates":[-118.47642524290154,34.27631194282118]},"properties":{"tract_id":"06037109200","population":3161,"density_per_sqkm":1721.035826259429,"lng":-118.47642524290154,"lat":34.27631194282118}},{"type":"Feature","geometry":{"type":"Point","coordinates":[-118.48096641076292,34.27199012498499]},"properties":{"tract_id":"06037109300","population":2864,"density_per_sqkm":1394.1971246738096,"lng":-118.48096641076292,"lat":34.27199012498499}},{"type":"Feature","geometry":{"type":"Point","coordinates":[-118.45574647615655,34.26900021903072]},"properties":{"tract_id":"06037109400","population":4175,"density_per_sqkm":2042.7944724701094,"lng":-118.45574647615655,"lat":34.26900021903072}},{"type":"Feature","geometry":{"type":"Point","coordinates":[-118.40328178429674,33.92690945108543]},"properties":{"tract_id":"06037620001","population":4338,"density_per_sqkm":3601.3905974537975,"lng":-118.40328178429674,"lat":33.92690945108543}},{"type":"Feature","geometry":{"type":"Point","coordinates":[-118.60330564705734,34.217229176512014]},"properties":{"tract_id":"06037134305","population":3840,"density_per_sqkm":10580.425350515197,"lng":-118.60330564705734,"lat":34.217229176512014}},{"type":"Feature","geometry":{"type":"Point","coordinates":[-118.34894350845448,34.02877188138206]},"properties":{"tract_id":"06037219700","population":4479,"density_per_sqkm":2140.3977102052427,"lng":-118.34894350845448,"lat":34.02877188138206}},{"type":"Feature","geometry":{"type":"Point","coordinates":[-118.58075355106055,34.18184657146315]},"properties":{"tract_id":"06037134905","population":5590,"density_per_sqkm":1906.832847849208,"lng":-118.58075355106055,"lat":34.18184657146315}},{"type":"Feature","geometry":{"type":"Point","coordinates":[-118.79196259881905,33.99889665268274]},"properties":{"tract_id":"06037990100","population":0,"density_per_sqkm":0,"lng":-118.79196259881905,"lat":33.99889665268274}},{"type":"Feature","geometry":{"type":"Point","coordinates":[-118.48261000000143,34.05517557271717]},"properties":{"tract_id":"06037264000","population":2968,"density_per_sqkm":768.3646311733594,"lng":-118.48261000000143,"lat":34.05517557271717}},{"type":"Feature","geometry":{"type":"Point","coordinates":[-118.35637543909058,34.08359734147535]},"properties":{"tract_id":"06037192002","population":2586,"density_per_sqkm":2820.5417484106592,"lng":-118.35637543909058,"lat":34.08359734147535}},{"type":"Feature","geometry":{"type":"Point","coordinates":[-118.36378974291017,34.08500880002596]},"properties":{"tract_id":"06037194401","population":2636,"density_per_sqkm":5183.757559889297,"lng":-118.36378974291017,"lat":34.08500880002596}},{"type":"Feature","geometry":{"type":"Point","coordinates":[-118.37245127421117,34.08614188706679]},"properties":{"tract_id":"06037194402","population":3101,"density_per_sqkm":2964.924147819128,"lng":-118.37245127421117,"lat":34.08614188706679}},{"type":"Feature","geometry":{"type":"Point","coordinates":[-118.67829541492793,34.1170233319606]},"properties":{"tract_id":"06037800202","population":6121,"density_per_sqkm":111.62943020103418,"lng":-118.67829541492793,"lat":34.1170233319606}},{"type":"Feature","geometry":{"type":"Point","coordinates":[-118.4266849400158,34.15205846002284]},"properties":{"tract_id":"06037141101","population":4434,"density_per_sqkm":5003.1935087438915,"lng":-118.4266849400158,"lat":34.15205846002284}},{"type":"Feature","geometry":{"type":"Point","coordinates":[-118.3352956032652,34.10376766669156]},"properties":{"tract_id":"06037190202","population":2860,"density_per_sqkm":10610.969313858031,"lng":-118.3352956032652,"lat":34.10376766669156}},{"type":"Feature","geometry":{"type":"Point","coordinates":[-118.31221330434825,34.06326091298918]},"properties":{"tract_id":"06037211704","population":2802,"density_per_sqkm":14160.591390382753,"lng":-118.31221330434825,"lat":34.06326091298918}},{"type":"Feature","geometry":{"type":"Point","coordinates":[-118.54291879844173,34.04395220157833]},"properties":{"tract_id":"06037262704","population":3590,"density_per_sqkm":740.7530438719117,"lng":-118.54291879844173,"lat":34.04395220157833}},{"type":"Feature","geometry":{"type":"Point","coordinates":[-118.46978781815014,34.05955852726312]},"properties":{"tract_id":"06037264102","population":2814,"density_per_sqkm":3777.345715203099,"lng":-118.46978781815014,"lat":34.05955852726312}},{"type":"Feature","geometry":{"type":"Point","coordinates":[-118.41470073401004,33.89693886169513]},"properties":{"tract_id":"06037620305","population":6021,"density_per_sqkm":1367.7581507892814,"lng":-118.41470073401004,"lat":33.89693886169513}},{"type":"Feature","geometry":{"type":"Point","coordinates":[-118.45745893984014,34.02025783460347]},"properties":{"tract_id":"06037702300","population":6820,"density_per_sqkm":1379.1806997532688,"lng":-118.45745893984014,"lat":34.02025783460347}},{"type":"Feature","geometry":{"type":"Point","coordinates":[-118.61506023998986,34.265246845718366]},"properties":{"tract_id":"06037113211","population":4248,"density_per_sqkm":341.3926035148809,"lng":-118.61506023998986,"lat":34.265246845718366}},{"type":"Feature","geometry":{"type":"Point","coordinates":[-118.60220522494312,34.260494050019346]},"properties":{"tract_id":"06037113212","population":2888,"density_per_sqkm":2179.3274192101253,"lng":-118.60220522494312,"lat":34.260494050019346}},{"type":"Feature","geometry":{"type":"Point","coordinates":[-118.46305265711382,34.14923542855735]},"properties":{"tract_id":"06037141306","population":3076,"density_per_sqkm":2762.833570802753,"lng":-118.46305265711382,"lat":34.14923542855735}},{"type":"Feature","geometry":{"type":"Point","coordinates":[-118.43583839394036,34.159284363646336]},"properties":{"tract_id":"06037128704","population":2335,"density_per_sqkm":2788.6975806083747,"lng":-118.43583839394036,"lat":34.159284363646336}},{"type":"Feature","geometry":{"type":"Point","coordinates":[-118.3475551873195,34.10273612497664]},"properties":{"tract_id":"06037189903","population":2235,"density_per_sqkm":21994.210932189395,"lng":-118.3475551873195,"lat":34.10273612497664}},{"type":"Feature","geometry":{"type":"Point","coordinates":[-118.52544986653787,34.16818693326287]},"properties":{"tract_id":"06037139506","population":2889,"density_per_sqkm":14624.921717111321,"lng":-118.52544986653787,"lat":34.16818693326287}},{"type":"Feature","geometry":{"type":"Point","coordinates":[-118.36608462647972,33.928232674661764]},"properties":{"tract_id":"06037602202","population":2839,"density_per_sqkm":5354.009961061055,"lng":-118.36608462647972,"lat":33.928232674661764}},{"type":"Feature","geometry":{"type":"Point","coordinates":[-118.43064912700386,33.98471920634733]},"properties":{"tract_id":"06037275313","population":3298,"density_per_sqkm":1653.107906031313,"lng":-118.43064912700386,"lat":33.98471920634733}},{"type":"Feature","geometry":{"type":"Point","coordinates":[-118.35461103399687,34.11630245132075]},"properties":{"tract_id":"06037194101","population":3139,"density_per_sqkm":768.4403704401202,"lng":-118.35461103399687,"lat":34.11630245132075}},{"type":"Feature","geometry":{"type":"Point","coordinates":[-118.5381697999966,34.25279562219048]},"properties":{"tract_id":"06037111205","population":3879,"density_per_sqkm":3113.8080092110113,"lng":-118.5381697999966,"lat":34.25279562219048}},{"type":"Feature","geometry":{"type":"Point","coordinates":[-118.43433120686085,34.06059003450279]},"properties":{"tract_id":"06037265602","population":2928,"density_per_sqkm":3668.0396865757225,"lng":-118.43433120686085,"lat":34.06059003450279}},{"type":"Feature","geometry":{"type":"Point","coordinates":[-118.53228041938647,34.22524309675686]},"properties":{"tract_id":"06037115403","population":3477,"density_per_sqkm":4783.734391775761,"lng":-118.53228041938647,"lat":34.22524309675686}},{"type":"Feature","geometry":{"type":"Point","coordinates":[-118.34805505260076,33.89135666666306]},"properties":{"tract_id":"06037603802","population":3941,"density_per_sqkm":6129.598954205401,"lng":-118.34805505260076,"lat":33.89135666666306}},{"type":"Feature","geometry":{"type":"Point","coordinates":[-118.36514102390174,34.15552669048768]},"properties":{"tract_id":"06037125502","population":3624,"density_per_sqkm":5898.682989495801,"lng":-118.36514102390174,"lat":34.15552669048768}},{"type":"Feature","geometry":{"type":"Point","coordinates":[-118.42895667657248,34.20563173526896]},"properties":{"tract_id":"06037127103","population":3360,"density_per_sqkm":10326.519295187147,"lng":-118.42895667657248,"lat":34.20563173526896}},{"type":"Feature","geometry":{"type":"Point","coordinates":[-118.47773000003122,34.196132214232236]},"properties":{"tract_id":"06037127603","population":2791,"density_per_sqkm":6311.38850495831,"lng":-118.47773000003122,"lat":34.196132214232236}},{"type":"Feature","geometry":{"type":"Point","coordinates":[-118.47068316213878,34.18773578380301]},"properties":{"tract_id":"06037127711","population":3207,"density_per_sqkm":2896.8699956953938,"lng":-118.47068316213878,"lat":34.18773578380301}},{"type":"Feature","geometry":{"type":"Point","coordinates":[-118.45283369996125,34.198440866611385]},"properties":{"tract_id":"06037127803","population":5068,"density_per_sqkm":7827.699021121808,"lng":-118.45283369996125,"lat":34.198440866611385}},{"type":"Feature","geometry":{"type":"Point","coordinates":[-118.45770797063517,34.18909567650893]},"properties":{"tract_id":"06037127806","population":3576,"density_per_sqkm":4992.89115124776,"lng":-118.45770797063517,"lat":34.18909567650893}},{"type":"Feature","geometry":{"type":"Point","coordinates":[-118.43653073324441,34.190534299971915]},"properties":{"tract_id":"06037128101","population":2890,"density_per_sqkm":4464.955279940152,"lng":-118.43653073324441,"lat":34.190534299971915}},{"type":"Feature","geometry":{"type":"Point","coordinates":[-118.43983236111995,34.17824752781361]},"properties":{"tract_id":"06037128601","population":5020,"density_per_sqkm":5912.573056390131,"lng":-118.43983236111995,"lat":34.17824752781361}},{"type":"Feature","geometry":{"type":"Point","coordinates":[-118.43600955562485,34.17113141668026]},"properties":{"tract_id":"06037128602","population":2863,"density_per_sqkm":2529.1500563873037,"lng":-118.43600955562485,"lat":34.17113141668026}},{"type":"Feature","geometry":{"type":"Point","coordinates":[-118.45468538463389,34.16818041023828]},"properties":{"tract_id":"06037128802","population":4186,"density_per_sqkm":4312.711809010544,"lng":-118.45468538463389,"lat":34.16818041023828}},{"type":"Feature","geometry":{"type":"Point","coordinates":[-118.42745583332228,34.19497369445921]},"properties":{"tract_id":"06037123510","population":4911,"density_per_sqkm":5062.731216435442,"lng":-118.42745583332228,"lat":34.19497369445921}},{"type":"Feature","geometry":{"type":"Point","coordinates":[-118.42371564868878,34.18969335135022]},"properties":{"tract_id":"06037123520","population":2619,"density_per_sqkm":2586.7098341707674,"lng":-118.42371564868878,"lat":34.18969335135022}},{"type":"Feature","geometry":{"type":"Point","coordinates":[-118.45945670521736,34.16061378944708]},"properties":{"tract_id":"06037128910","population":4741,"density_per_sqkm":2802.88564241135,"lng":-118.45945670521736,"lat":34.16061378944708}},{"type":"Feature","geometry":{"type":"Point","coordinates":[-118.50382144682006,34.216864191478535]},"properties":{"tract_id":"06037131100","population":3340,"density_per_sqkm":2928.946180914718,"lng":-118.50382144682006,"lat":34.216864191478535}},{"type":"Feature","geometry":{"type":"Point","coordinates":[-118.41722983019334,34.17668677352887]},"properties":{"tract_id":"06037123601","population":5145,"density_per_sqkm":2929.5544523969156,"lng":-118.41722983019334,"lat":34.17668677352887}},{"type":"Feature","geometry":{"type":"Point","coordinates":[-118.40934606661413,34.18557883326268]},"properties":{"tract_id":"06037123700","population":4214,"density_per_sqkm":4436.999150187161,"lng":-118.40934606661413,"lat":34.18557883326268}},{"type":"Feature","geometry":{"type":"Point","coordinates":[-118.40114668117782,34.182618956569286]},"properties":{"tract_id":"06037123800","population":5696,"density_per_sqkm":3490.655412633697,"lng":-118.40114668117782,"lat":34.182618956569286}},{"type":"Feature","geometry":{"type":"Point","coordinates":[-118.51427727275899,34.21545131818843]},"properties":{"tract_id":"06037131200","population":3796,"density_per_sqkm":3351.6344541168282,"lng":-118.51427727275899,"lat":34.21545131818843}},{"type":"Feature","geometry":{"type":"Point","coordinates":[-118.54764574286526,34.20466997139962]},"properties":{"tract_id":"06037131702","population":3958,"density_per_sqkm":5447.989751135673,"lng":-118.54764574286526,"lat":34.20466997139962}},{"type":"Feature","geometry":{"type":"Point","coordinates":[-118.50842797824886,34.19586032607886]},"properties":{"tract_id":"06037132002","population":3707,"density_per_sqkm":1443.893177128449,"lng":-118.50842797824886,"lat":34.19586032607886}},{"type":"Feature","geometry":{"type":"Point","coordinates":[-118.49535319997214,34.1904363500523]},"properties":{"tract_id":"06037132101","population":4319,"density_per_sqkm":5336.3331565721655,"lng":-118.49535319997214,"lat":34.1904363500523}},{"type":"Feature","geometry":{"type":"Point","coordinates":[-118.31193533327304,34.06715077767649]},"properties":{"tract_id":"06037211703","population":4624,"density_per_sqkm":25030.09787053718,"lng":-118.31193533327304,"lat":34.06715077767649}},{"type":"Feature","geometry":{"type":"Point","coordinates":[-118.31852093336578,34.05392200003702]},"properties":{"tract_id":"06037212701","population":2277,"density_per_sqkm":2852.497128764361,"lng":-118.31852093336578,"lat":34.05392200003702}},{"type":"Feature","geometry":{"type":"Point","coordinates":[-118.47159993883112,33.98766559186497]},"properties":{"tract_id":"06037273502","population":2625,"density_per_sqkm":1467.3627997943777,"lng":-118.47159993883112,"lat":33.98766559186497}},{"type":"Feature","geometry":{"type":"Point","coordinates":[-118.46401254239568,33.98376520337798]},"properties":{"tract_id":"06037273902","population":4011,"density_per_sqkm":1451.6088837680486,"lng":-118.46401254239568,"lat":33.98376520337798}},{"type":"Feature","geometry":{"type":"Point","coordinates":[-118.41004117335108,33.997022386663666]},"properties":{"tract_id":"06037275102","population":4265,"density_per_sqkm":2779.499946933788,"lng":-118.41004117335108,"lat":33.997022386663666}},{"type":"Feature","geometry":{"type":"Point","coordinates":[-118.40497889257652,33.98594957027206]},"properties":{"tract_id":"06037275603","population":2820,"density_per_sqkm":1239.0604437503464,"lng":-118.40497889257652,"lat":33.98594957027206}},{"type":"Feature","geometry":{"type":"Point","coordinates":[-118.38354148682521,33.91768132894657]},"properties":{"tract_id":"06037980013","population":0,"density_per_sqkm":0,"lng":-118.38354148682521,"lat":33.91768132894657}},{"type":"Feature","geometry":{"type":"Point","coordinates":[-118.31332861764542,34.02119194130487]},"properties":{"tract_id":"06037222002","population":5172,"density_per_sqkm":7413.889779084494,"lng":-118.31332861764542,"lat":34.02119194130487}},{"type":"Feature","geometry":{"type":"Point","coordinates":[-118.30948552724668,34.03844589091999]},"properties":{"tract_id":"06037221402","population":3063,"density_per_sqkm":5093.404769574544,"lng":-118.30948552724668,"lat":34.03844589091999}},{"type":"Feature","geometry":{"type":"Point","coordinates":[-118.44455234289737,34.20597405702716]},"properties":{"tract_id":"06037127102","population":4956,"density_per_sqkm":5275.371339620449,"lng":-118.44455234289737,"lat":34.20597405702716}},{"type":"Feature","geometry":{"type":"Point","coordinates":[-118.38984955300315,33.98606496211684]},"properties":{"tract_id":"06037703003","population":6127,"density_per_sqkm":1729.4851451141883,"lng":-118.38984955300315,"lat":33.98606496211684}},{"type":"Feature","geometry":{"type":"Point","coordinates":[-118.45947071426227,34.1840733333781]},"properties":{"tract_id":"06037128302","population":4790,"density_per_sqkm":5733.974116975946,"lng":-118.45947071426227,"lat":34.1840733333781}},{"type":"Feature","geometry":{"type":"Point","coordinates":[-118.60206282615242,34.21124404351367]},"properties":{"tract_id":"06037134306","population":3925,"density_per_sqkm":6328.253494247465,"lng":-118.60206282615242,"lat":34.21124404351367}},{"type":"Feature","geometry":{"type":"Point","coordinates":[-118.45467058332616,34.238844708306935]},"properties":{"tract_id":"06037119320","population":4475,"density_per_sqkm":8046.036097528063,"lng":-118.45467058332616,"lat":34.238844708306935}},{"type":"Feature","geometry":{"type":"Point","coordinates":[-118.54203541466343,34.21854887805884]},"properties":{"tract_id":"06037131021","population":3423,"density_per_sqkm":4821.452355130741,"lng":-118.54203541466343,"lat":34.21854887805884}},{"type":"Feature","geometry":{"type":"Point","coordinates":[-118.60333210812655,34.2259714324656]},"properties":{"tract_id":"06037113238","population":4547,"density_per_sqkm":6238.048663561044,"lng":-118.60333210812655,"lat":34.2259714324656}},{"type":"Feature","geometry":{"type":"Point","coordinates":[-118.5794682666145,34.225005933353195]},"properties":{"tract_id":"06037113428","population":4222,"density_per_sqkm":3281.5908589505184,"lng":-118.5794682666145,"lat":34.225005933353195}},{"type":"Feature","geometry":{"type":"Point","coordinates":[-118.5665910999885,34.22427115002723]},"properties":{"tract_id":"06037113423","population":3077,"density_per_sqkm":4301.490199591152,"lng":-118.5665910999885,"lat":34.22427115002723}},{"type":"Feature","geometry":{"type":"Point","coordinates":[-118.43099273535121,34.23543455877903]},"properties":{"tract_id":"06037119801","population":2556,"density_per_sqkm":1554.2918232334937,"lng":-118.43099273535121,"lat":34.23543455877903}},{"type":"Feature","geometry":{"type":"Point","coordinates":[-118.42356646342368,34.241710926828816]},"properties":{"tract_id":"06037119004","population":2768,"density_per_sqkm":1434.2437453870243,"lng":-118.42356646342368,"lat":34.241710926828816}},{"type":"Feature","geometry":{"type":"Point","coordinates":[-118.59000374997842,34.19296969995848]},"properties":{"tract_id":"06037134906","population":3056,"density_per_sqkm":10603.585610260512,"lng":-118.59000374997842,"lat":34.19296969995848}},{"type":"Feature","geometry":{"type":"Point","coordinates":[-118.32596471846628,34.26585159224206]},"properties":{"tract_id":"06037103201","population":4291,"density_per_sqkm":1799.9433290185991,"lng":-118.32596471846628,"lat":34.26585159224206}},{"type":"Feature","geometry":{"type":"Point","coordinates":[-118.30367779490203,34.05298243599449]},"properties":{"tract_id":"06037213201","population":4162,"density_per_sqkm":12133.307578700429,"lng":-118.30367779490203,"lat":34.05298243599449}},{"type":"Feature","geometry":{"type":"Point","coordinates":[-118.30503496433963,34.04897814284712]},"properties":{"tract_id":"06037213202","population":3899,"density_per_sqkm":11434.473192500971,"lng":-118.30503496433963,"lat":34.04897814284712}},{"type":"Feature","geometry":{"type":"Point","coordinates":[-118.36571303339252,34.066377533304234]},"properties":{"tract_id":"06037214700","population":2320,"density_per_sqkm":3193.2117415387534,"lng":-118.36571303339252,"lat":34.066377533304234}},{"type":"Feature","geometry":{"type":"Point","coordinates":[-118.3736481372815,34.0699617843044]},"properties":{"tract_id":"06037214800","population":2835,"density_per_sqkm":3527.5842772392857,"lng":-118.3736481372815,"lat":34.0699617843044}},{"type":"Feature","geometry":{"type":"Point","coordinates":[-118.33928307840785,34.05728017646454]},"properties":{"tract_id":"06037216100","population":2156,"density_per_sqkm":2229.4663446188633,"lng":-118.33928307840785,"lat":34.05728017646454}},{"type":"Feature","geometry":{"type":"Point","coordinates":[-118.3721257692133,34.048695205140156]},"properties":{"tract_id":"06037216700","population":3440,"density_per_sqkm":3236.9157347527826,"lng":-118.3721257692133,"lat":34.048695205140156}},{"type":"Feature","geometry":{"type":"Point","coordinates":[-118.32172862510947,33.941243229120026]},"properties":{"tract_id":"06037600601","population":2388,"density_per_sqkm":3684.4855136765773,"lng":-118.32172862510947,"lat":33.941243229120026}},{"type":"Feature","geometry":{"type":"Point","coordinates":[-118.33125013997953,33.94176325995543]},"properties":{"tract_id":"06037600602","population":2681,"density_per_sqkm":3856.36079651524,"lng":-118.33125013997953,"lat":33.94176325995543}},{"type":"Feature","geometry":{"type":"Point","coordinates":[-118.33266365001003,33.950617166680765]},"properties":{"tract_id":"06037600702","population":4659,"density_per_sqkm":1533.5108766463766,"lng":-118.33266365001003,"lat":33.950617166680765}},{"type":"Feature","geometry":{"type":"Point","coordinates":[-118.33752462966801,33.95798742597225]},"properties":{"tract_id":"06037600703","population":1755,"density_per_sqkm":3164.313825801819,"lng":-118.33752462966801,"lat":33.95798742597225}},{"type":"Feature","geometry":{"type":"Point","coordinates":[-118.32487611107909,33.95626869440762]},"properties":{"tract_id":"06037600704","population":2996,"density_per_sqkm":2891.4878297977007,"lng":-118.32487611107909,"lat":33.95626869440762}},{"type":"Feature","geometry":{"type":"Point","coordinates":[-118.32291941245016,33.96453596247905]},"properties":{"tract_id":"06037600801","population":2761,"density_per_sqkm":2773.7666932010343,"lng":-118.32291941245016,"lat":33.96453596247905}},{"type":"Feature","geometry":{"type":"Point","coordinates":[-118.45950918181181,33.96920448482784]},"properties":{"tract_id":"06037274202","population":3820,"density_per_sqkm":827.9873500468459,"lng":-118.45950918181181,"lat":33.96920448482784}},{"type":"Feature","geometry":{"type":"Point","coordinates":[-118.5206289214754,34.04959994764095]},"properties":{"tract_id":"06037262501","population":3709,"density_per_sqkm":1216.3583400036914,"lng":-118.5206289214754,"lat":34.04959994764095}},{"type":"Feature","geometry":{"type":"Point","coordinates":[-118.46565919445905,34.0548890833791]},"properties":{"tract_id":"06037264103","population":2777,"density_per_sqkm":5647.948472599267,"lng":-118.46565919445905,"lat":34.0548890833791}},{"type":"Feature","geometry":{"type":"Point","coordinates":[-118.43226034996944,34.057138774997725]},"properties":{"tract_id":"06037265601","population":3019,"density_per_sqkm":2414.191903215466,"lng":-118.43226034996944,"lat":34.057138774997725}},{"type":"Feature","geometry":{"type":"Point","coordinates":[-118.34830646289983,33.84585470374404]},"properties":{"tract_id":"06037650605","population":2845,"density_per_sqkm":5707.144702597381,"lng":-118.34830646289983,"lat":33.84585470374404}},{"type":"Feature","geometry":{"type":"Point","coordinates":[-118.34555608695271,34.217392181148014]},"properties":{"tract_id":"06037102104","population":4033,"density_per_sqkm":934.9162700635724,"lng":-118.34555608695271,"lat":34.217392181148014}},{"type":"Feature","geometry":{"type":"Point","coordinates":[-118.46017593339083,34.23970883323363]},"properties":{"tract_id":"06037117101","population":5252,"density_per_sqkm":6179.2807183247405,"lng":-118.46017593339083,"lat":34.23970883323363}},{"type":"Feature","geometry":{"type":"Point","coordinates":[-118.47089782348553,34.243574147047354]},"properties":{"tract_id":"06037117201","population":4250,"density_per_sqkm":5138.616343205097,"lng":-118.47089782348553,"lat":34.243574147047354}},{"type":"Feature","geometry":{"type":"Point","coordinates":[-118.47054235720621,34.23059114293017]},"properties":{"tract_id":"06037117407","population":3566,"density_per_sqkm":17448.673955312777,"lng":-118.47054235720621,"lat":34.23059114293017}},{"type":"Feature","geometry":{"type":"Point","coordinates":[-118.47096546675506,34.22458673324584]},"properties":{"tract_id":"06037117408","population":2404,"density_per_sqkm":6296.532350506511,"lng":-118.47096546675506,"lat":34.22458673324584}},{"type":"Feature","geometry":{"type":"Point","coordinates":[-118.4477871667162,34.24007599995452]},"properties":{"tract_id":"06037119342","population":2850,"density_per_sqkm":11322.565906472775,"lng":-118.4477871667162,"lat":34.24007599995452}},{"type":"Feature","geometry":{"type":"Point","coordinates":[-118.4512493528406,34.227930676472226]},"properties":{"tract_id":"06037120103","population":3030,"density_per_sqkm":14572.355317929467,"lng":-118.4512493528406,"lat":34.227930676472226}},{"type":"Feature","geometry":{"type":"Point","coordinates":[-118.35185398609731,34.08960268056512]},"properties":{"tract_id":"06037700102","population":4651,"density_per_sqkm":6842.28354051533,"lng":-118.35185398609731,"lat":34.08960268056512}},{"type":"Feature","geometry":{"type":"Point","coordinates":[-118.46698713506915,34.25373789191205]},"properties":{"tract_id":"06037109603","population":3900,"density_per_sqkm":3850.5877921827823,"lng":-118.46698713506915,"lat":34.25373789191205}},{"type":"Feature","geometry":{"type":"Point","coordinates":[-118.46566523525061,34.26217078433252]},"properties":{"tract_id":"06037109604","population":2900,"density_per_sqkm":2433.229212342609,"lng":-118.46566523525061,"lat":34.26217078433252}},{"type":"Feature","geometry":{"type":"Point","coordinates":[-118.53466064054176,34.26986974999628]},"properties":{"tract_id":"06037111206","population":4363,"density_per_sqkm":1035.8819656270375,"lng":-118.53466064054176,"lat":34.26986974999628}},{"type":"Feature","geometry":{"type":"Point","coordinates":[-118.58841311840924,34.26696226319092]},"properties":{"tract_id":"06037113101","population":3525,"density_per_sqkm":1182.465602898157,"lng":-118.58841311840924,"lat":34.26696226319092}},{"type":"Feature","geometry":{"type":"Point","coordinates":[-118.39864203145541,33.955145464554114]},"properties":{"tract_id":"06037278001","population":2220,"density_per_sqkm":811.0285639606832,"lng":-118.39864203145541,"lat":33.955145464554114}},{"type":"Feature","geometry":{"type":"Point","coordinates":[-118.43609057139722,34.26014820635537]},"properties":{"tract_id":"06037104403","population":2352,"density_per_sqkm":812.331065701694,"lng":-118.43609057139722,"lat":34.26014820635537}},{"type":"Feature","geometry":{"type":"Point","coordinates":[-118.39998481473309,33.89207529627185]},"properties":{"tract_id":"06037620303","population":4934,"density_per_sqkm":2373.9989738231366,"lng":-118.39998481473309,"lat":33.89207529627185}},{"type":"Feature","geometry":{"type":"Point","coordinates":[-118.52560190626676,34.03985621875579]},"properties":{"tract_id":"06037262706","population":3492,"density_per_sqkm":698.0879606790395,"lng":-118.52560190626676,"lat":34.03985621875579}},{"type":"Feature","geometry":{"type":"Point","coordinates":[-118.35648707847828,33.876515450945064]},"properties":{"tract_id":"06037604002","population":3819,"density_per_sqkm":5691.792328776241,"lng":-118.35648707847828,"lat":33.876515450945064}},{"type":"Feature","geometry":{"type":"Point","coordinates":[-118.50667168704487,34.03133344896361]},"properties":{"tract_id":"06037701304","population":6285,"density_per_sqkm":1099.703294044634,"lng":-118.50667168704487,"lat":34.03133344896361}},{"type":"Feature","geometry":{"type":"Point","coordinates":[-118.4291073792993,34.26315627585927]},"properties":{"tract_id":"06037104404","population":3323,"density_per_sqkm":2412.639630052965,"lng":-118.4291073792993,"lat":34.26315627585927}},{"type":"Feature","geometry":{"type":"Point","coordinates":[-118.4002391372879,34.25669733333598]},"properties":{"tract_id":"06037104703","population":2298,"density_per_sqkm":889.0449804348025,"lng":-118.4002391372879,"lat":34.25669733333598}},{"type":"Feature","geometry":{"type":"Point","coordinates":[-118.40943064001578,34.262075199996886]},"properties":{"tract_id":"06037104704","population":4567,"density_per_sqkm":1383.971352832264,"lng":-118.40943064001578,"lat":34.262075199996886}},{"type":"Feature","geometry":{"type":"Point","coordinates":[-118.49558493940859,34.26100272720697]},"properties":{"tract_id":"06037111402","population":6146,"density_per_sqkm":5912.503480434425,"lng":-118.49558493940859,"lat":34.26100272720697}},{"type":"Feature","geometry":{"type":"Point","coordinates":[-118.51355636363702,34.260725431775406]},"properties":{"tract_id":"06037111303","population":4712,"density_per_sqkm":2895.237671435484,"lng":-118.51355636363702,"lat":34.260725431775406}},{"type":"Feature","geometry":{"type":"Point","coordinates":[-118.41844753566313,34.27155439285607]},"properties":{"tract_id":"06037104321","population":2890,"density_per_sqkm":2215.7082290358117,"lng":-118.41844753566313,"lat":34.27155439285607}},{"type":"Feature","geometry":{"type":"Point","coordinates":[-118.42252582003874,34.27362011998803]},"properties":{"tract_id":"06037104322","population":1787,"density_per_sqkm":890.3759550307327,"lng":-118.42252582003874,"lat":34.27362011998803}},{"type":"Feature","geometry":{"type":"Point","coordinates":[-118.49020314119538,33.9133258313826]},"properties":{"tract_id":"06037990200","population":0,"density_per_sqkm":0,"lng":-118.49020314119538,"lat":33.9133258313826}},{"type":"Feature","geometry":{"type":"Point","coordinates":[-118.31285762964929,33.99883129622768]},"properties":{"tract_id":"06037232402","population":3095,"density_per_sqkm":4263.3578908264235,"lng":-118.31285762964929,"lat":33.99883129622768}},{"type":"Feature","geometry":{"type":"Point","coordinates":[-118.65096116832218,34.19114104948272]},"properties":{"tract_id":"06037135204","population":4481,"density_per_sqkm":1904.8224545604596,"lng":-118.65096116832218,"lat":34.19114104948272}},{"type":"Feature","geometry":{"type":"Point","coordinates":[-118.52754912903913,34.196026580621194]},"properties":{"tract_id":"06037132302","population":3178,"density_per_sqkm":4899.941036001212,"lng":-118.52754912903913,"lat":34.196026580621194}},{"type":"Feature","geometry":{"type":"Point","coordinates":[-118.61098118171793,34.18520921211344]},"properties":{"tract_id":"06037135115","population":3212,"density_per_sqkm":8635.042591582493,"lng":-118.61098118171793,"lat":34.18520921211344}},{"type":"Feature","geometry":{"type":"Point","coordinates":[-118.52705002773807,34.19914583329396]},"properties":{"tract_id":"06037132301","population":3689,"density_per_sqkm":5774.897472002465,"lng":-118.52705002773807,"lat":34.19914583329396}},{"type":"Feature","geometry":{"type":"Point","coordinates":[-118.59296835288424,34.191207647050824]},"properties":{"tract_id":"06037134907","population":3635,"density_per_sqkm":7266.826536762921,"lng":-118.59296835288424,"lat":34.191207647050824}},{"type":"Feature","geometry":{"type":"Point","coordinates":[-118.43314846660527,34.25067497778122]},"properties":{"tract_id":"06037119003","population":3895,"density_per_sqkm":2039.6481580197621,"lng":-118.43314846660527,"lat":34.25067497778122}},{"type":"Feature","geometry":{"type":"Point","coordinates":[-118.49475920409508,34.253489877554564]},"properties":{"tract_id":"06037111401","population":2293,"density_per_sqkm":2478.4369995264606,"lng":-118.49475920409508,"lat":34.253489877554564}},{"type":"Feature","geometry":{"type":"Point","coordinates":[-118.31781004301268,34.254599817192315]},"properties":{"tract_id":"06037103401","population":2391,"density_per_sqkm":846.0213389225804,"lng":-118.31781004301268,"lat":34.254599817192315}},{"type":"Feature","geometry":{"type":"Point","coordinates":[-118.6146544666818,34.245307192588264]},"properties":{"tract_id":"06037113237","population":4725,"density_per_sqkm":593.3664506694511,"lng":-118.6146544666818,"lat":34.245307192588264}},{"type":"Feature","geometry":{"type":"Point","coordinates":[-118.30699509996126,34.10393859994497]},"properties":{"tract_id":"06037190402","population":2194,"density_per_sqkm":13818.827130496797,"lng":-118.30699509996126,"lat":34.10393859994497}},{"type":"Feature","geometry":{"type":"Point","coordinates":[-118.32480309087806,34.094518727261466]},"properties":{"tract_id":"06037190801","population":3200,"density_per_sqkm":9824.973220508988,"lng":-118.32480309087806,"lat":34.094518727261466}},{"type":"Feature","geometry":{"type":"Point","coordinates":[-118.68720793750222,34.2778110937774]},"properties":{"tract_id":"06111008307","population":3377,"density_per_sqkm":3821.1384440211295,"lng":-118.68720793750222,"lat":34.2778110937774}},{"type":"Feature","geometry":{"type":"Point","coordinates":[-118.67026642267302,34.30060190869746]},"properties":{"tract_id":"06111008308","population":4242,"density_per_sqkm":115.34465267679445,"lng":-118.67026642267302,"lat":34.30060190869746}},{"type":"Feature","geometry":{"type":"Point","coordinates":[-118.64081255197762,34.16768172079138]},"properties":{"tract_id":"06037137000","population":5035,"density_per_sqkm":762.0518372637637,"lng":-118.64081255197762,"lat":34.16768172079138}},{"type":"Feature","geometry":{"type":"Point","coordinates":[-118.48397955769353,34.25411799999749]},"properties":{"tract_id":"06037109800","population":4584,"density_per_sqkm":3149.9006199463565,"lng":-118.48397955769353,"lat":34.25411799999749}},{"type":"Feature","geometry":{"type":"Point","coordinates":[-118.3485992962817,33.840793814835564]},"properties":{"tract_id":"06037650604","population":5712,"density_per_sqkm":10898.363091915775,"lng":-118.3485992962817,"lat":33.840793814835564}},{"type":"Feature","geometry":{"type":"Point","coordinates":[-118.49500611187965,34.281081335686544]},"properties":{"tract_id":"06037106646","population":3011,"density_per_sqkm":957.4850238806911,"lng":-118.49500611187965,"lat":34.281081335686544}},{"type":"Feature","geometry":{"type":"Point","coordinates":[-118.49145762792197,34.2681335348384]},"properties":{"tract_id":"06037111100","population":3076,"density_per_sqkm":2703.1946189230866,"lng":-118.49145762792197,"lat":34.2681335348384}},{"type":"Feature","geometry":{"type":"Point","coordinates":[-118.38386688468941,34.04363107693048]},"properties":{"tract_id":"06037269602","population":2532,"density_per_sqkm":5410.371296777687,"lng":-118.38386688468941,"lat":34.04363107693048}},{"type":"Feature","geometry":{"type":"Point","coordinates":[-118.42425036161198,34.01431036177038]},"properties":{"tract_id":"06037271901","population":3144,"density_per_sqkm":2502.7644587263235,"lng":-118.42425036161198,"lat":34.01431036177038}},{"type":"Feature","geometry":{"type":"Point","coordinates":[-118.51185213859958,34.27578046535702]},"properties":{"tract_id":"06037111201","population":3256,"density_per_sqkm":1408.7571081571255,"lng":-118.51185213859958,"lat":34.27578046535702}},{"type":"Feature","geometry":{"type":"Point","coordinates":[-118.51977574546538,34.26764421819663]},"properties":{"tract_id":"06037111202","population":5670,"density_per_sqkm":2805.986444566684,"lng":-118.51977574546538,"lat":34.26764421819663}},{"type":"Feature","geometry":{"type":"Point","coordinates":[-118.54958406708265,34.26334863759497]},"properties":{"tract_id":"06037111204","population":5600,"density_per_sqkm":1200.0774674745594,"lng":-118.54958406708265,"lat":34.26334863759497}},{"type":"Feature","geometry":{"type":"Point","coordinates":[-118.51428456099003,34.25451134139093]},"properties":{"tract_id":"06037111302","population":4880,"density_per_sqkm":3087.842714991638,"lng":-118.51428456099003,"lat":34.25451134139093}},{"type":"Feature","geometry":{"type":"Point","coordinates":[-118.31725831704587,34.0800955365333]},"properties":{"tract_id":"06037192410","population":4066,"density_per_sqkm":5931.767838979609,"lng":-118.31725831704587,"lat":34.0800955365333}},{"type":"Feature","geometry":{"type":"Point","coordinates":[-118.30718774193238,34.07972519348714]},"properties":{"tract_id":"06037192510","population":3711,"density_per_sqkm":10603.432780841858,"lng":-118.30718774193238,"lat":34.07972519348714}},{"type":"Feature","geometry":{"type":"Point","coordinates":[-118.37235926565864,34.07831417186941]},"properties":{"tract_id":"06037194500","population":2011,"density_per_sqkm":1892.7055056371553,"lng":-118.37235926565864,"lat":34.07831417186941}},{"type":"Feature","geometry":{"type":"Point","coordinates":[-118.43504042110243,34.19696773677702]},"properties":{"tract_id":"06037127920","population":4622,"density_per_sqkm":7141.619101208371,"lng":-118.43504042110243,"lat":34.19696773677702}},{"type":"Feature","geometry":{"type":"Point","coordinates":[-118.4438005832731,34.18389175012596]},"properties":{"tract_id":"06037128210","population":5357,"density_per_sqkm":9762.460606158622,"lng":-118.4438005832731,"lat":34.18389175012596}},{"type":"Feature","geometry":{"type":"Point","coordinates":[-118.4527340000277,34.18324970835977]},"properties":{"tract_id":"06037128303","population":3487,"density_per_sqkm":6315.078956952641,"lng":-118.4527340000277,"lat":34.18324970835977}},{"type":"Feature","geometry":{"type":"Point","coordinates":[-118.46406908475007,34.178212728814735]},"properties":{"tract_id":"06037128400","population":4241,"density_per_sqkm":1241.6238194054552,"lng":-118.46406908475007,"lat":34.178212728814735}},{"type":"Feature","geometry":{"type":"Point","coordinates":[-118.4448004474029,34.16957765789711]},"properties":{"tract_id":"06037128500","population":4104,"density_per_sqkm":4174.380213032773,"lng":-118.4448004474029,"lat":34.16957765789711}},{"type":"Feature","geometry":{"type":"Point","coordinates":[-118.40602808334187,34.19572491662758]},"properties":{"tract_id":"06037123304","population":4499,"density_per_sqkm":4260.896367426537,"lng":-118.40602808334187,"lat":34.19572491662758}},{"type":"Feature","geometry":{"type":"Point","coordinates":[-118.29875401317163,34.16032905262362]},"properties":{"tract_id":"06037301602","population":3897,"density_per_sqkm":1717.7315895608194,"lng":-118.29875401317163,"lat":34.16032905262362}},{"type":"Feature","geometry":{"type":"Point","coordinates":[-118.39643976471099,33.85990120586498]},"properties":{"tract_id":"06037621104","population":6975,"density_per_sqkm":2711.929649644898,"lng":-118.39643976471099,"lat":33.85990120586498}},{"type":"Feature","geometry":{"type":"Point","coordinates":[-118.39226794362436,33.84523501404936]},"properties":{"tract_id":"06037621204","population":2769,"density_per_sqkm":847.3769778725735,"lng":-118.39226794362436,"lat":33.84523501404936}},{"type":"Feature","geometry":{"type":"Point","coordinates":[-118.38802728571268,33.83625777141352]},"properties":{"tract_id":"06037621324","population":4027,"density_per_sqkm":2230.2023616720126,"lng":-118.38802728571268,"lat":33.83625777141352}},{"type":"Feature","geometry":{"type":"Point","coordinates":[-118.33095732810567,33.87720876563007]},"properties":{"tract_id":"06037650004","population":4179,"density_per_sqkm":4688.150105333005,"lng":-118.33095732810567,"lat":33.87720876563007}},{"type":"Feature","geometry":{"type":"Point","coordinates":[-118.34214005128683,33.84312774358596]},"properties":{"tract_id":"06037650401","population":4295,"density_per_sqkm":620.9504178255775,"lng":-118.34214005128683,"lat":33.84312774358596}},{"type":"Feature","geometry":{"type":"Point","coordinates":[-118.44155196267828,34.11076978400225]},"properties":{"tract_id":"06037261200","population":3967,"density_per_sqkm":241.53696344061515,"lng":-118.44155196267828,"lat":34.11076978400225}},{"type":"Feature","geometry":{"type":"Point","coordinates":[-118.31726485313166,33.836039985999186]},"properties":{"tract_id":"06037650901","population":5111,"density_per_sqkm":1019.1085142208368,"lng":-118.31726485313166,"lat":33.836039985999186}},{"type":"Feature","geometry":{"type":"Point","coordinates":[-118.43540410715046,34.206135857118426]},"properties":{"tract_id":"06037127104","population":4385,"density_per_sqkm":5295.612228193525,"lng":-118.43540410715046,"lat":34.206135857118426}},{"type":"Feature","geometry":{"type":"Point","coordinates":[-118.46249347816935,34.197800434847366]},"properties":{"tract_id":"06037127804","population":4728,"density_per_sqkm":7422.186048609274,"lng":-118.46249347816935,"lat":34.197800434847366}},{"type":"Feature","geometry":{"type":"Point","coordinates":[-118.44372699992614,34.1905761071629]},"properties":{"tract_id":"06037128102","population":4750,"density_per_sqkm":7336.744521819136,"lng":-118.44372699992614,"lat":34.1905761071629}},{"type":"Feature","geometry":{"type":"Point","coordinates":[-118.51434213798237,34.192615137902926]},"properties":{"tract_id":"06037132001","population":2947,"density_per_sqkm":3035.692283031387,"lng":-118.51434213798237,"lat":34.192615137902926}},{"type":"Feature","geometry":{"type":"Point","coordinates":[-118.59065800009657,34.20212339998416]},"properties":{"tract_id":"06037134001","population":3715,"density_per_sqkm":6333.109776277483,"lng":-118.59065800009657,"lat":34.20212339998416}},{"type":"Feature","geometry":{"type":"Point","coordinates":[-118.49795056055032,34.02750778781086]},"properties":{"tract_id":"06037701302","population":4829,"density_per_sqkm":4235.434452595535,"lng":-118.49795056055032,"lat":34.02750778781086}},{"type":"Feature","geometry":{"type":"Point","coordinates":[-118.49022986459066,34.028062624968534]},"properties":{"tract_id":"06037701501","population":5058,"density_per_sqkm":2859.504950566046,"lng":-118.49022986459066,"lat":34.028062624968534}},{"type":"Feature","geometry":{"type":"Point","coordinates":[-118.48774767009913,34.02502334020055]},"properties":{"tract_id":"06037701502","population":3784,"density_per_sqkm":2142.5284186480703,"lng":-118.48774767009913,"lat":34.02502334020055}},{"type":"Feature","geometry":{"type":"Point","coordinates":[-118.48008780647983,34.03953237095687]},"properties":{"tract_id":"06037701601","population":3963,"density_per_sqkm":1557.6338374843679,"lng":-118.48008780647983,"lat":34.03953237095687}},{"type":"Feature","geometry":{"type":"Point","coordinates":[-118.47532172824609,34.03495322827581]},"properties":{"tract_id":"06037701602","population":4614,"density_per_sqkm":2319.406949393945,"lng":-118.47532172824609,"lat":34.03495322827581}},{"type":"Feature","geometry":{"type":"Point","coordinates":[-118.47221212500865,34.03213971157835]},"properties":{"tract_id":"06037701701","population":3350,"density_per_sqkm":1690.5470331563308,"lng":-118.47221212500865,"lat":34.03213971157835}},{"type":"Feature","geometry":{"type":"Point","coordinates":[-118.52353624004577,34.2143600799594]},"properties":{"tract_id":"06037131300","population":4502,"density_per_sqkm":4011.148866649456,"lng":-118.52353624004577,"lat":34.2143600799594}},{"type":"Feature","geometry":{"type":"Point","coordinates":[-118.54974157687175,34.22711342306198]},"properties":{"tract_id":"06037115302","population":3912,"density_per_sqkm":4356.623259082464,"lng":-118.54974157687175,"lat":34.22711342306198}},{"type":"Feature","geometry":{"type":"Point","coordinates":[-118.48228580230808,34.264389488360756]},"properties":{"tract_id":"06037109700","population":4333,"density_per_sqkm":1951.6316506130472,"lng":-118.48228580230808,"lat":34.264389488360756}},{"type":"Feature","geometry":{"type":"Point","coordinates":[-118.34577957138023,34.06463319046905]},"properties":{"tract_id":"06037215102","population":2952,"density_per_sqkm":10406.884714091055,"lng":-118.34577957138023,"lat":34.06463319046905}},{"type":"Feature","geometry":{"type":"Point","coordinates":[-118.38077610806357,34.04945310816463]},"properties":{"tract_id":"06037217002","population":4859,"density_per_sqkm":4675.193884059269,"lng":-118.38077610806357,"lat":34.04945310816463}},{"type":"Feature","geometry":{"type":"Point","coordinates":[-118.308013368472,34.04566752634338]},"properties":{"tract_id":"06037221303","population":2611,"density_per_sqkm":10989.059008458607,"lng":-118.308013368472,"lat":34.04566752634338}},{"type":"Feature","geometry":{"type":"Point","coordinates":[-118.46998006524342,34.04510260875973]},"properties":{"tract_id":"06037264306","population":1703,"density_per_sqkm":1984.9977765704386,"lng":-118.46998006524342,"lat":34.04510260875973}},{"type":"Feature","geometry":{"type":"Point","coordinates":[-118.43445306249566,34.04806118754565]},"properties":{"tract_id":"06037267202","population":3654,"density_per_sqkm":3217.992115310313,"lng":-118.43445306249566,"lat":34.04806118754565}},{"type":"Feature","geometry":{"type":"Point","coordinates":[-118.40991036365364,34.019064136312146]},"properties":{"tract_id":"06037271803","population":3231,"density_per_sqkm":7291.024834700612,"lng":-118.40991036365364,"lat":34.019064136312146}},{"type":"Feature","geometry":{"type":"Point","coordinates":[-118.3640488139582,34.04660804654235]},"properties":{"tract_id":"06037216901","population":2687,"density_per_sqkm":2432.160087594494,"lng":-118.3640488139582,"lat":34.04660804654235}},{"type":"Feature","geometry":{"type":"Point","coordinates":[-118.44486859457531,34.04984191891395]},"properties":{"tract_id":"06037265524","population":2864,"density_per_sqkm":3772.3804947390513,"lng":-118.44486859457531,"lat":34.04984191891395}},{"type":"Feature","geometry":{"type":"Point","coordinates":[-118.46260871884827,34.05074937501474]},"properties":{"tract_id":"06037264304","population":2358,"density_per_sqkm":5251.120938196903,"lng":-118.46260871884827,"lat":34.05074937501474}},{"type":"Feature","geometry":{"type":"Point","coordinates":[-118.42712985714003,34.051455599988486]},"properties":{"tract_id":"06037267101","population":3136,"density_per_sqkm":3453.3168279996594,"lng":-118.42712985714003,"lat":34.051455599988486}},{"type":"Feature","geometry":{"type":"Point","coordinates":[-118.39461721053043,34.02815486845168]},"properties":{"tract_id":"06037270101","population":1935,"density_per_sqkm":1991.973169516493,"lng":-118.39461721053043,"lat":34.02815486845168}},{"type":"Feature","geometry":{"type":"Point","coordinates":[-118.44131730764694,34.044904410305115]},"properties":{"tract_id":"06037267201","population":2775,"density_per_sqkm":2267.3756692916227,"lng":-118.44131730764694,"lat":34.044904410305115}},{"type":"Feature","geometry":{"type":"Point","coordinates":[-118.46782990908633,34.040965454521306]},"properties":{"tract_id":"06037267405","population":2527,"density_per_sqkm":5968.923563464905,"lng":-118.46782990908633,"lat":34.040965454521306}},{"type":"Feature","geometry":{"type":"Point","coordinates":[-118.5306131007648,34.140742823645304]},"properties":{"tract_id":"06037139703","population":2438,"density_per_sqkm":255.13219627454566,"lng":-118.5306131007648,"lat":34.140742823645304}},{"type":"Feature","geometry":{"type":"Point","coordinates":[-118.42668611538949,34.18172261532503]},"properties":{"tract_id":"06037123602","population":3190,"density_per_sqkm":2489.48179092139,"lng":-118.42668611538949,"lat":34.18172261532503}},{"type":"Feature","geometry":{"type":"Point","coordinates":[-118.39260913783038,34.2050132068735]},"properties":{"tract_id":"06037122410","population":3949,"density_per_sqkm":5032.443360191654,"lng":-118.39260913783038,"lat":34.2050132068735}},{"type":"Feature","geometry":{"type":"Point","coordinates":[-118.45774833342342,34.040619444428984]},"properties":{"tract_id":"06037267504","population":3396,"density_per_sqkm":6553.64784533835,"lng":-118.45774833342342,"lat":34.040619444428984}},{"type":"Feature","geometry":{"type":"Point","coordinates":[-118.48053329096261,34.04613503636426]},"properties":{"tract_id":"06037264305","population":4396,"density_per_sqkm":1526.804232056189,"lng":-118.48053329096261,"lat":34.04613503636426}},{"type":"Feature","geometry":{"type":"Point","coordinates":[-118.37699595162748,33.96541180644201]},"properties":{"tract_id":"06037277100","population":3149,"density_per_sqkm":1693.3199573451595,"lng":-118.37699595162748,"lat":33.96541180644201}},{"type":"Feature","geometry":{"type":"Point","coordinates":[-118.38063290744829,33.95365712956801]},"properties":{"tract_id":"06037277200","population":1845,"density_per_sqkm":1518.2311511837277,"lng":-118.38063290744829,"lat":33.95365712956801}},{"type":"Feature","geometry":{"type":"Point","coordinates":[-118.3346230725842,33.96636982258768]},"properties":{"tract_id":"06037600802","population":2508,"density_per_sqkm":950.7203959972154,"lng":-118.3346230725842,"lat":33.96636982258768}},{"type":"Feature","geometry":{"type":"Point","coordinates":[-118.35189743529968,33.97173323532721]},"properties":{"tract_id":"06037600902","population":6599,"density_per_sqkm":5158.694419973974,"lng":-118.35189743529968,"lat":33.97173323532721}},{"type":"Feature","geometry":{"type":"Point","coordinates":[-118.3538739856926,33.9784165285645]},"properties":{"tract_id":"06037600911","population":3344,"density_per_sqkm":3712.1582519078497,"lng":-118.3538739856926,"lat":33.9784165285645}},{"type":"Feature","geometry":{"type":"Point","coordinates":[-118.36459442854382,33.968963350026605]},"properties":{"tract_id":"06037601302","population":6892,"density_per_sqkm":2466.5483984831944,"lng":-118.36459442854382,"lat":33.968963350026605}},{"type":"Feature","geometry":{"type":"Point","coordinates":[-118.41343656676007,33.99122415001172]},"properties":{"tract_id":"06037275500","population":4808,"density_per_sqkm":3171.034721467931,"lng":-118.41343656676007,"lat":33.99122415001172}},{"type":"Feature","geometry":{"type":"Point","coordinates":[-118.37031535158218,33.95901039059696]},"properties":{"tract_id":"06037601401","population":7129,"density_per_sqkm":2967.199128613521,"lng":-118.37031535158218,"lat":33.95901039059696}},{"type":"Feature","geometry":{"type":"Point","coordinates":[-118.34162516280672,33.91283527907826]},"properties":{"tract_id":"06037602510","population":3638,"density_per_sqkm":11118.116457354423,"lng":-118.34162516280672,"lat":33.91283527907826}},{"type":"Feature","geometry":{"type":"Point","coordinates":[-118.33114487679195,33.928871181161696]},"properties":{"tract_id":"06037604200","population":5802,"density_per_sqkm":3013.8243688381854,"lng":-118.33114487679195,"lat":33.928871181161696}},{"type":"Feature","geometry":{"type":"Point","coordinates":[-118.37078434014099,33.922387231300846]},"properties":{"tract_id":"06037602201","population":4294,"density_per_sqkm":1907.1334620185298,"lng":-118.37078434014099,"lat":33.922387231300846}},{"type":"Feature","geometry":{"type":"Point","coordinates":[-118.3335752694432,33.921627976026265]},"properties":{"tract_id":"06037602513","population":1660,"density_per_sqkm":676.9496806267929,"lng":-118.3335752694432,"lat":33.921627976026265}},{"type":"Feature","geometry":{"type":"Point","coordinates":[-118.42720181247985,34.02660977081612]},"properties":{"tract_id":"06037271702","population":4092,"density_per_sqkm":2206.322943232908,"lng":-118.42720181247985,"lat":34.02660977081612}},{"type":"Feature","geometry":{"type":"Point","coordinates":[-118.46097636366558,34.046067409114706]},"properties":{"tract_id":"06037267404","population":3325,"density_per_sqkm":5650.763439064809,"lng":-118.46097636366558,"lat":34.046067409114706}},{"type":"Feature","geometry":{"type":"Point","coordinates":[-118.44936936841484,34.04604147375008]},"properties":{"tract_id":"06037267300","population":3865,"density_per_sqkm":4573.655166855673,"lng":-118.44936936841484,"lat":34.04604147375008}},{"type":"Feature","geometry":{"type":"Point","coordinates":[-118.32360187177757,34.03719456408785]},"properties":{"tract_id":"06037218800","population":2664,"density_per_sqkm":5176.047696662361,"lng":-118.32360187177757,"lat":34.03719456408785}},{"type":"Feature","geometry":{"type":"Point","coordinates":[-118.47769464514109,33.99305658064342]},"properties":{"tract_id":"06037273403","population":1306,"density_per_sqkm":724.0981123697102,"lng":-118.47769464514109,"lat":33.99305658064342}},{"type":"Feature","geometry":{"type":"Point","coordinates":[-118.3416934090903,33.97539737503586]},"properties":{"tract_id":"06037600912","population":4832,"density_per_sqkm":2990.056338899105,"lng":-118.3416934090903,"lat":33.97539737503586}},{"type":"Feature","geometry":{"type":"Point","coordinates":[-118.34955867048293,33.96373168180282]},"properties":{"tract_id":"06037601001","population":2148,"density_per_sqkm":1556.6120196762515,"lng":-118.34955867048293,"lat":33.96373168180282}},{"type":"Feature","geometry":{"type":"Point","coordinates":[-118.34844107268547,33.94965054547244]},"properties":{"tract_id":"06037601100","population":6821,"density_per_sqkm":10602.632867365553,"lng":-118.34844107268547,"lat":33.94965054547244}},{"type":"Feature","geometry":{"type":"Point","coordinates":[-118.35699536766218,33.962839823510286]},"properties":{"tract_id":"06037601211","population":3008,"density_per_sqkm":4629.288398624494,"lng":-118.35699536766218,"lat":33.962839823510286}},{"type":"Feature","geometry":{"type":"Point","coordinates":[-118.35665774354449,33.955859679490906]},"properties":{"tract_id":"06037601212","population":5416,"density_per_sqkm":8150.122925355576,"lng":-118.35665774354449,"lat":33.955859679490906}},{"type":"Feature","geometry":{"type":"Point","coordinates":[-118.36299143937654,33.97878362126249]},"properties":{"tract_id":"06037601301","population":1810,"density_per_sqkm":2438.365244703473,"lng":-118.36299143937654,"lat":33.97878362126249}},{"type":"Feature","geometry":{"type":"Point","coordinates":[-118.39633411291807,34.01473562097348]},"properties":{"tract_id":"06037702501","population":4998,"density_per_sqkm":2075.4329147056665,"lng":-118.39633411291807,"lat":34.01473562097348}},{"type":"Feature","geometry":{"type":"Point","coordinates":[-118.38483304080735,34.014188359195124]},"properties":{"tract_id":"06037702502","population":4142,"density_per_sqkm":852.8578060539337,"lng":-118.38483304080735,"lat":34.014188359195124}},{"type":"Feature","geometry":{"type":"Point","coordinates":[-118.39687319803716,33.995988821762886]},"properties":{"tract_id":"06037702600","population":6688,"density_per_sqkm":1466.6665503208671,"lng":-118.39687319803716,"lat":33.995988821762886}},{"type":"Feature","geometry":{"type":"Point","coordinates":[-118.40178308737259,34.00537894173395]},"properties":{"tract_id":"06037702700","population":3460,"density_per_sqkm":1306.898882806808,"lng":-118.40178308737259,"lat":34.00537894173395}},{"type":"Feature","geometry":{"type":"Point","coordinates":[-118.41574825880026,34.00498121173176]},"properties":{"tract_id":"06037702802","population":2293,"density_per_sqkm":1501.5711228617101,"lng":-118.41574825880026,"lat":34.00498121173176}},{"type":"Feature","geometry":{"type":"Point","coordinates":[-118.43070953062599,33.99640757824744]},"properties":{"tract_id":"06037702803","population":2749,"density_per_sqkm":708.0395759971235,"lng":-118.43070953062599,"lat":33.99640757824744}},{"type":"Feature","geometry":{"type":"Point","coordinates":[-118.44296774733888,34.03095885265259]},"properties":{"tract_id":"06037271200","population":2268,"density_per_sqkm":1410.5197140221555,"lng":-118.44296774733888,"lat":34.03095885265259}},{"type":"Feature","geometry":{"type":"Point","coordinates":[-118.4440285847058,34.02518683053585]},"properties":{"tract_id":"06037271300","population":5152,"density_per_sqkm":1514.5413888202647,"lng":-118.4440285847058,"lat":34.02518683053585}},{"type":"Feature","geometry":{"type":"Point","coordinates":[-118.44788887271682,34.00876790908598]},"properties":{"tract_id":"06037271400","population":3266,"density_per_sqkm":1408.147660148243,"lng":-118.44788887271682,"lat":34.00876790908598}},{"type":"Feature","geometry":{"type":"Point","coordinates":[-118.36546165386709,34.07297888461075]},"properties":{"tract_id":"06037214600","population":2247,"density_per_sqkm":3461.20930696756,"lng":-118.36546165386709,"lat":34.07297888461075}},{"type":"Feature","geometry":{"type":"Point","coordinates":[-118.42593557574621,34.17246518180891]},"properties":{"tract_id":"06037124500","population":2695,"density_per_sqkm":1750.0531812075951,"lng":-118.42593557574621,"lat":34.17246518180891}},{"type":"Feature","geometry":{"type":"Point","coordinates":[-118.44505644445952,34.19837777770486]},"properties":{"tract_id":"06037127910","population":4908,"density_per_sqkm":7552.055352805115,"lng":-118.44505644445952,"lat":34.19837777770486}},{"type":"Feature","geometry":{"type":"Point","coordinates":[-118.38382399984987,34.193403761798926]},"properties":{"tract_id":"06037123205","population":2959,"density_per_sqkm":3553.978455849825,"lng":-118.38382399984987,"lat":34.193403761798926}},{"type":"Feature","geometry":{"type":"Point","coordinates":[-118.29984169814402,33.868372886782694]},"properties":{"tract_id":"06037603200","population":3368,"density_per_sqkm":2423.849132150973,"lng":-118.29984169814402,"lat":33.868372886782694}},{"type":"Feature","geometry":{"type":"Point","coordinates":[-118.30635069231651,33.884117791229876]},"properties":{"tract_id":"06037603301","population":3461,"density_per_sqkm":2857.559392930457,"lng":-118.30635069231651,"lat":33.884117791229876}},{"type":"Feature","geometry":{"type":"Point","coordinates":[-118.30707533687249,33.87787074737428]},"properties":{"tract_id":"06037603302","population":4117,"density_per_sqkm":3009.9387016148553,"lng":-118.30707533687249,"lat":33.87787074737428}},{"type":"Feature","geometry":{"type":"Point","coordinates":[-118.31344093746588,33.89338652501893]},"properties":{"tract_id":"06037603400","population":3836,"density_per_sqkm":2781.173835875525,"lng":-118.31344093746588,"lat":33.89338652501893}},{"type":"Feature","geometry":{"type":"Point","coordinates":[-118.32167634180223,33.89903220256209]},"properties":{"tract_id":"06037603500","population":2987,"density_per_sqkm":3073.6100809554423,"lng":-118.32167634180223,"lat":33.89903220256209}},{"type":"Feature","geometry":{"type":"Point","coordinates":[-118.322085814786,33.889404259265]},"properties":{"tract_id":"06037603600","population":4324,"density_per_sqkm":4075.2722414329155,"lng":-118.322085814786,"lat":33.889404259265}},{"type":"Feature","geometry":{"type":"Point","coordinates":[-118.32219746297413,34.17526280555505]},"properties":{"tract_id":"06037310800","population":5718,"density_per_sqkm":1226.8533690015427,"lng":-118.32219746297413,"lat":34.17526280555505}},{"type":"Feature","geometry":{"type":"Point","coordinates":[-118.31937230077033,34.15995466167963]},"properties":{"tract_id":"06037311700","population":6165,"density_per_sqkm":1676.0168617278498,"lng":-118.31937230077033,"lat":34.15995466167963}},{"type":"Feature","geometry":{"type":"Point","coordinates":[-118.31064383332414,34.171897474337875]},"properties":{"tract_id":"06037311802","population":4512,"density_per_sqkm":3081.5604753046114,"lng":-118.31064383332414,"lat":34.171897474337875}},{"type":"Feature","geometry":{"type":"Point","coordinates":[-118.37969262964471,34.03363614813381]},"properties":{"tract_id":"06037270200","population":3697,"density_per_sqkm":2168.5818724718724,"lng":-118.37969262964471,"lat":34.03363614813381}},{"type":"Feature","geometry":{"type":"Point","coordinates":[-118.3717039480457,34.03997444152785]},"properties":{"tract_id":"06037270300","population":2815,"density_per_sqkm":2023.0619178266613,"lng":-118.3717039480457,"lat":34.03997444152785}},{"type":"Feature","geometry":{"type":"Point","coordinates":[-118.42733391889848,34.033092864827736]},"properties":{"tract_id":"06037271100","population":2461,"density_per_sqkm":1985.2037464575894,"lng":-118.42733391889848,"lat":34.033092864827736}},{"type":"Feature","geometry":{"type":"Point","coordinates":[-118.3285256427972,34.08916782136692]},"properties":{"tract_id":"06037191810","population":2807,"density_per_sqkm":6918.2294247501,"lng":-118.3285256427972,"lat":34.08916782136692}},{"type":"Feature","geometry":{"type":"Point","coordinates":[-118.44463724996403,34.05634664997504]},"properties":{"tract_id":"06037265521","population":1569,"density_per_sqkm":5630.72757289986,"lng":-118.44463724996403,"lat":34.05634664997504}},{"type":"Feature","geometry":{"type":"Point","coordinates":[-118.34164154832817,34.097448838730365]},"properties":{"tract_id":"06037190102","population":2657,"density_per_sqkm":5828.6162011657525,"lng":-118.34164154832817,"lat":34.097448838730365}},{"type":"Feature","geometry":{"type":"Point","coordinates":[-118.5855841724344,34.235111396559155]},"properties":{"tract_id":"06037113426","population":2322,"density_per_sqkm":755.1145281881047,"lng":-118.5855841724344,"lat":34.235111396559155}},{"type":"Feature","geometry":{"type":"Point","coordinates":[-118.59171942315706,34.23151726916161]},"properties":{"tract_id":"06037113425","population":4499,"density_per_sqkm":12115.826462411416,"lng":-118.59171942315706,"lat":34.23151726916161}},{"type":"Feature","geometry":{"type":"Point","coordinates":[-118.35896912613228,33.89897966668118]},"properties":{"tract_id":"06037603901","population":3685,"density_per_sqkm":2826.375026452454,"lng":-118.35896912613228,"lat":33.89897966668118}},{"type":"Feature","geometry":{"type":"Point","coordinates":[-118.33182914584468,33.910673895798745]},"properties":{"tract_id":"06037602512","population":1926,"density_per_sqkm":5937.636320058251,"lng":-118.33182914584468,"lat":33.910673895798745}},{"type":"Feature","geometry":{"type":"Point","coordinates":[-118.31853730530581,33.912701842132506]},"properties":{"tract_id":"06037602601","population":5072,"density_per_sqkm":3888.8221390091944,"lng":-118.31853730530581,"lat":33.912701842132506}},{"type":"Feature","geometry":{"type":"Point","coordinates":[-118.31235633327695,33.97095230300332]},"properties":{"tract_id":"06037237900","population":4131,"density_per_sqkm":4213.819566468615,"lng":-118.31235633327695,"lat":33.97095230300332}},{"type":"Feature","geometry":{"type":"Point","coordinates":[-118.31018515206902,34.134223023254]},"properties":{"tract_id":"06037980009","population":5,"density_per_sqkm":0.13913469223178437,"lng":-118.31018515206902,"lat":34.134223023254}},{"type":"Feature","geometry":{"type":"Point","coordinates":[-118.39283261361102,34.17713034092459]},"properties":{"tract_id":"06037123902","population":2668,"density_per_sqkm":3237.2412199964783,"lng":-118.39283261361102,"lat":34.17713034092459}},{"type":"Feature","geometry":{"type":"Point","coordinates":[-118.60150726320987,34.20504399999164]},"properties":{"tract_id":"06037134522","population":4741,"density_per_sqkm":7644.872323799581,"lng":-118.60150726320987,"lat":34.20504399999164}},{"type":"Feature","geometry":{"type":"Point","coordinates":[-118.34851900004735,34.085916933328]},"properties":{"tract_id":"06037192001","population":2131,"density_per_sqkm":2736.052532976803,"lng":-118.34851900004735,"lat":34.085916933328}},{"type":"Feature","geometry":{"type":"Point","coordinates":[-118.42252444823073,34.246621965509696]},"properties":{"tract_id":"06037104822","population":2461,"density_per_sqkm":1127.5104937607755,"lng":-118.42252444823073,"lat":34.246621965509696}},{"type":"Feature","geometry":{"type":"Point","coordinates":[-118.34324334215972,34.18439043424365]},"properties":{"tract_id":"06037311000","population":3940,"density_per_sqkm":2505.3911009463977,"lng":-118.34324334215972,"lat":34.18439043424365}},{"type":"Feature","geometry":{"type":"Point","coordinates":[-118.35413387696862,34.1846966307923]},"properties":{"tract_id":"06037311100","population":4147,"density_per_sqkm":1980.197816562018,"lng":-118.35413387696862,"lat":34.1846966307923}},{"type":"Feature","geometry":{"type":"Point","coordinates":[-118.35235205634523,34.172741197187406]},"properties":{"tract_id":"06037311200","population":3085,"density_per_sqkm":2104.906742564312,"lng":-118.35235205634523,"lat":34.172741197187406}},{"type":"Feature","geometry":{"type":"Point","coordinates":[-118.34370740001202,34.17479065004689]},"properties":{"tract_id":"06037311300","population":4090,"density_per_sqkm":2312.6051492722295,"lng":-118.34370740001202,"lat":34.17479065004689}},{"type":"Feature","geometry":{"type":"Point","coordinates":[-118.34998944611455,34.1619349230516]},"properties":{"tract_id":"06037311400","population":2369,"density_per_sqkm":1315.1255299158458,"lng":-118.34998944611455,"lat":34.1619349230516}}]}