{"type":"FeatureCollection","features":[{"type":"Feature","geometry":{"type":"Point","coordinates":[-80.13931018660215,40.49453005071069]},"properties":{"tract_id":"42003459101","population":1706,"density_per_sqkm":133.14406061651817,"lng":-80.13931018660215,"lat":40.49453005071069}},{"type":"Feature","geometry":{"type":"Point","coordinates":[-80.05789916037992,40.49357694808001]},"properties":{"tract_id":"42003431500","population":3144,"density_per_sqkm":1103.964814696252,"lng":-80.05789916037992,"lat":40.49357694808001}},{"type":"Feature","geometry":{"type":"Point","coordinates":[-80.00306722044981,40.35812627155973]},"properties":{"tract_id":"42003477100","population":3902,"density_per_sqkm":806.7742107142171,"lng":-80.00306722044981,"lat":40.35812627155973}},{"type":"Feature","geometry":{"type":"Point","coordinates":[-79.95443413981478,40.379792735561814]},"properties":{"tract_id":"42003480400","population":5119,"density_per_sqkm":638.1480329526436,"lng":-79.95443413981478,"lat":40.379792735561814}},{"type":"Feature","geometry":{"type":"Point","coordinates":[-79.83323912800299,40.417188338665426]},"properties":{"tract_id":"42003520002","population":3196,"density_per_sqkm":451.4674328379111,"lng":-79.83323912800299,"lat":40.417188338665426}},{"type":"Feature","geometry":{"type":"Point","coordinates":[-79.79517204070167,40.463809407131784]},"properties":{"tract_id":"42003523502","population":1446,"density_per_sqkm":153.297692993443,"lng":-79.79517204070167,"lat":40.463809407131784}},{"type":"Feature","geometry":{"type":"Point","coordinates":[-79.79733708949188,40.49411173839166]},"properties":{"tract_id":"42003523702","population":5198,"density_per_sqkm":325.8605331570437,"lng":-79.79733708949188,"lat":40.49411173839166}},{"type":"Feature","geometry":{"type":"Point","coordinates":[-79.7535670739157,40.46982321758272]},"properties":{"tract_id":"42003526202","population":4591,"density_per_sqkm":148.43457706577144,"lng":-79.7535670739157,"lat":40.46982321758272}},{"type":"Feature","geometry":{"type":"Point","coordinates":[-79.94282736804566,40.46323795831747]},"properties":{"tract_id":"42003080900","population":2034,"density_per_sqkm":2135.112641141586,"lng":-79.94282736804566,"lat":40.46323795831747}},{"type":"Feature","geometry":{"type":"Point","coordinates":[-79.89338781309091,40.4585871495159]},"properties":{"tract_id":"42003130200","population":1161,"density_per_sqkm":1749.0304360475302,"lng":-79.89338781309091,"lat":40.4585871495159}},{"type":"Feature","geometry":{"type":"Point","coordinates":[-79.95024803059935,40.45948629592167]},"properties":{"tract_id":"42003080200","population":1867,"density_per_sqkm":3342.4507111024755,"lng":-79.95024803059935,"lat":40.45948629592167}},{"type":"Feature","geometry":{"type":"Point","coordinates":[-79.94580439583916,40.45680457640575]},"properties":{"tract_id":"42003080400","population":1650,"density_per_sqkm":1700.501238778898,"lng":-79.94580439583916,"lat":40.45680457640575}},{"type":"Feature","geometry":{"type":"Point","coordinates":[-79.87766792180433,40.45517861315901]},"properties":{"tract_id":"42003130600","population":3505,"density_per_sqkm":1465.7573959590711,"lng":-79.87766792180433,"lat":40.45517861315901}},{"type":"Feature","geometry":{"type":"Point","coordinates":[-79.88540266539826,40.30280402282246]},"properties":{"tract_id":"42003492700","population":1997,"density_per_sqkm":174.64091910507673,"lng":-79.88540266539826,"lat":40.30280402282246}},{"type":"Feature","geometry":{"type":"Point","coordinates":[-80.02328433980665,40.36706136569624]},"properties":{"tract_id":"42003476100","population":4961,"density_per_sqkm":630.7818755622498,"lng":-80.02328433980665,"lat":40.36706136569624}},{"type":"Feature","geometry":{"type":"Point","coordinates":[-80.08378110913854,40.38257476142321]},"properties":{"tract_id":"42003470300","population":4008,"density_per_sqkm":553.670219351458,"lng":-80.08378110913854,"lat":40.38257476142321}},{"type":"Feature","geometry":{"type":"Point","coordinates":[-79.86725252417273,40.36309771749441]},"properties":{"tract_id":"42003488400","population":4233,"density_per_sqkm":566.6885754877727,"lng":-79.86725252417273,"lat":40.36309771749441}},{"type":"Feature","geometry":{"type":"Point","coordinates":[-80.01932926043229,40.49101515275945]},"properties":{"tract_id":"42003260200","population":2167,"density_per_sqkm":832.880315420505,"lng":-80.01932926043229,"lat":40.49101515275945}},{"type":"Feature","geometry":{"type":"Point","coordinates":[-80.0733972392285,40.48189231765397]},"properties":{"tract_id":"42003462100","population":2715,"density_per_sqkm":224.1626418391521,"lng":-80.0733972392285,"lat":40.48189231765397}},{"type":"Feature","geometry":{"type":"Point","coordinates":[-80.03441203820908,40.382218324852786]},"properties":{"tract_id":"42003473300","population":5920,"density_per_sqkm":1026.4987303801154,"lng":-80.03441203820908,"lat":40.382218324852786}},{"type":"Feature","geometry":{"type":"Point","coordinates":[-80.07680080237486,40.355359602386855]},"properties":{"tract_id":"42003474101","population":4247,"density_per_sqkm":489.1182691119609,"lng":-80.07680080237486,"lat":40.355359602386855}},{"type":"Feature","geometry":{"type":"Point","coordinates":[-79.98556021976397,40.42234150824026]},"properties":{"tract_id":"42003170600","population":1630,"density_per_sqkm":628.9453289540024,"lng":-79.98556021976397,"lat":40.42234150824026}},{"type":"Feature","geometry":{"type":"Point","coordinates":[-79.84034773518421,40.25504059394681]},"properties":{"tract_id":"42003496102","population":4313,"density_per_sqkm":61.06567378764418,"lng":-79.84034773518421,"lat":40.25504059394681}},{"type":"Feature","geometry":{"type":"Point","coordinates":[-79.81144416504321,40.47143190291328]},"properties":{"tract_id":"42003523501","population":4090,"density_per_sqkm":577.7433562018475,"lng":-79.81144416504321,"lat":40.47143190291328}},{"type":"Feature","geometry":{"type":"Point","coordinates":[-79.9555306331931,40.569260841693655]},"properties":{"tract_id":"42003414200","population":5976,"density_per_sqkm":273.2602661034624,"lng":-79.9555306331931,"lat":40.569260841693655}},{"type":"Feature","geometry":{"type":"Point","coordinates":[-80.05406038553035,40.58192841565447]},"properties":{"tract_id":"42003413202","population":2745,"density_per_sqkm":305.5394861484726,"lng":-80.05406038553035,"lat":40.58192841565447}},{"type":"Feature","geometry":{"type":"Point","coordinates":[-79.99475318081731,40.5245036712229]},"properties":{"tract_id":"42003429202","population":4514,"density_per_sqkm":536.729508371526,"lng":-79.99475318081731,"lat":40.5245036712229}},{"type":"Feature","geometry":{"type":"Point","coordinates":[-79.8684858168918,40.46901254928076]},"properties":{"tract_id":"42003523100","population":3829,"density_per_sqkm":317.2327879994442,"lng":-79.8684858168918,"lat":40.46901254928076}},{"type":"Feature","geometry":{"type":"Point","coordinates":[-80.06975209732846,40.33939192701761]},"properties":{"tract_id":"42003474102","population":3881,"density_per_sqkm":339.57069329741717,"lng":-80.06975209732846,"lat":40.33939192701761}},{"type":"Feature","geometry":{"type":"Point","coordinates":[-80.05635859998958,40.41887970911178]},"properties":{"tract_id":"42003469000","population":4870,"density_per_sqkm":473.66356516956404,"lng":-80.05635859998958,"lat":40.41887970911178}},{"type":"Feature","geometry":{"type":"Point","coordinates":[-79.94948459717028,40.44700544444049]},"properties":{"tract_id":"42003040400","population":1629,"density_per_sqkm":4702.673206711368,"lng":-79.94948459717028,"lat":40.44700544444049}},{"type":"Feature","geometry":{"type":"Point","coordinates":[-79.8556757127461,40.296459570174605]},"properties":{"tract_id":"42003497000","population":998,"density_per_sqkm":43.135341270443845,"lng":-79.8556757127461,"lat":40.296459570174605}},{"type":"Feature","geometry":{"type":"Point","coordinates":[-79.96166731120343,40.52303534647678]},"properties":{"tract_id":"42003426400","population":4203,"density_per_sqkm":521.6640199602421,"lng":-79.96166731120343,"lat":40.52303534647678}},{"type":"Feature","geometry":{"type":"Point","coordinates":[-79.86071592160562,40.49388286271386]},"properties":{"tract_id":"42003420000","population":1532,"density_per_sqkm":846.0972784457433,"lng":-79.86071592160562,"lat":40.49388286271386}},{"type":"Feature","geometry":{"type":"Point","coordinates":[-79.8493799158244,40.36834127274323]},"properties":{"tract_id":"42003486800","population":1506,"density_per_sqkm":396.9388863064323,"lng":-79.8493799158244,"lat":40.36834127274323}},{"type":"Feature","geometry":{"type":"Point","coordinates":[-79.81207070140533,40.45311907607809]},"properties":{"tract_id":"42003523600","population":4912,"density_per_sqkm":588.6673065514464,"lng":-79.81207070140533,"lat":40.45311907607809}},{"type":"Feature","geometry":{"type":"Point","coordinates":[-79.83672328953612,40.48869922870579]},"properties":{"tract_id":"42003523800","population":4604,"density_per_sqkm":432.7698303321137,"lng":-79.83672328953612,"lat":40.48869922870579}},{"type":"Feature","geometry":{"type":"Point","coordinates":[-79.81688835930221,40.428533535936026]},"properties":{"tract_id":"42003520001","population":3107,"density_per_sqkm":414.9307051841212,"lng":-79.81688835930221,"lat":40.428533535936026}},{"type":"Feature","geometry":{"type":"Point","coordinates":[-79.84486370195683,40.33493081339057]},"properties":{"tract_id":"42003552400","population":3412,"density_per_sqkm":514.2922389399453,"lng":-79.84486370195683,"lat":40.33493081339057}},{"type":"Feature","geometry":{"type":"Point","coordinates":[-79.91711797909754,40.421762089537964]},"properties":{"tract_id":"42003141400","population":4997,"density_per_sqkm":1253.4018502662989,"lng":-79.91711797909754,"lat":40.421762089537964}},{"type":"Feature","geometry":{"type":"Point","coordinates":[-79.89802345515508,40.40204194828621]},"properties":{"tract_id":"42003484300","population":3523,"density_per_sqkm":663.6636068769529,"lng":-79.89802345515508,"lat":40.40204194828621}},{"type":"Feature","geometry":{"type":"Point","coordinates":[-79.92485031098592,40.49430887805272]},"properties":{"tract_id":"42003424000","population":3189,"density_per_sqkm":867.5479621424247,"lng":-79.92485031098592,"lat":40.49430887805272}},{"type":"Feature","geometry":{"type":"Point","coordinates":[-79.98438262884348,40.38782512629464]},"properties":{"tract_id":"42003290400","population":3957,"density_per_sqkm":1179.9242683592142,"lng":-79.98438262884348,"lat":40.38782512629464}},{"type":"Feature","geometry":{"type":"Point","coordinates":[-80.14331673504176,40.442003135047045]},"properties":{"tract_id":"42003459201","population":7371,"density_per_sqkm":152.97320723212403,"lng":-80.14331673504176,"lat":40.442003135047045}},{"type":"Feature","geometry":{"type":"Point","coordinates":[-80.00840818989448,40.29669319304715]},"properties":{"tract_id":"42003490002","population":5027,"density_per_sqkm":322.93718104240776,"lng":-80.00840818989448,"lat":40.29669319304715}},{"type":"Feature","geometry":{"type":"Point","coordinates":[-79.82696466472919,40.381279031789816]},"properties":{"tract_id":"42003504100","population":4860,"density_per_sqkm":286.50076675701183,"lng":-79.82696466472919,"lat":40.381279031789816}},{"type":"Feature","geometry":{"type":"Point","coordinates":[-79.82942650856553,40.333317700013005]},"properties":{"tract_id":"42003551300","population":2303,"density_per_sqkm":336.92376328566564,"lng":-79.82942650856553,"lat":40.333317700013005}},{"type":"Feature","geometry":{"type":"Point","coordinates":[-80.04332746818827,40.574707547750585]},"properties":{"tract_id":"42003413201","population":4085,"density_per_sqkm":521.8691431631943,"lng":-80.04332746818827,"lat":40.574707547750585}},{"type":"Feature","geometry":{"type":"Point","coordinates":[-80.19980646850082,40.52018847669169]},"properties":{"tract_id":"42003451102","population":6088,"density_per_sqkm":397.40478555611355,"lng":-80.19980646850082,"lat":40.52018847669169}},{"type":"Feature","geometry":{"type":"Point","coordinates":[-79.84123938769305,40.4370238246121]},"properties":{"tract_id":"42003519000","population":3127,"density_per_sqkm":252.38803540358813,"lng":-79.84123938769305,"lat":40.4370238246121}},{"type":"Feature","geometry":{"type":"Point","coordinates":[-80.01444327424859,40.401907527432]},"properties":{"tract_id":"42003191700","population":3427,"density_per_sqkm":807.5513515576813,"lng":-80.01444327424859,"lat":40.401907527432}},{"type":"Feature","geometry":{"type":"Point","coordinates":[-80.01329027040535,40.48138066836839]},"properties":{"tract_id":"42003260700","population":1618,"density_per_sqkm":1080.622895251568,"lng":-80.01329027040535,"lat":40.48138066836839}},{"type":"Feature","geometry":{"type":"Point","coordinates":[-80.01878591274973,40.34436024726008]},"properties":{"tract_id":"42003475401","population":3913,"density_per_sqkm":358.8647985147114,"lng":-80.01878591274973,"lat":40.34436024726008}},{"type":"Feature","geometry":{"type":"Point","coordinates":[-80.01890911523087,40.53531359671916]},"properties":{"tract_id":"42003429500","population":4428,"density_per_sqkm":386.30122134730453,"lng":-80.01890911523087,"lat":40.53531359671916}},{"type":"Feature","geometry":{"type":"Point","coordinates":[-80.04655103031476,40.302271836393665]},"properties":{"tract_id":"42003475304","population":5564,"density_per_sqkm":607.1868185954746,"lng":-80.04655103031476,"lat":40.302271836393665}},{"type":"Feature","geometry":{"type":"Point","coordinates":[-79.95534460125369,40.43974195708251]},"properties":{"tract_id":"42003040500","population":2840,"density_per_sqkm":2932.6378512123624,"lng":-79.95534460125369,"lat":40.43974195708251}},{"type":"Feature","geometry":{"type":"Point","coordinates":[-80.03191709182299,40.59367586654919]},"properties":{"tract_id":"42003413100","population":6737,"density_per_sqkm":315.9580935144506,"lng":-80.03191709182299,"lat":40.59367586654919}},{"type":"Feature","geometry":{"type":"Point","coordinates":[-79.9170697485554,40.510243877207564]},"properties":{"tract_id":"42003421200","population":4247,"density_per_sqkm":255.1148879297578,"lng":-79.9170697485554,"lat":40.510243877207564}},{"type":"Feature","geometry":{"type":"Point","coordinates":[-79.86358869829941,40.61940567458268]},"properties":{"tract_id":"42003407002","population":6457,"density_per_sqkm":170.20311095925447,"lng":-79.86358869829941,"lat":40.61940567458268}},{"type":"Feature","geometry":{"type":"Point","coordinates":[-79.92092604258985,40.33818566278662]},"properties":{"tract_id":"42003488600","population":5041,"density_per_sqkm":240.8915020795355,"lng":-79.92092604258985,"lat":40.33818566278662}},{"type":"Feature","geometry":{"type":"Point","coordinates":[-79.93937114131657,40.460122684791976]},"properties":{"tract_id":"42003080600","population":1892,"density_per_sqkm":3198.457674600225,"lng":-79.93937114131657,"lat":40.460122684791976}},{"type":"Feature","geometry":{"type":"Point","coordinates":[-79.91391825830206,40.30682439098017]},"properties":{"tract_id":"42003491200","population":2198,"density_per_sqkm":105.05901951148277,"lng":-79.91391825830206,"lat":40.30682439098017}},{"type":"Feature","geometry":{"type":"Point","coordinates":[-79.97435492743784,40.37405772239245]},"properties":{"tract_id":"42003478200","population":5625,"density_per_sqkm":912.7653390515391,"lng":-79.97435492743784,"lat":40.37405772239245}},{"type":"Feature","geometry":{"type":"Point","coordinates":[-80.09288039639087,40.390469153144736]},"properties":{"tract_id":"42003471000","population":1254,"density_per_sqkm":1258.8109561312504,"lng":-80.09288039639087,"lat":40.390469153144736}},{"type":"Feature","geometry":{"type":"Point","coordinates":[-80.06931308781564,40.43251436261234]},"properties":{"tract_id":"42003465800","population":3565,"density_per_sqkm":779.9496980753439,"lng":-80.06931308781564,"lat":40.43251436261234}},{"type":"Feature","geometry":{"type":"Point","coordinates":[-80.02371018793814,40.43373999250573]},"properties":{"tract_id":"42003191100","population":2276,"density_per_sqkm":844.0389569491,"lng":-80.02371018793814,"lat":40.43373999250573}},{"type":"Feature","geometry":{"type":"Point","coordinates":[-80.01007867243139,40.4212128103214]},"properties":{"tract_id":"42003191500","population":1995,"density_per_sqkm":885.8920803026508,"lng":-80.01007867243139,"lat":40.4212128103214}},{"type":"Feature","geometry":{"type":"Point","coordinates":[-80.022745206029,40.41646614164924]},"properties":{"tract_id":"42003191600","population":4076,"density_per_sqkm":861.0272365044027,"lng":-80.022745206029,"lat":40.41646614164924}},{"type":"Feature","geometry":{"type":"Point","coordinates":[-80.10279556872747,40.547190464437485]},"properties":{"tract_id":"42003437000","population":7050,"density_per_sqkm":208.50479502376703,"lng":-80.10279556872747,"lat":40.547190464437485}},{"type":"Feature","geometry":{"type":"Point","coordinates":[-79.8981113524516,40.47867145905162]},"properties":{"tract_id":"42003981800","population":385,"density_per_sqkm":132.14018614879407,"lng":-79.8981113524516,"lat":40.47867145905162}},{"type":"Feature","geometry":{"type":"Point","coordinates":[-80.09724994082178,40.32963550000069]},"properties":{"tract_id":"42003474202","population":5294,"density_per_sqkm":284.6478229712531,"lng":-80.09724994082178,"lat":40.32963550000069}},{"type":"Feature","geometry":{"type":"Point","coordinates":[-79.76501156772375,40.52105389702983]},"properties":{"tract_id":"42003526101","population":7547,"density_per_sqkm":108.96721902783473,"lng":-79.76501156772375,"lat":40.52105389702983}},{"type":"Feature","geometry":{"type":"Point","coordinates":[-80.10006642868471,40.42756742861362]},"properties":{"tract_id":"42003459202","population":633,"density_per_sqkm":1749.6246666551974,"lng":-80.10006642868471,"lat":40.42756742861362}},{"type":"Feature","geometry":{"type":"Point","coordinates":[-79.88803505776022,40.386717277997214]},"properties":{"tract_id":"42003488100","population":2001,"density_per_sqkm":631.4565265424602,"lng":-79.88803505776022,"lat":40.386717277997214}},{"type":"Feature","geometry":{"type":"Point","coordinates":[-80.0390760923713,40.41050740217326]},"properties":{"tract_id":"42003202300","population":3677,"density_per_sqkm":700.865198815827,"lng":-80.0390760923713,"lat":40.41050740217326}},{"type":"Feature","geometry":{"type":"Point","coordinates":[-80.11911291203377,40.508702495365895]},"properties":{"tract_id":"42003461000","population":946,"density_per_sqkm":32.865862996612485,"lng":-80.11911291203377,"lat":40.508702495365895}},{"type":"Feature","geometry":{"type":"Point","coordinates":[-79.95989903730346,40.45332891792933]},"properties":{"tract_id":"42003050600","population":1960,"density_per_sqkm":1693.744778421205,"lng":-79.95989903730346,"lat":40.45332891792933}},{"type":"Feature","geometry":{"type":"Point","coordinates":[-79.97439110218261,40.450419518263296]},"properties":{"tract_id":"42003050900","population":1380,"density_per_sqkm":834.9287201923102,"lng":-79.97439110218261,"lat":40.450419518263296}},{"type":"Feature","geometry":{"type":"Point","coordinates":[-79.90032855101173,40.39250668980197]},"properties":{"tract_id":"42003484600","population":1815,"density_per_sqkm":813.3300435188645,"lng":-79.90032855101173,"lat":40.39250668980197}},{"type":"Feature","geometry":{"type":"Point","coordinates":[-79.83563772362491,40.35093795273822]},"properties":{"tract_id":"42003551200","population":3172,"density_per_sqkm":1206.8283455705182,"lng":-79.83563772362491,"lat":40.35093795273822}},{"type":"Feature","geometry":{"type":"Point","coordinates":[-79.78174386979728,40.583371218959755]},"properties":{"tract_id":"42003404000","population":1438,"density_per_sqkm":109.70958780740848,"lng":-79.78174386979728,"lat":40.583371218959755}},{"type":"Feature","geometry":{"type":"Point","coordinates":[-80.02564565723267,40.30900991520546]},"properties":{"tract_id":"42003475402","population":3250,"density_per_sqkm":376.02227640529134,"lng":-80.02564565723267,"lat":40.30900991520546}},{"type":"Feature","geometry":{"type":"Point","coordinates":[-80.07573288696182,40.474209052177265]},"properties":{"tract_id":"42003462600","population":3669,"density_per_sqkm":1857.0189312560308,"lng":-80.07573288696182,"lat":40.474209052177265}},{"type":"Feature","geometry":{"type":"Point","coordinates":[-80.07375919232413,40.46745629486442]},"properties":{"tract_id":"42003463900","population":3078,"density_per_sqkm":1792.1033167221663,"lng":-80.07375919232413,"lat":40.46745629486442}},{"type":"Feature","geometry":{"type":"Point","coordinates":[-79.83339054188477,40.524704798033724]},"properties":{"tract_id":"42003525300","population":2192,"density_per_sqkm":670.4424871819311,"lng":-79.83339054188477,"lat":40.524704798033724}},{"type":"Feature","geometry":{"type":"Point","coordinates":[-79.85241997983024,40.347662129042874]},"properties":{"tract_id":"42003550900","population":1807,"density_per_sqkm":968.641959810425,"lng":-79.85241997983024,"lat":40.347662129042874}},{"type":"Feature","geometry":{"type":"Point","coordinates":[-79.84064521905331,40.3409359524139]},"properties":{"tract_id":"42003552000","population":1801,"density_per_sqkm":1863.6087744208398,"lng":-79.84064521905331,"lat":40.3409359524139}},{"type":"Feature","geometry":{"type":"Point","coordinates":[-79.86154899481402,40.34526475648023]},"properties":{"tract_id":"42003552100","population":1383,"density_per_sqkm":1046.5239444808801,"lng":-79.86154899481402,"lat":40.34526475648023}},{"type":"Feature","geometry":{"type":"Point","coordinates":[-79.87740373634077,40.34726859999829]},"properties":{"tract_id":"42003552200","population":890,"density_per_sqkm":441.16760913237044,"lng":-79.87740373634077,"lat":40.34726859999829}},{"type":"Feature","geometry":{"type":"Point","coordinates":[-79.9041990538732,40.44257968460282]},"properties":{"tract_id":"42003981100","population":0,"density_per_sqkm":0,"lng":-79.9041990538732,"lat":40.44257968460282}},{"type":"Feature","geometry":{"type":"Point","coordinates":[-80.06956162228524,40.42264981426436]},"properties":{"tract_id":"42003562800","population":1560,"density_per_sqkm":289.681061038705,"lng":-80.06956162228524,"lat":40.42264981426436}},{"type":"Feature","geometry":{"type":"Point","coordinates":[-80.07801790562745,40.452926106201005]},"properties":{"tract_id":"42003563000","population":3361,"density_per_sqkm":428.7850892226638,"lng":-80.07801790562745,"lat":40.452926106201005}},{"type":"Feature","geometry":{"type":"Point","coordinates":[-79.80135202494291,40.33205442393162]},"properties":{"tract_id":"42003564200","population":2171,"density_per_sqkm":78.03038890981233,"lng":-79.80135202494291,"lat":40.33205442393162}},{"type":"Feature","geometry":{"type":"Point","coordinates":[-80.03329946323544,40.39227905880457]},"properties":{"tract_id":"42003472300","population":1847,"density_per_sqkm":2633.526418689006,"lng":-80.03329946323544,"lat":40.39227905880457}},{"type":"Feature","geometry":{"type":"Point","coordinates":[-80.03827827276957,40.387927735525786]},"properties":{"tract_id":"42003472400","population":1870,"density_per_sqkm":2503.3727250682955,"lng":-80.03827827276957,"lat":40.387927735525786}},{"type":"Feature","geometry":{"type":"Point","coordinates":[-80.05028927355436,40.39095070282518]},"properties":{"tract_id":"42003473100","population":4823,"density_per_sqkm":1723.0708825600657,"lng":-80.05028927355436,"lat":40.39095070282518}},{"type":"Feature","geometry":{"type":"Point","coordinates":[-80.20674085253387,40.45234668182385]},"properties":{"tract_id":"42003453004","population":7398,"density_per_sqkm":661.1584927344451,"lng":-80.20674085253387,"lat":40.45234668182385}},{"type":"Feature","geometry":{"type":"Point","coordinates":[-80.07157933757719,40.403871547785926]},"properties":{"tract_id":"42003470502","population":3061,"density_per_sqkm":508.96863844422637,"lng":-80.07157933757719,"lat":40.403871547785926}},{"type":"Feature","geometry":{"type":"Point","coordinates":[-79.9178887790288,40.27970613881193]},"properties":{"tract_id":"42003564500","population":3079,"density_per_sqkm":83.49952090489984,"lng":-79.9178887790288,"lat":40.27970613881193}},{"type":"Feature","geometry":{"type":"Point","coordinates":[-79.79537900466197,40.38151872960789]},"properties":{"tract_id":"42003564400","population":5694,"density_per_sqkm":239.33177162119665,"lng":-79.79537900466197,"lat":40.38151872960789}},{"type":"Feature","geometry":{"type":"Point","coordinates":[-79.8450932668577,40.419708861737114]},"properties":{"tract_id":"42003563900","population":3917,"density_per_sqkm":805.1109595035896,"lng":-79.8450932668577,"lat":40.419708861737114}},{"type":"Feature","geometry":{"type":"Point","coordinates":[-80.04479436611538,40.43139868306514]},"properties":{"tract_id":"42003563100","population":3491,"density_per_sqkm":654.7055464076856,"lng":-80.04479436611538,"lat":40.43139868306514}},{"type":"Feature","geometry":{"type":"Point","coordinates":[-80.00119944445623,40.41339693403713]},"properties":{"tract_id":"42003562400","population":2955,"density_per_sqkm":1048.7182160870136,"lng":-80.00119944445623,"lat":40.41339693403713}},{"type":"Feature","geometry":{"type":"Point","coordinates":[-80.03920003956146,40.44157902307801]},"properties":{"tract_id":"42003562600","population":2712,"density_per_sqkm":570.8196132322876,"lng":-80.03920003956146,"lat":40.44157902307801}},{"type":"Feature","geometry":{"type":"Point","coordinates":[-79.91437518804835,40.47875724359998]},"properties":{"tract_id":"42003980100","population":0,"density_per_sqkm":0,"lng":-79.91437518804835,"lat":40.47875724359998}},{"type":"Feature","geometry":{"type":"Point","coordinates":[-80.08768212500574,40.4117198660731]},"properties":{"tract_id":"42003468700","population":1740,"density_per_sqkm":677.4819201697104,"lng":-80.08768212500574,"lat":40.4117198660731}},{"type":"Feature","geometry":{"type":"Point","coordinates":[-80.05949497745017,40.39769518044315]},"properties":{"tract_id":"42003470501","population":4344,"density_per_sqkm":2283.5585872411725,"lng":-80.05949497745017,"lat":40.39769518044315}},{"type":"Feature","geometry":{"type":"Point","coordinates":[-79.96412948099625,40.43254960760789]},"properties":{"tract_id":"42003980800","population":0,"density_per_sqkm":0,"lng":-79.96412948099625,"lat":40.43254960760789}},{"type":"Feature","geometry":{"type":"Point","coordinates":[-80.06630420125393,40.44512658537215]},"properties":{"tract_id":"42003464300","population":3351,"density_per_sqkm":1707.729185788779,"lng":-80.06630420125393,"lat":40.44512658537215}},{"type":"Feature","geometry":{"type":"Point","coordinates":[-80.00009616944803,40.38264485949681]},"properties":{"tract_id":"42003320700","population":1880,"density_per_sqkm":703.8509998070343,"lng":-80.00009616944803,"lat":40.38264485949681}},{"type":"Feature","geometry":{"type":"Point","coordinates":[-79.95243226892572,40.43729031094925]},"properties":{"tract_id":"42003040600","population":2302,"density_per_sqkm":4622.755382401491,"lng":-79.95243226892572,"lat":40.43729031094925}},{"type":"Feature","geometry":{"type":"Point","coordinates":[-80.11255297175033,40.36156154801874]},"properties":{"tract_id":"42003457100","population":1433,"density_per_sqkm":693.1218461274783,"lng":-80.11255297175033,"lat":40.36156154801874}},{"type":"Feature","geometry":{"type":"Point","coordinates":[-79.78144182051415,40.54024703205276]},"properties":{"tract_id":"42003417200","population":1242,"density_per_sqkm":425.93825278048007,"lng":-79.78144182051415,"lat":40.54024703205276}},{"type":"Feature","geometry":{"type":"Point","coordinates":[-79.78275357923033,40.54360875409897]},"properties":{"tract_id":"42003417100","population":2131,"density_per_sqkm":1263.7423310209642,"lng":-79.78275357923033,"lat":40.54360875409897}},{"type":"Feature","geometry":{"type":"Point","coordinates":[-79.85218060996685,40.341734784248054]},"properties":{"tract_id":"42003552300","population":1586,"density_per_sqkm":1118.956134575022,"lng":-79.85218060996685,"lat":40.341734784248054}},{"type":"Feature","geometry":{"type":"Point","coordinates":[-79.88995472303007,40.44386386923988]},"properties":{"tract_id":"42003560400","population":1554,"density_per_sqkm":1857.705753850972,"lng":-79.88995472303007,"lat":40.44386386923988}},{"type":"Feature","geometry":{"type":"Point","coordinates":[-79.89143201652315,40.437804776859075]},"properties":{"tract_id":"42003560500","population":2212,"density_per_sqkm":3119.007949870586,"lng":-79.89143201652315,"lat":40.437804776859075}},{"type":"Feature","geometry":{"type":"Point","coordinates":[-79.88067326783239,40.56842443650583]},"properties":{"tract_id":"42003415001","population":4725,"density_per_sqkm":95.22315307783661,"lng":-79.88067326783239,"lat":40.56842443650583}},{"type":"Feature","geometry":{"type":"Point","coordinates":[-79.95815803158592,40.64248633634064]},"properties":{"tract_id":"42003408001","population":5727,"density_per_sqkm":195.60421968751953,"lng":-79.95815803158592,"lat":40.64248633634064}},{"type":"Feature","geometry":{"type":"Point","coordinates":[-80.04501551760747,40.56470951438245]},"properties":{"tract_id":"42003413300","population":4550,"density_per_sqkm":559.5721214878185,"lng":-80.04501551760747,"lat":40.56470951438245}},{"type":"Feature","geometry":{"type":"Point","coordinates":[-79.8938925903531,40.527095345384595]},"properties":{"tract_id":"42003422000","population":5299,"density_per_sqkm":156.33488738423247,"lng":-79.8938925903531,"lat":40.527095345384595}},{"type":"Feature","geometry":{"type":"Point","coordinates":[-80.00956880697035,40.42729218987847]},"properties":{"tract_id":"42003191400","population":2429,"density_per_sqkm":921.8390136495036,"lng":-80.00956880697035,"lat":40.42729218987847}},{"type":"Feature","geometry":{"type":"Point","coordinates":[-79.91530690155865,40.37197713388033]},"properties":{"tract_id":"42003310200","population":3272,"density_per_sqkm":676.2261590518151,"lng":-79.91530690155865,"lat":40.37197713388033}},{"type":"Feature","geometry":{"type":"Point","coordinates":[-79.89049948811808,40.368873904976645]},"properties":{"tract_id":"42003488300","population":1979,"density_per_sqkm":152.81053188970316,"lng":-79.89049948811808,"lat":40.368873904976645}},{"type":"Feature","geometry":{"type":"Point","coordinates":[-80.15080210174916,40.37048275333485]},"properties":{"tract_id":"42003456001","population":4759,"density_per_sqkm":122.71316894658898,"lng":-80.15080210174916,"lat":40.37048275333485}},{"type":"Feature","geometry":{"type":"Point","coordinates":[-79.90390490611485,40.4230874816125]},"properties":{"tract_id":"42003141100","population":1432,"density_per_sqkm":455.1263189907036,"lng":-79.90390490611485,"lat":40.4230874816125}},{"type":"Feature","geometry":{"type":"Point","coordinates":[-79.93200307043186,40.41046064321495]},"properties":{"tract_id":"42003562300","population":2966,"density_per_sqkm":521.1396893331926,"lng":-79.93200307043186,"lat":40.41046064321495}},{"type":"Feature","geometry":{"type":"Point","coordinates":[-79.96747969905192,40.44353168931495]},"properties":{"tract_id":"42003051000","population":2187,"density_per_sqkm":1391.3503049839146,"lng":-79.96747969905192,"lat":40.44353168931495}},{"type":"Feature","geometry":{"type":"Point","coordinates":[-79.97678151683826,40.441459831471064]},"properties":{"tract_id":"42003051100","population":458,"density_per_sqkm":1402.3157422206832,"lng":-79.97678151683826,"lat":40.441459831471064}},{"type":"Feature","geometry":{"type":"Point","coordinates":[-80.08545057088111,40.39406589819191]},"properties":{"tract_id":"42003470600","population":3114,"density_per_sqkm":721.6748112202426,"lng":-80.08545057088111,"lat":40.39406589819191}},{"type":"Feature","geometry":{"type":"Point","coordinates":[-79.89441366461915,40.46913790857665]},"properties":{"tract_id":"42003561900","population":2007,"density_per_sqkm":1235.646830853347,"lng":-79.89441366461915,"lat":40.46913790857665}},{"type":"Feature","geometry":{"type":"Point","coordinates":[-80.18837488111271,40.40013606995117]},"properties":{"tract_id":"42003455000","population":1459,"density_per_sqkm":547.2524763966081,"lng":-80.18837488111271,"lat":40.40013606995117}},{"type":"Feature","geometry":{"type":"Point","coordinates":[-80.17205111341077,40.366385004129405]},"properties":{"tract_id":"42003456003","population":7639,"density_per_sqkm":98.45515634012732,"lng":-80.17205111341077,"lat":40.366385004129405}},{"type":"Feature","geometry":{"type":"Point","coordinates":[-80.19047297315721,40.55260710738481]},"properties":{"tract_id":"42003446000","population":1520,"density_per_sqkm":193.08705948484092,"lng":-80.19047297315721,"lat":40.55260710738481}},{"type":"Feature","geometry":{"type":"Point","coordinates":[-79.97289987245152,40.44792929083054]},"properties":{"tract_id":"42003050100","population":1561,"density_per_sqkm":891.285295293815,"lng":-79.97289987245152,"lat":40.44792929083054}},{"type":"Feature","geometry":{"type":"Point","coordinates":[-79.92570842502856,40.453552808348405]},"properties":{"tract_id":"42003070600","population":2215,"density_per_sqkm":3047.4325861821317,"lng":-79.92570842502856,"lat":40.453552808348405}},{"type":"Feature","geometry":{"type":"Point","coordinates":[-79.93408526441615,40.46141285055286]},"properties":{"tract_id":"42003080700","population":2034,"density_per_sqkm":4140.5656359958075,"lng":-79.93408526441615,"lat":40.46141285055286}},{"type":"Feature","geometry":{"type":"Point","coordinates":[-79.96109494913374,40.47454214406095]},"properties":{"tract_id":"42003090100","population":2073,"density_per_sqkm":1276.0183870017538,"lng":-79.96109494913374,"lat":40.47454214406095}},{"type":"Feature","geometry":{"type":"Point","coordinates":[-79.9238756263975,40.46214085714388]},"properties":{"tract_id":"42003111500","population":3228,"density_per_sqkm":1772.1372017572328,"lng":-79.9238756263975,"lat":40.46214085714388}},{"type":"Feature","geometry":{"type":"Point","coordinates":[-80.04199224455911,40.35936653262233]},"properties":{"tract_id":"42003473402","population":3759,"density_per_sqkm":1132.1085824209626,"lng":-80.04199224455911,"lat":40.35936653262233}},{"type":"Feature","geometry":{"type":"Point","coordinates":[-79.97728548981331,40.35704029387884]},"properties":{"tract_id":"42003477300","population":6518,"density_per_sqkm":852.8217306052112,"lng":-79.97728548981331,"lat":40.35704029387884}},{"type":"Feature","geometry":{"type":"Point","coordinates":[-79.91491830809548,40.43178108104619]},"properties":{"tract_id":"42003140800","population":4919,"density_per_sqkm":2743.28281235362,"lng":-79.91491830809548,"lat":40.43178108104619}},{"type":"Feature","geometry":{"type":"Point","coordinates":[-79.83475273288613,40.471649543046034]},"properties":{"tract_id":"42003523300","population":3926,"density_per_sqkm":594.8031829336027,"lng":-79.83475273288613,"lat":40.471649543046034}},{"type":"Feature","geometry":{"type":"Point","coordinates":[-79.90219252482007,40.451643645381914]},"properties":{"tract_id":"42003140500","population":1884,"density_per_sqkm":985.2630804964854,"lng":-79.90219252482007,"lat":40.451643645381914}},{"type":"Feature","geometry":{"type":"Point","coordinates":[-79.9819217669328,40.429274466148634]},"properties":{"tract_id":"42003170200","population":3882,"density_per_sqkm":1769.9426894591572,"lng":-79.9819217669328,"lat":40.429274466148634}},{"type":"Feature","geometry":{"type":"Point","coordinates":[-79.90286325694954,40.38165099998557]},"properties":{"tract_id":"42003484500","population":5400,"density_per_sqkm":1348.9656767618962,"lng":-79.90286325694954,"lat":40.38165099998557}},{"type":"Feature","geometry":{"type":"Point","coordinates":[-80.05746146305032,40.45752725289956]},"properties":{"tract_id":"42003562500","population":2774,"density_per_sqkm":511.8738213479348,"lng":-80.05746146305032,"lat":40.45752725289956}},{"type":"Feature","geometry":{"type":"Point","coordinates":[-79.84561057092039,40.35547231489287]},"properties":{"tract_id":"42003551900","population":1395,"density_per_sqkm":225.4712006768734,"lng":-79.84561057092039,"lat":40.35547231489287}},{"type":"Feature","geometry":{"type":"Point","coordinates":[-79.92114870472791,40.45693015239124]},"properties":{"tract_id":"42003070800","population":2530,"density_per_sqkm":2721.753983867015,"lng":-79.92114870472791,"lat":40.45693015239124}},{"type":"Feature","geometry":{"type":"Point","coordinates":[-79.95721810381325,40.46875008490971]},"properties":{"tract_id":"42003090200","population":2657,"density_per_sqkm":3083.7083999988317,"lng":-79.95721810381325,"lat":40.46875008490971}},{"type":"Feature","geometry":{"type":"Point","coordinates":[-79.95342018365852,40.46405570407256]},"properties":{"tract_id":"42003090300","population":1473,"density_per_sqkm":3890.1989818150746,"lng":-79.95342018365852,"lat":40.46405570407256}},{"type":"Feature","geometry":{"type":"Point","coordinates":[-79.93638397137916,40.4771758857116]},"properties":{"tract_id":"42003100500","population":2023,"density_per_sqkm":1464.9410679695761,"lng":-79.93638397137916,"lat":40.4771758857116}},{"type":"Feature","geometry":{"type":"Point","coordinates":[-79.9479805784372,40.482695941181746]},"properties":{"tract_id":"42003101100","population":2537,"density_per_sqkm":835.404723774487,"lng":-79.9479805784372,"lat":40.482695941181746}},{"type":"Feature","geometry":{"type":"Point","coordinates":[-79.93875694653288,40.44252889305638]},"properties":{"tract_id":"42003140100","population":6118,"density_per_sqkm":2958.3203833299817,"lng":-79.93875694653288,"lat":40.44252889305638}},{"type":"Feature","geometry":{"type":"Point","coordinates":[-79.927547777023,40.4480424932511]},"properties":{"tract_id":"42003140200","population":2468,"density_per_sqkm":1706.0932344251053,"lng":-79.927547777023,"lat":40.4480424932511}},{"type":"Feature","geometry":{"type":"Point","coordinates":[-79.92836444003598,40.45588358998219]},"properties":{"tract_id":"42003070500","population":2996,"density_per_sqkm":4492.221056269257,"lng":-79.92836444003598,"lat":40.45588358998219}},{"type":"Feature","geometry":{"type":"Point","coordinates":[-79.96630354888934,40.457437390978406]},"properties":{"tract_id":"42003060500","population":1203,"density_per_sqkm":826.2693940061166,"lng":-79.96630354888934,"lat":40.457437390978406}},{"type":"Feature","geometry":{"type":"Point","coordinates":[-79.93541546953492,40.451101052184846]},"properties":{"tract_id":"42003070300","population":2278,"density_per_sqkm":3044.9955200142163,"lng":-79.93541546953492,"lat":40.451101052184846}},{"type":"Feature","geometry":{"type":"Point","coordinates":[-79.97427330568243,40.420273384282936]},"properties":{"tract_id":"42003160800","population":2334,"density_per_sqkm":1674.2704023387716,"lng":-79.97427330568243,"lat":40.420273384282936}},{"type":"Feature","geometry":{"type":"Point","coordinates":[-79.96820191998731,40.42489158000186]},"properties":{"tract_id":"42003160900","population":3303,"density_per_sqkm":621.3743788072811,"lng":-79.96820191998731,"lat":40.42489158000186}},{"type":"Feature","geometry":{"type":"Point","coordinates":[-79.9624077919385,40.46447459733597]},"properties":{"tract_id":"42003060300","population":2448,"density_per_sqkm":967.6240126230948,"lng":-79.9624077919385,"lat":40.46447459733597}},{"type":"Feature","geometry":{"type":"Point","coordinates":[-79.90160307223788,40.46925262779302]},"properties":{"tract_id":"42003120300","population":2093,"density_per_sqkm":1296.3948391757883,"lng":-79.90160307223788,"lat":40.46925262779302}},{"type":"Feature","geometry":{"type":"Point","coordinates":[-79.94047995060825,40.45259020371364]},"properties":{"tract_id":"42003070900","population":4196,"density_per_sqkm":2573.9984269776755,"lng":-79.94047995060825,"lat":40.45259020371364}},{"type":"Feature","geometry":{"type":"Point","coordinates":[-79.92408001204267,40.469053114468856]},"properties":{"tract_id":"42003111300","population":2785,"density_per_sqkm":2021.833653158944,"lng":-79.92408001204267,"lat":40.469053114468856}},{"type":"Feature","geometry":{"type":"Point","coordinates":[-79.93247259000809,40.46677095001435]},"properties":{"tract_id":"42003111400","population":1302,"density_per_sqkm":2178.740175342723,"lng":-79.93247259000809,"lat":40.46677095001435}},{"type":"Feature","geometry":{"type":"Point","coordinates":[-79.84937952633653,40.36449388518486]},"properties":{"tract_id":"42003486900","population":1589,"density_per_sqkm":915.0785985924952,"lng":-79.84937952633653,"lat":40.36449388518486}},{"type":"Feature","geometry":{"type":"Point","coordinates":[-80.03751364643395,40.34599896068146]},"properties":{"tract_id":"42003475101","population":4606,"density_per_sqkm":751.7259580436327,"lng":-80.03751364643395,"lat":40.34599896068146}},{"type":"Feature","geometry":{"type":"Point","coordinates":[-80.01342719320415,40.431841107995375]},"properties":{"tract_id":"42003190300","population":1913,"density_per_sqkm":818.503195708742,"lng":-80.01342719320415,"lat":40.431841107995375}},{"type":"Feature","geometry":{"type":"Point","coordinates":[-79.86939511895868,40.441465766522306]},"properties":{"tract_id":"42003561500","population":2737,"density_per_sqkm":1057.9377393873972,"lng":-79.86939511895868,"lat":40.441465766522306}},{"type":"Feature","geometry":{"type":"Point","coordinates":[-79.97293646441878,40.48159842258976]},"properties":{"tract_id":"42003427000","population":3377,"density_per_sqkm":772.2285909330129,"lng":-79.97293646441878,"lat":40.48159842258976}},{"type":"Feature","geometry":{"type":"Point","coordinates":[-79.88493016989321,40.29312884169067]},"properties":{"tract_id":"42003492800","population":2429,"density_per_sqkm":769.1327486899004,"lng":-79.88493016989321,"lat":40.29312884169067}},{"type":"Feature","geometry":{"type":"Point","coordinates":[-80.0363049738493,40.476893294115015]},"properties":{"tract_id":"42003270300","population":2213,"density_per_sqkm":1948.0294810722914,"lng":-80.0363049738493,"lat":40.476893294115015}},{"type":"Feature","geometry":{"type":"Point","coordinates":[-79.9974039623164,40.44166699999276]},"properties":{"tract_id":"42003020100","population":4310,"density_per_sqkm":1137.0366863831086,"lng":-79.9974039623164,"lat":40.44166699999276}},{"type":"Feature","geometry":{"type":"Point","coordinates":[-80.05466573529793,40.32481315360379]},"properties":{"tract_id":"42003475200","population":5390,"density_per_sqkm":334.01535068300643,"lng":-80.05466573529793,"lat":40.32481315360379}},{"type":"Feature","geometry":{"type":"Point","coordinates":[-80.03314710132165,40.324683434646275]},"properties":{"tract_id":"42003475301","population":4605,"density_per_sqkm":615.5110317365449,"lng":-80.03314710132165,"lat":40.324683434646275}},{"type":"Feature","geometry":{"type":"Point","coordinates":[-79.88915120212928,40.23947301701503]},"properties":{"tract_id":"42003495000","population":3066,"density_per_sqkm":33.084776913367946,"lng":-79.88915120212928,"lat":40.23947301701503}},{"type":"Feature","geometry":{"type":"Point","coordinates":[-79.78372370001127,40.415686790010376]},"properties":{"tract_id":"42003521302","population":4210,"density_per_sqkm":231.82388172926807,"lng":-79.78372370001127,"lat":40.415686790010376}},{"type":"Feature","geometry":{"type":"Point","coordinates":[-79.81774947646612,40.50455531176438]},"properties":{"tract_id":"42003523701","population":3812,"density_per_sqkm":317.7174120819756,"lng":-79.81774947646612,"lat":40.50455531176438}},{"type":"Feature","geometry":{"type":"Point","coordinates":[-80.00899071489093,40.50571954928142]},"properties":{"tract_id":"42003429100","population":2532,"density_per_sqkm":224.56097202524816,"lng":-80.00899071489093,"lat":40.50571954928142}},{"type":"Feature","geometry":{"type":"Point","coordinates":[-79.97533135036687,40.51757487226171]},"properties":{"tract_id":"42003427100","population":5524,"density_per_sqkm":471.24018199202277,"lng":-79.97533135036687,"lat":40.51757487226171}},{"type":"Feature","geometry":{"type":"Point","coordinates":[-79.94692172778461,40.29873992991616]},"properties":{"tract_id":"42003491101","population":7475,"density_per_sqkm":223.01559695558714,"lng":-79.94692172778461,"lat":40.29873992991616}},{"type":"Feature","geometry":{"type":"Point","coordinates":[-80.23703262412698,40.4588070765575]},"properties":{"tract_id":"42003452000","population":6375,"density_per_sqkm":34.63653846783635,"lng":-80.23703262412698,"lat":40.4588070765575}},{"type":"Feature","geometry":{"type":"Point","coordinates":[-80.13566326300784,40.47169857804988]},"properties":{"tract_id":"42003459102","population":6293,"density_per_sqkm":411.67606067203513,"lng":-80.13566326300784,"lat":40.47169857804988}},{"type":"Feature","geometry":{"type":"Point","coordinates":[-80.18288562650045,40.485111338387014]},"properties":{"tract_id":"42003451300","population":7291,"density_per_sqkm":101.19831160320867,"lng":-80.18288562650045,"lat":40.485111338387014}},{"type":"Feature","geometry":{"type":"Point","coordinates":[-79.98968673398811,40.30735458976285]},"properties":{"tract_id":"42003490003","population":3775,"density_per_sqkm":253.64671820097232,"lng":-79.98968673398811,"lat":40.30735458976285}},{"type":"Feature","geometry":{"type":"Point","coordinates":[-79.96143592436849,40.35767726644646]},"properties":{"tract_id":"42003480200","population":3758,"density_per_sqkm":483.9407554619684,"lng":-79.96143592436849,"lat":40.35767726644646}},{"type":"Feature","geometry":{"type":"Point","coordinates":[-79.98611410418913,40.29044859226776]},"properties":{"tract_id":"42003490004","population":4900,"density_per_sqkm":332.996928823511,"lng":-79.98611410418913,"lat":40.29044859226776}},{"type":"Feature","geometry":{"type":"Point","coordinates":[-80.22616287815018,40.53598373527492]},"properties":{"tract_id":"42003451101","population":3734,"density_per_sqkm":166.28475964570555,"lng":-80.22616287815018,"lat":40.53598373527492}},{"type":"Feature","geometry":{"type":"Point","coordinates":[-80.01099922892834,40.46527716466406]},"properties":{"tract_id":"42003261400","population":2174,"density_per_sqkm":969.2707477635464,"lng":-80.01099922892834,"lat":40.46527716466406}},{"type":"Feature","geometry":{"type":"Point","coordinates":[-80.11566022886268,40.333192476281766]},"properties":{"tract_id":"42003456004","population":5777,"density_per_sqkm":320.14903738029426,"lng":-80.11566022886268,"lat":40.333192476281766}},{"type":"Feature","geometry":{"type":"Point","coordinates":[-79.93704158106598,40.589873385136414]},"properties":{"tract_id":"42003414101","population":5453,"density_per_sqkm":400.3808379306318,"lng":-79.93704158106598,"lat":40.589873385136414}},{"type":"Feature","geometry":{"type":"Point","coordinates":[-80.05301730357516,40.36595292410196]},"properties":{"tract_id":"42003473500","population":3769,"density_per_sqkm":775.4110018380425,"lng":-80.05301730357516,"lat":40.36595292410196}},{"type":"Feature","geometry":{"type":"Point","coordinates":[-80.01274074553316,40.380830254468904]},"properties":{"tract_id":"42003479000","population":1962,"density_per_sqkm":608.0166142204667,"lng":-80.01274074553316,"lat":40.380830254468904}},{"type":"Feature","geometry":{"type":"Point","coordinates":[-80.06137371481971,40.38437080741871]},"properties":{"tract_id":"42003473601","population":3888,"density_per_sqkm":1041.1588335308222,"lng":-80.06137371481971,"lat":40.38437080741871}},{"type":"Feature","geometry":{"type":"Point","coordinates":[-80.06835648386584,40.43759275114852]},"properties":{"tract_id":"42003465600","population":2479,"density_per_sqkm":1314.5895197158643,"lng":-80.06835648386584,"lat":40.43759275114852}},{"type":"Feature","geometry":{"type":"Point","coordinates":[-80.04009489506863,40.39421697901081]},"properties":{"tract_id":"42003472200","population":2325,"density_per_sqkm":2042.6337947084921,"lng":-80.04009489506863,"lat":40.39421697901081}},{"type":"Feature","geometry":{"type":"Point","coordinates":[-80.0605561919591,40.46954444950419]},"properties":{"tract_id":"42003464400","population":2815,"density_per_sqkm":1019.2943593100949,"lng":-80.0605561919591,"lat":40.46954444950419}},{"type":"Feature","geometry":{"type":"Point","coordinates":[-79.83905298701029,40.397880311686336]},"properties":{"tract_id":"42003510000","population":1866,"density_per_sqkm":824.4874876462002,"lng":-79.83905298701029,"lat":40.397880311686336}},{"type":"Feature","geometry":{"type":"Point","coordinates":[-79.8449116299084,40.40236737004493]},"properties":{"tract_id":"42003512000","population":2077,"density_per_sqkm":768.0571399127903,"lng":-79.8449116299084,"lat":40.40236737004493}},{"type":"Feature","geometry":{"type":"Point","coordinates":[-80.26269486582983,40.25009838732616]},"properties":{"tract_id":"42125742200","population":1795,"density_per_sqkm":17.75512654575167,"lng":-80.26269486582983,"lat":40.25009838732616}},{"type":"Feature","geometry":{"type":"Point","coordinates":[-80.01628340180643,40.47087925116957]},"properties":{"tract_id":"42003261500","population":1871,"density_per_sqkm":662.1415780795121,"lng":-80.01628340180643,"lat":40.47087925116957}},{"type":"Feature","geometry":{"type":"Point","coordinates":[-79.99547948999043,40.46632593500042]},"properties":{"tract_id":"42003262000","population":2466,"density_per_sqkm":897.4921108683156,"lng":-79.99547948999043,"lat":40.46632593500042}},{"type":"Feature","geometry":{"type":"Point","coordinates":[-79.8794703439993,40.412228104031534]},"properties":{"tract_id":"42003514000","population":1837,"density_per_sqkm":802.1090596948816,"lng":-79.8794703439993,"lat":40.412228104031534}},{"type":"Feature","geometry":{"type":"Point","coordinates":[-79.88025489997318,40.419144680979464]},"properties":{"tract_id":"42003515100","population":2911,"density_per_sqkm":1322.3209160607018,"lng":-79.88025489997318,"lat":40.419144680979464}},{"type":"Feature","geometry":{"type":"Point","coordinates":[-79.88013956026181,40.42450580852646]},"properties":{"tract_id":"42003515200","population":2018,"density_per_sqkm":2345.5154261120665,"lng":-79.88013956026181,"lat":40.42450580852646}},{"type":"Feature","geometry":{"type":"Point","coordinates":[-79.89087094736433,40.42002124813832]},"properties":{"tract_id":"42003515300","population":1488,"density_per_sqkm":813.1625405718127,"lng":-79.89087094736433,"lat":40.42002124813832}},{"type":"Feature","geometry":{"type":"Point","coordinates":[-79.98375471430228,40.441345478039]},"properties":{"tract_id":"42003030500","population":3044,"density_per_sqkm":1720.1939453801988,"lng":-79.98375471430228,"lat":40.441345478039}},{"type":"Feature","geometry":{"type":"Point","coordinates":[-79.96768348803025,40.44035014000096]},"properties":{"tract_id":"42003040200","population":1843,"density_per_sqkm":1190.1462883551649,"lng":-79.96768348803025,"lat":40.44035014000096}},{"type":"Feature","geometry":{"type":"Point","coordinates":[-79.93888565366986,40.48257980932675]},"properties":{"tract_id":"42003101800","population":2532,"density_per_sqkm":827.0271368305837,"lng":-79.93888565366986,"lat":40.48257980932675}},{"type":"Feature","geometry":{"type":"Point","coordinates":[-79.92254242576531,40.47485820646006]},"properties":{"tract_id":"42003110200","population":4054,"density_per_sqkm":3124.79769344932,"lng":-79.92254242576531,"lat":40.47485820646006}},{"type":"Feature","geometry":{"type":"Point","coordinates":[-80.00089857147526,40.42428465871676]},"properties":{"tract_id":"42003180700","population":2259,"density_per_sqkm":4588.7776961515865,"lng":-80.00089857147526,"lat":40.42428465871676}},{"type":"Feature","geometry":{"type":"Point","coordinates":[-79.8590551204209,40.427834594900894]},"properties":{"tract_id":"42003518001","population":3129,"density_per_sqkm":651.4165705117338,"lng":-79.8590551204209,"lat":40.427834594900894}},{"type":"Feature","geometry":{"type":"Point","coordinates":[-80.06256430600891,40.45497680874788]},"properties":{"tract_id":"42003202200","population":2548,"density_per_sqkm":1218.935327718945,"lng":-80.06256430600891,"lat":40.45497680874788}},{"type":"Feature","geometry":{"type":"Point","coordinates":[-80.01045061466739,40.44800054126278]},"properties":{"tract_id":"42003981200","population":0,"density_per_sqkm":0,"lng":-80.01045061466739,"lat":40.44800054126278}},{"type":"Feature","geometry":{"type":"Point","coordinates":[-80.20281817786977,40.659296093962574]},"properties":{"tract_id":"42007603801","population":2831,"density_per_sqkm":140.66338679674215,"lng":-80.20281817786977,"lat":40.659296093962574}},{"type":"Feature","geometry":{"type":"Point","coordinates":[-79.95413301321628,40.33169675770379]},"properties":{"tract_id":"42003489001","population":4836,"density_per_sqkm":613.8928092322967,"lng":-79.95413301321628,"lat":40.33169675770379}},{"type":"Feature","geometry":{"type":"Point","coordinates":[-79.88748238459796,40.270288721899895]},"properties":{"tract_id":"42003494000","population":1433,"density_per_sqkm":556.4089203223149,"lng":-79.88748238459796,"lat":40.270288721899895}},{"type":"Feature","geometry":{"type":"Point","coordinates":[-79.84287430332253,40.51704390166377]},"properties":{"tract_id":"42003525200","population":2565,"density_per_sqkm":1267.1946202298407,"lng":-79.84287430332253,"lat":40.51704390166377}},{"type":"Feature","geometry":{"type":"Point","coordinates":[-80.11202947334657,40.65410015997727]},"properties":{"tract_id":"42003411001","population":4087,"density_per_sqkm":130.41266098054552,"lng":-80.11202947334657,"lat":40.65410015997727}},{"type":"Feature","geometry":{"type":"Point","coordinates":[-80.02754953211182,40.655210458728206]},"properties":{"tract_id":"42003409002","population":5418,"density_per_sqkm":197.33037013541164,"lng":-80.02754953211182,"lat":40.655210458728206}},{"type":"Feature","geometry":{"type":"Point","coordinates":[-80.08205728503322,40.592801579441925]},"properties":{"tract_id":"42003412003","population":6542,"density_per_sqkm":604.8349669133819,"lng":-80.08205728503322,"lat":40.592801579441925}},{"type":"Feature","geometry":{"type":"Point","coordinates":[-79.99791112243939,40.4502223061142]},"properties":{"tract_id":"42003563201","population":266,"density_per_sqkm":249.7540743222225,"lng":-79.99791112243939,"lat":40.4502223061142}},{"type":"Feature","geometry":{"type":"Point","coordinates":[-80.03669159321676,40.63758269916215]},"properties":{"tract_id":"42003409001","population":9310,"density_per_sqkm":294.7786679438779,"lng":-80.03669159321676,"lat":40.63758269916215}},{"type":"Feature","geometry":{"type":"Point","coordinates":[-79.98759587212953,40.46469264590688]},"properties":{"tract_id":"42003241300","population":3458,"density_per_sqkm":577.7868428287146,"lng":-79.98759587212953,"lat":40.46469264590688}},{"type":"Feature","geometry":{"type":"Point","coordinates":[-79.9974456303247,40.456387559242415]},"properties":{"tract_id":"42003563202","population":1924,"density_per_sqkm":1670.4232742998856,"lng":-79.9974456303247,"lat":40.456387559242415}},{"type":"Feature","geometry":{"type":"Point","coordinates":[-80.02290122925835,40.45761447319419]},"properties":{"tract_id":"42003565200","population":3011,"density_per_sqkm":1501.772998343624,"lng":-80.02290122925835,"lat":40.45761447319419}},{"type":"Feature","geometry":{"type":"Point","coordinates":[-80.01033213044936,40.45713689854321]},"properties":{"tract_id":"42003565100","population":2953,"density_per_sqkm":2093.388028900217,"lng":-80.01033213044936,"lat":40.45713689854321}},{"type":"Feature","geometry":{"type":"Point","coordinates":[-80.00734259999695,40.48803519997924]},"properties":{"tract_id":"42003261300","population":2996,"density_per_sqkm":492.4275011062397,"lng":-80.00734259999695,"lat":40.48803519997924}},{"type":"Feature","geometry":{"type":"Point","coordinates":[-80.02888817080292,40.47370901424335]},"properties":{"tract_id":"42003271600","population":4310,"density_per_sqkm":1077.8494076963195,"lng":-80.02888817080292,"lat":40.47370901424335}},{"type":"Feature","geometry":{"type":"Point","coordinates":[-79.9467096838339,40.41660335739675]},"properties":{"tract_id":"42003562901","population":1508,"density_per_sqkm":183.0540225411454,"lng":-79.9467096838339,"lat":40.41660335739675}},{"type":"Feature","geometry":{"type":"Point","coordinates":[-79.97035912015129,40.41263756204757]},"properties":{"tract_id":"42003161000","population":2902,"density_per_sqkm":656.9332097076397,"lng":-79.97035912015129,"lat":40.41263756204757}},{"type":"Feature","geometry":{"type":"Point","coordinates":[-80.21715516349744,40.59894515590174]},"properties":{"tract_id":"42007603900","population":3178,"density_per_sqkm":252.09805638428807,"lng":-80.21715516349744,"lat":40.59894515590174}},{"type":"Feature","geometry":{"type":"Point","coordinates":[-79.90763065067955,40.405671966496165]},"properties":{"tract_id":"42003483800","population":2905,"density_per_sqkm":922.001169227836,"lng":-79.90763065067955,"lat":40.405671966496165}},{"type":"Feature","geometry":{"type":"Point","coordinates":[-79.89198022102265,40.35165916314231]},"properties":{"tract_id":"42003487000","population":1614,"density_per_sqkm":286.39669418093246,"lng":-79.89198022102265,"lat":40.35165916314231}},{"type":"Feature","geometry":{"type":"Point","coordinates":[-79.87659478356727,40.38896027273376]},"properties":{"tract_id":"42003488200","population":3455,"density_per_sqkm":461.8374571179287,"lng":-79.87659478356727,"lat":40.38896027273376}},{"type":"Feature","geometry":{"type":"Point","coordinates":[-79.78901691285874,40.55068755961025]},"properties":{"tract_id":"42003416000","population":1475,"density_per_sqkm":174.85407896653535,"lng":-79.78901691285874,"lat":40.55068755961025}},{"type":"Feature","geometry":{"type":"Point","coordinates":[-80.05203969941442,40.44030202311135]},"properties":{"tract_id":"42003281500","population":1480,"density_per_sqkm":1521.6921318130073,"lng":-80.05203969941442,"lat":40.44030202311135}},{"type":"Feature","geometry":{"type":"Point","coordinates":[-79.98441360149084,40.39926401880511]},"properties":{"tract_id":"42003290200","population":4268,"density_per_sqkm":1348.4814100664219,"lng":-79.98441360149084,"lat":40.39926401880511}},{"type":"Feature","geometry":{"type":"Point","coordinates":[-80.08308650003268,40.63763990840942]},"properties":{"tract_id":"42003410000","population":1235,"density_per_sqkm":290.90087467935274,"lng":-80.08308650003268,"lat":40.63763990840942}},{"type":"Feature","geometry":{"type":"Point","coordinates":[-80.00623306725261,40.56273852015942]},"properties":{"tract_id":"42003413400","population":4442,"density_per_sqkm":724.8305256533448,"lng":-80.00623306725261,"lat":40.56273852015942}},{"type":"Feature","geometry":{"type":"Point","coordinates":[-80.05112547086067,40.44654617475134]},"properties":{"tract_id":"42003281400","population":2471,"density_per_sqkm":1078.2499785065959,"lng":-80.05112547086067,"lat":40.44654617475134}},{"type":"Feature","geometry":{"type":"Point","coordinates":[-80.22494042857363,40.58292872856204]},"properties":{"tract_id":"42007604100","population":2669,"density_per_sqkm":818.9760173200792,"lng":-80.22494042857363,"lat":40.58292872856204}},{"type":"Feature","geometry":{"type":"Point","coordinates":[-80.22652018666646,40.641452866680225]},"properties":{"tract_id":"42007603700","population":3891,"density_per_sqkm":417.0227685410957,"lng":-80.22652018666646,"lat":40.641452866680225}},{"type":"Feature","geometry":{"type":"Point","coordinates":[-80.16905936363196,40.65143951893489]},"properties":{"tract_id":"42007603802","population":3277,"density_per_sqkm":221.073280123744,"lng":-80.16905936363196,"lat":40.65143951893489}},{"type":"Feature","geometry":{"type":"Point","coordinates":[-80.22125475774725,40.59982917526675]},"properties":{"tract_id":"42007604000","population":2784,"density_per_sqkm":926.6772352059522,"lng":-80.22125475774725,"lat":40.59982917526675}},{"type":"Feature","geometry":{"type":"Point","coordinates":[-80.11519007080004,40.28694039470073]},"properties":{"tract_id":"42125746200","population":4638,"density_per_sqkm":257.0861896473575,"lng":-80.11519007080004,"lat":40.28694039470073}},{"type":"Feature","geometry":{"type":"Point","coordinates":[-79.99376806336754,40.26245017623727]},"properties":{"tract_id":"42125771200","population":3091,"density_per_sqkm":148.08138106475153,"lng":-79.99376806336754,"lat":40.26245017623727}},{"type":"Feature","geometry":{"type":"Point","coordinates":[-80.14742904252638,40.300112767109376]},"properties":{"tract_id":"42125741300","population":3944,"density_per_sqkm":110.54631213636873,"lng":-80.14742904252638,"lat":40.300112767109376}},{"type":"Feature","geometry":{"type":"Point","coordinates":[-80.14246992236107,40.224671965748705]},"properties":{"tract_id":"42125745200","population":6484,"density_per_sqkm":79.58112568601561,"lng":-80.14246992236107,"lat":40.224671965748705}},{"type":"Feature","geometry":{"type":"Point","coordinates":[-80.22851391474285,40.2047852308995]},"properties":{"tract_id":"42125755100","population":4430,"density_per_sqkm":155.3194990309759,"lng":-80.22851391474285,"lat":40.2047852308995}},{"type":"Feature","geometry":{"type":"Point","coordinates":[-80.21445717392146,40.328530237592894]},"properties":{"tract_id":"42125741100","population":4936,"density_per_sqkm":98.60403386419198,"lng":-80.21445717392146,"lat":40.328530237592894}},{"type":"Feature","geometry":{"type":"Point","coordinates":[-80.09439829541269,40.2940079225158]},"properties":{"tract_id":"42125746100","population":6067,"density_per_sqkm":298.47162643141615,"lng":-80.09439829541269,"lat":40.2940079225158}},{"type":"Feature","geometry":{"type":"Point","coordinates":[-79.89401131473484,40.42609670558112]},"properties":{"tract_id":"42003515401","population":2171,"density_per_sqkm":1273.8011183599854,"lng":-79.89401131473484,"lat":40.42609670558112}},{"type":"Feature","geometry":{"type":"Point","coordinates":[-80.04249098536569,40.37231098538402]},"properties":{"tract_id":"42003473401","population":3830,"density_per_sqkm":1328.893865409148,"lng":-80.04249098536569,"lat":40.37231098538402}},{"type":"Feature","geometry":{"type":"Point","coordinates":[-80.0362633867636,40.337247372647525]},"properties":{"tract_id":"42003475102","population":1739,"density_per_sqkm":493.2448212459691,"lng":-80.0362633867636,"lat":40.337247372647525}},{"type":"Feature","geometry":{"type":"Point","coordinates":[-79.93931611472635,40.39084817096958]},"properties":{"tract_id":"42003565300","population":1223,"density_per_sqkm":62.09263040652768,"lng":-79.93931611472635,"lat":40.39084817096958}},{"type":"Feature","geometry":{"type":"Point","coordinates":[-80.13702282029261,40.411177833601634]},"properties":{"tract_id":"42003458002","population":4582,"density_per_sqkm":148.6612522172108,"lng":-80.13702282029261,"lat":40.411177833601634}},{"type":"Feature","geometry":{"type":"Point","coordinates":[-80.1267106744755,40.382417530204314]},"properties":{"tract_id":"42003458001","population":4277,"density_per_sqkm":120.84852282378537,"lng":-80.1267106744755,"lat":40.382417530204314}},{"type":"Feature","geometry":{"type":"Point","coordinates":[-79.93964823489584,40.468669369125536]},"properties":{"tract_id":"42003101900","population":2698,"density_per_sqkm":2303.130827559353,"lng":-79.93964823489584,"lat":40.468669369125536}},{"type":"Feature","geometry":{"type":"Point","coordinates":[-79.91268562276994,40.46220873651793]},"properties":{"tract_id":"42003120900","population":1574,"density_per_sqkm":722.3807627978807,"lng":-79.91268562276994,"lat":40.46220873651793}},{"type":"Feature","geometry":{"type":"Point","coordinates":[-79.89524741417989,40.459059340240564]},"properties":{"tract_id":"42003130700","population":2068,"density_per_sqkm":707.2958283907282,"lng":-79.89524741417989,"lat":40.459059340240564}},{"type":"Feature","geometry":{"type":"Point","coordinates":[-79.89915290184176,40.43921961655902]},"properties":{"tract_id":"42003141200","population":4081,"density_per_sqkm":902.5069309403668,"lng":-79.89915290184176,"lat":40.43921961655902}},{"type":"Feature","geometry":{"type":"Point","coordinates":[-79.8930151046344,40.453130447688665]},"properties":{"tract_id":"42003130800","population":2177,"density_per_sqkm":944.5677979355996,"lng":-79.8930151046344,"lat":40.453130447688665}},{"type":"Feature","geometry":{"type":"Point","coordinates":[-79.87888656217153,40.44718170270904]},"properties":{"tract_id":"42003564800","population":1951,"density_per_sqkm":1226.4525316716436,"lng":-79.87888656217153,"lat":40.44718170270904}},{"type":"Feature","geometry":{"type":"Point","coordinates":[-79.98373664126446,40.437601458030585]},"properties":{"tract_id":"42003010302","population":4631,"density_per_sqkm":5520.178201386169,"lng":-79.98373664126446,"lat":40.437601458030585}},{"type":"Feature","geometry":{"type":"Point","coordinates":[-79.98474669141493,40.4345650740524]},"properties":{"tract_id":"42003010301","population":2028,"density_per_sqkm":2255.839708430031,"lng":-79.98474669141493,"lat":40.4345650740524}},{"type":"Feature","geometry":{"type":"Point","coordinates":[-79.87802545881691,40.437487947083234]},"properties":{"tract_id":"42003564700","population":2320,"density_per_sqkm":838.2402369146998,"lng":-79.87802545881691,"lat":40.437487947083234}},{"type":"Feature","geometry":{"type":"Point","coordinates":[-80.12233217479303,40.593972036582485]},"properties":{"tract_id":"42003412004","population":4055,"density_per_sqkm":98.15482943456853,"lng":-80.12233217479303,"lat":40.593972036582485}},{"type":"Feature","geometry":{"type":"Point","coordinates":[-79.858142896286,40.4027516889498]},"properties":{"tract_id":"42003513000","population":2243,"density_per_sqkm":351.63450946611823,"lng":-79.858142896286,"lat":40.4027516889498}},{"type":"Feature","geometry":{"type":"Point","coordinates":[-80.08469240158432,40.64068735131426]},"properties":{"tract_id":"42003411002","population":5903,"density_per_sqkm":357.88027921472104,"lng":-80.08469240158432,"lat":40.64068735131426}},{"type":"Feature","geometry":{"type":"Point","coordinates":[-80.09306772369611,40.40748098686472]},"properties":{"tract_id":"42003468800","population":2522,"density_per_sqkm":1363.418599224119,"lng":-80.09306772369611,"lat":40.40748098686472}},{"type":"Feature","geometry":{"type":"Point","coordinates":[-80.07915469048518,40.40538829167245]},"properties":{"tract_id":"42003468900","population":3805,"density_per_sqkm":1467.9602903316718,"lng":-80.07915469048518,"lat":40.40538829167245}},{"type":"Feature","geometry":{"type":"Point","coordinates":[-80.0109515943855,40.58379586246918]},"properties":{"tract_id":"42003413500","population":6879,"density_per_sqkm":459.22086654186586,"lng":-80.0109515943855,"lat":40.58379586246918}},{"type":"Feature","geometry":{"type":"Point","coordinates":[-79.9719621327686,40.536872344638354]},"properties":{"tract_id":"42003426300","population":6249,"density_per_sqkm":828.4504754595932,"lng":-79.9719621327686,"lat":40.536872344638354}},{"type":"Feature","geometry":{"type":"Point","coordinates":[-80.02167300536249,40.396110473123784]},"properties":{"tract_id":"42003191900","population":2159,"density_per_sqkm":1673.8805450183581,"lng":-80.02167300536249,"lat":40.396110473123784}},{"type":"Feature","geometry":{"type":"Point","coordinates":[-80.17273446664574,40.54264653333361]},"properties":{"tract_id":"42003445500","population":3873,"density_per_sqkm":485.75837202498167,"lng":-80.17273446664574,"lat":40.54264653333361}},{"type":"Feature","geometry":{"type":"Point","coordinates":[-80.04688235105488,40.508521590410986]},"properties":{"tract_id":"42003429600","population":3601,"density_per_sqkm":457.2881251238135,"lng":-80.04688235105488,"lat":40.508521590410986}},{"type":"Feature","geometry":{"type":"Point","coordinates":[-79.89637907270858,40.555738456789115]},"properties":{"tract_id":"42003415002","population":2550,"density_per_sqkm":85.06179113577416,"lng":-79.89637907270858,"lat":40.555738456789115}},{"type":"Feature","geometry":{"type":"Point","coordinates":[-79.9283239464054,40.35804855134929]},"properties":{"tract_id":"42003488500","population":2797,"density_per_sqkm":130.39781043564548,"lng":-79.9283239464054,"lat":40.35804855134929}},{"type":"Feature","geometry":{"type":"Point","coordinates":[-79.95519120471224,40.630018493435855]},"properties":{"tract_id":"42003408002","population":6129,"density_per_sqkm":364.95665820539875,"lng":-79.95519120471224,"lat":40.630018493435855}},{"type":"Feature","geometry":{"type":"Point","coordinates":[-79.9671477354056,40.49576055832486]},"properties":{"tract_id":"42003427200","population":4544,"density_per_sqkm":433.2547361726897,"lng":-79.9671477354056,"lat":40.49576055832486}},{"type":"Feature","geometry":{"type":"Point","coordinates":[-80.10042858737333,40.468823879284784]},"properties":{"tract_id":"42003460002","population":3716,"density_per_sqkm":270.0381797897723,"lng":-80.10042858737333,"lat":40.468823879284784}},{"type":"Feature","geometry":{"type":"Point","coordinates":[-80.01593205071187,40.38874307971602]},"properties":{"tract_id":"42003191800","population":5106,"density_per_sqkm":1389.541647968549,"lng":-80.01593205071187,"lat":40.38874307971602}},{"type":"Feature","geometry":{"type":"Point","coordinates":[-80.05607595326623,40.50277589720186]},"properties":{"tract_id":"42003431400","population":1848,"density_per_sqkm":1384.3643443727483,"lng":-80.05607595326623,"lat":40.50277589720186}},{"type":"Feature","geometry":{"type":"Point","coordinates":[-80.03656811880391,40.52041217821035]},"properties":{"tract_id":"42003430200","population":4608,"density_per_sqkm":1361.9620377375504,"lng":-80.03656811880391,"lat":40.52041217821035}},{"type":"Feature","geometry":{"type":"Point","coordinates":[-79.9918320771852,40.3862006764681]},"properties":{"tract_id":"42003320400","population":1846,"density_per_sqkm":836.6951255662507,"lng":-79.9918320771852,"lat":40.3862006764681}},{"type":"Feature","geometry":{"type":"Point","coordinates":[-79.81651271667654,40.348832161112924]},"properties":{"tract_id":"42003503002","population":5771,"density_per_sqkm":548.2872570516554,"lng":-79.81651271667654,"lat":40.348832161112924}},{"type":"Feature","geometry":{"type":"Point","coordinates":[-80.04490603152628,40.531913939806756]},"properties":{"tract_id":"42003429300","population":6533,"density_per_sqkm":624.9439685399586,"lng":-80.04490603152628,"lat":40.531913939806756}},{"type":"Feature","geometry":{"type":"Point","coordinates":[-79.96476010963141,40.5802915848722]},"properties":{"tract_id":"42003414102","population":6953,"density_per_sqkm":319.7682744463736,"lng":-79.96476010963141,"lat":40.5802915848722}},{"type":"Feature","geometry":{"type":"Point","coordinates":[-80.02830605189152,40.40544836793524]},"properties":{"tract_id":"42003192000","population":3571,"density_per_sqkm":1495.012191858048,"lng":-80.02830605189152,"lat":40.40544836793524}},{"type":"Feature","geometry":{"type":"Point","coordinates":[-79.8130722267805,40.29203619284578]},"properties":{"tract_id":"42003496200","population":5667,"density_per_sqkm":197.2797454782909,"lng":-79.8130722267805,"lat":40.29203619284578}},{"type":"Feature","geometry":{"type":"Point","coordinates":[-79.96287226301153,40.39837607818825]},"properties":{"tract_id":"42003480300","population":3680,"density_per_sqkm":350.21253019351843,"lng":-79.96287226301153,"lat":40.39837607818825}},{"type":"Feature","geometry":{"type":"Point","coordinates":[-80.08207592468104,40.57670558995765]},"properties":{"tract_id":"42003412002","population":4708,"density_per_sqkm":298.0002547383297,"lng":-80.08207592468104,"lat":40.57670558995765}},{"type":"Feature","geometry":{"type":"Point","coordinates":[-80.04284342515633,40.48302048504817]},"properties":{"tract_id":"42003270100","population":2459,"density_per_sqkm":1095.5404810607852,"lng":-80.04284342515633,"lat":40.48302048504817}},{"type":"Feature","geometry":{"type":"Point","coordinates":[-79.7757138654617,40.452578149860955]},"properties":{"tract_id":"42003521100","population":4420,"density_per_sqkm":583.6773079951672,"lng":-79.7757138654617,"lat":40.452578149860955}},{"type":"Feature","geometry":{"type":"Point","coordinates":[-79.82118010695575,40.272598344180096]},"properties":{"tract_id":"42003496101","population":2928,"density_per_sqkm":138.6720221719705,"lng":-79.82118010695575,"lat":40.272598344180096}},{"type":"Feature","geometry":{"type":"Point","coordinates":[-79.82166275205245,40.408616491903565]},"properties":{"tract_id":"42003509400","population":5087,"density_per_sqkm":1164.9260729950074,"lng":-79.82166275205245,"lat":40.408616491903565}},{"type":"Feature","geometry":{"type":"Point","coordinates":[-80.17776587341707,40.59736138184924]},"properties":{"tract_id":"42003439000","population":1615,"density_per_sqkm":51.40615833513612,"lng":-80.17776587341707,"lat":40.59736138184924}},{"type":"Feature","geometry":{"type":"Point","coordinates":[-79.79755814013839,40.42394626433185]},"properties":{"tract_id":"42003521200","population":4194,"density_per_sqkm":169.11984877741423,"lng":-79.79755814013839,"lat":40.42394626433185}},{"type":"Feature","geometry":{"type":"Point","coordinates":[-79.91571579040867,40.47316245508672]},"properties":{"tract_id":"42003110600","population":2346,"density_per_sqkm":2068.2701690108133,"lng":-79.91571579040867,"lat":40.47316245508672}},{"type":"Feature","geometry":{"type":"Point","coordinates":[-79.99372912339564,40.363275976860876]},"properties":{"tract_id":"42003477200","population":4489,"density_per_sqkm":878.3905331401859,"lng":-79.99372912339564,"lat":40.363275976860876}},{"type":"Feature","geometry":{"type":"Point","coordinates":[-80.09696258174237,40.343501469568984]},"properties":{"tract_id":"42003474201","population":2695,"density_per_sqkm":309.86233548565207,"lng":-80.09696258174237,"lat":40.343501469568984}},{"type":"Feature","geometry":{"type":"Point","coordinates":[-79.76214872211925,40.49004194911617]},"properties":{"tract_id":"42003526201","population":3633,"density_per_sqkm":289.0659248089113,"lng":-79.76214872211925,"lat":40.49004194911617}},{"type":"Feature","geometry":{"type":"Point","coordinates":[-79.94882940475945,40.50019594897609]},"properties":{"tract_id":"42003425000","population":3413,"density_per_sqkm":867.5500898271147,"lng":-79.94882940475945,"lat":40.50019594897609}},{"type":"Feature","geometry":{"type":"Point","coordinates":[-79.99294381576875,40.39955415789982]},"properties":{"tract_id":"42003290100","population":1841,"density_per_sqkm":813.972386886831,"lng":-79.99294381576875,"lat":40.39955415789982}},{"type":"Feature","geometry":{"type":"Point","coordinates":[-80.04466867107995,40.308003049347896]},"properties":{"tract_id":"42003475303","population":4208,"density_per_sqkm":683.6706889504701,"lng":-80.04466867107995,"lat":40.308003049347896}},{"type":"Feature","geometry":{"type":"Point","coordinates":[-79.85207846085535,40.46325398841802]},"properties":{"tract_id":"42003523200","population":4040,"density_per_sqkm":692.7929144266182,"lng":-79.85207846085535,"lat":40.46325398841802}},{"type":"Feature","geometry":{"type":"Point","coordinates":[-80.15963050223397,40.512513690601224]},"properties":{"tract_id":"42003450700","population":2882,"density_per_sqkm":794.4147794588972,"lng":-80.15963050223397,"lat":40.512513690601224}},{"type":"Feature","geometry":{"type":"Point","coordinates":[-80.16813347727344,40.51721948635522]},"properties":{"tract_id":"42003450800","population":2628,"density_per_sqkm":661.4773574504495,"lng":-80.16813347727344,"lat":40.51721948635522}},{"type":"Feature","geometry":{"type":"Point","coordinates":[-79.92911753446396,40.43370984479798]},"properties":{"tract_id":"42003141300","population":5136,"density_per_sqkm":4554.816109741112,"lng":-79.92911753446396,"lat":40.43370984479798}},{"type":"Feature","geometry":{"type":"Point","coordinates":[-79.99328096132842,40.412971933750235]},"properties":{"tract_id":"42003300100","population":4188,"density_per_sqkm":4221.6669818639,"lng":-79.99328096132842,"lat":40.412971933750235}},{"type":"Feature","geometry":{"type":"Point","coordinates":[-79.86535387144455,40.44837708095146]},"properties":{"tract_id":"42003561400","population":3566,"density_per_sqkm":1127.9848208024198,"lng":-79.86535387144455,"lat":40.44837708095146}},{"type":"Feature","geometry":{"type":"Point","coordinates":[-79.86748498808545,40.40376625592815]},"properties":{"tract_id":"42003513800","population":1814,"density_per_sqkm":474.81727620003466,"lng":-79.86748498808545,"lat":40.40376625592815}},{"type":"Feature","geometry":{"type":"Point","coordinates":[-80.00572512018817,40.39375187498544]},"properties":{"tract_id":"42003320600","population":2232,"density_per_sqkm":949.3043615611176,"lng":-80.00572512018817,"lat":40.39375187498544}},{"type":"Feature","geometry":{"type":"Point","coordinates":[-79.95972482160504,40.43416534056952]},"properties":{"tract_id":"42003040900","population":3722,"density_per_sqkm":1453.7404986804388,"lng":-79.95972482160504,"lat":40.43416534056952}},{"type":"Feature","geometry":{"type":"Point","coordinates":[-79.86986102259243,40.501938141934176]},"properties":{"tract_id":"42003421100","population":4959,"density_per_sqkm":273.7842638388222,"lng":-79.86986102259243,"lat":40.501938141934176}},{"type":"Feature","geometry":{"type":"Point","coordinates":[-79.89361163337927,40.48931785834163]},"properties":{"tract_id":"42003980000","population":0,"density_per_sqkm":0,"lng":-79.89361163337927,"lat":40.48931785834163}},{"type":"Feature","geometry":{"type":"Point","coordinates":[-80.0848980984511,40.42775281865214]},"properties":{"tract_id":"42003564100","population":969,"density_per_sqkm":166.40007896358446,"lng":-80.0848980984511,"lat":40.42775281865214}},{"type":"Feature","geometry":{"type":"Point","coordinates":[-79.99405627694375,40.424071313851954]},"properties":{"tract_id":"42003180300","population":1966,"density_per_sqkm":1218.8063043168843,"lng":-79.99405627694375,"lat":40.424071313851954}},{"type":"Feature","geometry":{"type":"Point","coordinates":[-80.00217338953942,40.540591216851126]},"properties":{"tract_id":"42003429201","population":4978,"density_per_sqkm":679.7151811416068,"lng":-80.00217338953942,"lat":40.540591216851126}},{"type":"Feature","geometry":{"type":"Point","coordinates":[-79.9450163948754,40.425267123087956]},"properties":{"tract_id":"42003151600","population":2425,"density_per_sqkm":1831.799419766786,"lng":-79.9450163948754,"lat":40.425267123087956}},{"type":"Feature","geometry":{"type":"Point","coordinates":[-79.93348034374644,40.42348390626362]},"properties":{"tract_id":"42003151700","population":4919,"density_per_sqkm":3576.494384443193,"lng":-79.93348034374644,"lat":40.42348390626362}},{"type":"Feature","geometry":{"type":"Point","coordinates":[-80.21015148258805,40.57832422387942]},"properties":{"tract_id":"42003447000","population":1655,"density_per_sqkm":204.64392741632014,"lng":-80.21015148258805,"lat":40.57832422387942}},{"type":"Feature","geometry":{"type":"Point","coordinates":[-80.10181933758146,40.35646044871304]},"properties":{"tract_id":"42003457200","population":3344,"density_per_sqkm":927.5008150217698,"lng":-80.10181933758146,"lat":40.35646044871304}},{"type":"Feature","geometry":{"type":"Point","coordinates":[-79.91667879912981,40.396840493461546]},"properties":{"tract_id":"42003482500","population":1747,"density_per_sqkm":279.7128650707514,"lng":-79.91667879912981,"lat":40.396840493461546}},{"type":"Feature","geometry":{"type":"Point","coordinates":[-79.82801978826758,40.51764289188522]},"properties":{"tract_id":"42003525100","population":1977,"density_per_sqkm":733.2429358823632,"lng":-79.82801978826758,"lat":40.51764289188522}},{"type":"Feature","geometry":{"type":"Point","coordinates":[-80.00464641801395,40.463795301609615]},"properties":{"tract_id":"42003250900","population":1268,"density_per_sqkm":1324.244155512049,"lng":-80.00464641801395,"lat":40.463795301609615}},{"type":"Feature","geometry":{"type":"Point","coordinates":[-79.97940361906315,40.4539487857299]},"properties":{"tract_id":"42003020300","population":1471,"density_per_sqkm":262.81431783611833,"lng":-79.97940361906315,"lat":40.4539487857299}},{"type":"Feature","geometry":{"type":"Point","coordinates":[-79.94403685087072,40.517034440669434]},"properties":{"tract_id":"42003426700","population":2218,"density_per_sqkm":326.0043293746889,"lng":-79.94403685087072,"lat":40.517034440669434}},{"type":"Feature","geometry":{"type":"Point","coordinates":[-79.95028399576314,40.53862431063496]},"properties":{"tract_id":"42003426800","population":5225,"density_per_sqkm":756.8260217657554,"lng":-79.95028399576314,"lat":40.53862431063496}},{"type":"Feature","geometry":{"type":"Point","coordinates":[-80.03173950753666,40.484061964829124]},"properties":{"tract_id":"42003270800","population":2375,"density_per_sqkm":927.0713801241322,"lng":-80.03173950753666,"lat":40.484061964829124}},{"type":"Feature","geometry":{"type":"Point","coordinates":[-79.89133361366518,40.29085201133734]},"properties":{"tract_id":"42003492900","population":1756,"density_per_sqkm":662.6475252235979,"lng":-79.89133361366518,"lat":40.29085201133734}},{"type":"Feature","geometry":{"type":"Point","coordinates":[-80.03556432621096,40.398855638295984]},"properties":{"tract_id":"42003472100","population":2157,"density_per_sqkm":1957.2522757426839,"lng":-80.03556432621096,"lat":40.398855638295984}},{"type":"Feature","geometry":{"type":"Point","coordinates":[-79.9277178274276,40.48348101771129]},"properties":{"tract_id":"42003101400","population":3301,"density_per_sqkm":712.2816131739625,"lng":-79.9277178274276,"lat":40.48348101771129}},{"type":"Feature","geometry":{"type":"Point","coordinates":[-80.06715239359892,40.37337069682309]},"properties":{"tract_id":"42003473602","population":4680,"density_per_sqkm":933.2293297039279,"lng":-80.06715239359892,"lat":40.37337069682309}},{"type":"Feature","geometry":{"type":"Point","coordinates":[-80.07685413573033,40.31703086878488]},"properties":{"tract_id":"42003474203","population":4844,"density_per_sqkm":623.3523926316697,"lng":-80.07685413573033,"lat":40.31703086878488}},{"type":"Feature","geometry":{"type":"Point","coordinates":[-79.99165136500481,40.48603275284595]},"properties":{"tract_id":"42003428200","population":2028,"density_per_sqkm":259.12980193751156,"lng":-79.99165136500481,"lat":40.48603275284595}},{"type":"Feature","geometry":{"type":"Point","coordinates":[-79.86528536480908,40.6292355504916]},"properties":{"tract_id":"42003407001","population":5793,"density_per_sqkm":86.88264609575513,"lng":-79.86528536480908,"lat":40.6292355504916}},{"type":"Feature","geometry":{"type":"Point","coordinates":[-80.06699911109858,40.4980711578993]},"properties":{"tract_id":"42003432400","population":2452,"density_per_sqkm":1470.9525847824757,"lng":-80.06699911109858,"lat":40.4980711578993}},{"type":"Feature","geometry":{"type":"Point","coordinates":[-79.77674989091732,40.40820559999785]},"properties":{"tract_id":"42003522000","population":3084,"density_per_sqkm":932.6385294345332,"lng":-79.77674989091732,"lat":40.40820559999785}},{"type":"Feature","geometry":{"type":"Point","coordinates":[-79.83379233218916,40.458710952546284]},"properties":{"tract_id":"42003523400","population":5016,"density_per_sqkm":1060.4343806922202,"lng":-79.83379233218916,"lat":40.458710952546284}},{"type":"Feature","geometry":{"type":"Point","coordinates":[-79.84147745160661,40.50416503872012]},"properties":{"tract_id":"42003524000","population":2629,"density_per_sqkm":990.7479418409453,"lng":-79.84147745160661,"lat":40.50416503872012}},{"type":"Feature","geometry":{"type":"Point","coordinates":[-79.80105983813517,40.54404097142572]},"properties":{"tract_id":"42003418000","population":1638,"density_per_sqkm":993.1956738926343,"lng":-79.80105983813517,"lat":40.54404097142572}},{"type":"Feature","geometry":{"type":"Point","coordinates":[-79.83185938570293,40.54683748569326]},"properties":{"tract_id":"42003419000","population":3108,"density_per_sqkm":117.37474321591549,"lng":-79.83185938570293,"lat":40.54683748569326}},{"type":"Feature","geometry":{"type":"Point","coordinates":[-79.9411032391313,40.43457075541519]},"properties":{"tract_id":"42003980500","population":19,"density_per_sqkm":9.003325079022682,"lng":-79.9411032391313,"lat":40.43457075541519}},{"type":"Feature","geometry":{"type":"Point","coordinates":[-79.90725562937,40.43196039410551]},"properties":{"tract_id":"42003980300","population":0,"density_per_sqkm":0,"lng":-79.90725562937,"lat":40.43196039410551}},{"type":"Feature","geometry":{"type":"Point","coordinates":[-79.81021799999493,40.39575744518638]},"properties":{"tract_id":"42003508000","population":1834,"density_per_sqkm":723.6792510228211,"lng":-79.81021799999493,"lat":40.39575744518638}},{"type":"Feature","geometry":{"type":"Point","coordinates":[-79.90221779197927,40.49229331544179]},"properties":{"tract_id":"42003423000","population":2890,"density_per_sqkm":1706.0874727243263,"lng":-79.90221779197927,"lat":40.49229331544179}},{"type":"Feature","geometry":{"type":"Point","coordinates":[-80.02019918750888,40.48258564904867]},"properties":{"tract_id":"42003980400","population":0,"density_per_sqkm":0,"lng":-80.02019918750888,"lat":40.48258564904867}},{"type":"Feature","geometry":{"type":"Point","coordinates":[-79.9200138666551,40.442397140721454]},"properties":{"tract_id":"42003140300","population":3405,"density_per_sqkm":2550.7798666461467,"lng":-79.9200138666551,"lat":40.442397140721454}},{"type":"Feature","geometry":{"type":"Point","coordinates":[-80.08889813985563,40.37082231118152]},"properties":{"tract_id":"42003470400","population":2962,"density_per_sqkm":553.2852301375494,"lng":-80.08889813985563,"lat":40.37082231118152}},{"type":"Feature","geometry":{"type":"Point","coordinates":[-79.91564115251639,40.448779983060305]},"properties":{"tract_id":"42003140400","population":2254,"density_per_sqkm":1762.0502034426747,"lng":-79.91564115251639,"lat":40.448779983060305}},{"type":"Feature","geometry":{"type":"Point","coordinates":[-80.2178184223851,40.258572287371564]},"properties":{"tract_id":"42125742101","population":5175,"density_per_sqkm":136.5293536828421,"lng":-80.2178184223851,"lat":40.258572287371564}},{"type":"Feature","geometry":{"type":"Point","coordinates":[-80.1831375110237,40.25933213603668]},"properties":{"tract_id":"42125744102","population":2141,"density_per_sqkm":567.3327632147682,"lng":-80.1831375110237,"lat":40.25933213603668}},{"type":"Feature","geometry":{"type":"Point","coordinates":[-80.16100259180541,40.263134416843904]},"properties":{"tract_id":"42125745102","population":5471,"density_per_sqkm":303.398077931743,"lng":-80.16100259180541,"lat":40.263134416843904}},{"type":"Feature","geometry":{"type":"Point","coordinates":[-80.19864103100754,40.23259119524819]},"properties":{"tract_id":"42125745101","population":3766,"density_per_sqkm":236.44857888561833,"lng":-80.19864103100754,"lat":40.23259119524819}},{"type":"Feature","geometry":{"type":"Point","coordinates":[-80.18186845539299,40.27015848213141]},"properties":{"tract_id":"42125744101","population":3806,"density_per_sqkm":871.3716081768137,"lng":-80.18186845539299,"lat":40.27015848213141}},{"type":"Feature","geometry":{"type":"Point","coordinates":[-80.24361431147311,40.22122306829834]},"properties":{"tract_id":"42125742102","population":1798,"density_per_sqkm":124.24801989274644,"lng":-80.24361431147311,"lat":40.22122306829834}},{"type":"Feature","geometry":{"type":"Point","coordinates":[-80.19240788930611,40.25736079771169]},"properties":{"tract_id":"42125744200","population":3725,"density_per_sqkm":774.4302154668558,"lng":-80.19240788930611,"lat":40.25736079771169}},{"type":"Feature","geometry":{"type":"Point","coordinates":[-80.21640266665985,40.571264409843366]},"properties":{"tract_id":"42003448000","population":1125,"density_per_sqkm":144.77247552741082,"lng":-80.21640266665985,"lat":40.571264409843366}},{"type":"Feature","geometry":{"type":"Point","coordinates":[-80.05032457541031,40.49065029608781]},"properties":{"tract_id":"42003431100","population":3244,"density_per_sqkm":2066.657399272926,"lng":-80.05032457541031,"lat":40.49065029608781}},{"type":"Feature","geometry":{"type":"Point","coordinates":[-80.0676385374074,40.50342180272699]},"properties":{"tract_id":"42003432300","population":2287,"density_per_sqkm":1602.4939067261162,"lng":-80.0676385374074,"lat":40.50342180272699}},{"type":"Feature","geometry":{"type":"Point","coordinates":[-80.2337944026762,40.55337193959818]},"properties":{"tract_id":"42003449000","population":2455,"density_per_sqkm":212.10855768726955,"lng":-80.2337944026762,"lat":40.55337193959818}},{"type":"Feature","geometry":{"type":"Point","coordinates":[-79.85357607103107,40.37673396448133]},"properties":{"tract_id":"42003486700","population":2146,"density_per_sqkm":422.1779121441601,"lng":-79.85357607103107,"lat":40.37673396448133}},{"type":"Feature","geometry":{"type":"Point","coordinates":[-79.88907996350318,40.430863591258294]},"properties":{"tract_id":"42003516100","population":1416,"density_per_sqkm":1177.1117443103826,"lng":-79.88907996350318,"lat":40.430863591258294}},{"type":"Feature","geometry":{"type":"Point","coordinates":[-79.88000659602156,40.43147012583115]},"properties":{"tract_id":"42003516200","population":1688,"density_per_sqkm":1229.8907162085654,"lng":-79.88000659602156,"lat":40.43147012583115}},{"type":"Feature","geometry":{"type":"Point","coordinates":[-79.86602245762943,40.42175539322678]},"properties":{"tract_id":"42003517000","population":1625,"density_per_sqkm":260.96491090863515,"lng":-79.86602245762943,"lat":40.42175539322678}},{"type":"Feature","geometry":{"type":"Point","coordinates":[-79.98127985353989,40.37246374056396]},"properties":{"tract_id":"42003478100","population":4357,"density_per_sqkm":1739.6811773304637,"lng":-79.98127985353989,"lat":40.37246374056396}},{"type":"Feature","geometry":{"type":"Point","coordinates":[-80.01477775713255,40.36499263333752]},"properties":{"tract_id":"42003476200","population":3322,"density_per_sqkm":712.5826537526061,"lng":-80.01477775713255,"lat":40.36499263333752}},{"type":"Feature","geometry":{"type":"Point","coordinates":[-79.76366547518705,40.64759330496771]},"properties":{"tract_id":"42003406000","population":2289,"density_per_sqkm":42.05773149224214,"lng":-79.76366547518705,"lat":40.64759330496771}},{"type":"Feature","geometry":{"type":"Point","coordinates":[-79.79413253388567,40.595398733062765]},"properties":{"tract_id":"42003405000","population":1099,"density_per_sqkm":27.350513662747804,"lng":-79.79413253388567,"lat":40.595398733062765}},{"type":"Feature","geometry":{"type":"Point","coordinates":[-80.02969469909212,40.535562419448794]},"properties":{"tract_id":"42003429400","population":4375,"density_per_sqkm":549.3557837710432,"lng":-80.02969469909212,"lat":40.535562419448794}},{"type":"Feature","geometry":{"type":"Point","coordinates":[-79.98127904051147,40.474037378403345]},"properties":{"tract_id":"42003428100","population":1200,"density_per_sqkm":649.83838965781,"lng":-79.98127904051147,"lat":40.474037378403345}},{"type":"Feature","geometry":{"type":"Point","coordinates":[-80.03357826203238,40.50072077539712]},"properties":{"tract_id":"42003429700","population":2252,"density_per_sqkm":337.3655881248241,"lng":-80.03357826203238,"lat":40.50072077539712}},{"type":"Feature","geometry":{"type":"Point","coordinates":[-80.02717875710051,40.51438215255533]},"properties":{"tract_id":"42003430100","population":2052,"density_per_sqkm":1309.8934191937562,"lng":-80.02717875710051,"lat":40.51438215255533}},{"type":"Feature","geometry":{"type":"Point","coordinates":[-80.2022329485304,40.29355803603285]},"properties":{"tract_id":"42125795800","population":5667,"density_per_sqkm":155.87687046541885,"lng":-80.2022329485304,"lat":40.29355803603285}},{"type":"Feature","geometry":{"type":"Point","coordinates":[-80.02294370505572,40.23631090038631]},"properties":{"tract_id":"42125771100","population":5604,"density_per_sqkm":34.139113022977114,"lng":-80.02294370505572,"lat":40.23631090038631}},{"type":"Feature","geometry":{"type":"Point","coordinates":[-79.79146287733607,40.19373427329605]},"properties":{"tract_id":"42129805903","population":3743,"density_per_sqkm":76.54996236271451,"lng":-79.79146287733607,"lat":40.19373427329605}},{"type":"Feature","geometry":{"type":"Point","coordinates":[-79.7553019988629,40.26039302538113]},"properties":{"tract_id":"42129805100","population":2696,"density_per_sqkm":49.601943396810164,"lng":-79.7553019988629,"lat":40.26039302538113}},{"type":"Feature","geometry":{"type":"Point","coordinates":[-79.88770656411576,40.40034739316673]},"properties":{"tract_id":"42003485000","population":1232,"density_per_sqkm":566.5713079398648,"lng":-79.88770656411576,"lat":40.40034739316673}},{"type":"Feature","geometry":{"type":"Point","coordinates":[-79.87140125205852,40.33661793901612]},"properties":{"tract_id":"42003500300","population":3673,"density_per_sqkm":738.3160707355635,"lng":-79.87140125205852,"lat":40.33661793901612}},{"type":"Feature","geometry":{"type":"Point","coordinates":[-79.83125496299432,40.31853338891151]},"properties":{"tract_id":"42003501000","population":1620,"density_per_sqkm":672.0894266936111,"lng":-79.83125496299432,"lat":40.31853338891151}},{"type":"Feature","geometry":{"type":"Point","coordinates":[-80.048181745571,40.38145728994915]},"properties":{"tract_id":"42003473200","population":3085,"density_per_sqkm":2487.941316510437,"lng":-80.048181745571,"lat":40.38145728994915}},{"type":"Feature","geometry":{"type":"Point","coordinates":[-79.86249319220033,40.324611565806514]},"properties":{"tract_id":"42003498000","population":2194,"density_per_sqkm":305.43520749017216,"lng":-79.86249319220033,"lat":40.324611565806514}},{"type":"Feature","geometry":{"type":"Point","coordinates":[-79.88598935763456,40.32997183578166]},"properties":{"tract_id":"42003499300","population":1595,"density_per_sqkm":278.8617964400846,"lng":-79.88598935763456,"lat":40.32997183578166}},{"type":"Feature","geometry":{"type":"Point","coordinates":[-79.88534861707922,40.323106941442525]},"properties":{"tract_id":"42003499400","population":2844,"density_per_sqkm":657.3825261160235,"lng":-79.88534861707922,"lat":40.323106941442525}},{"type":"Feature","geometry":{"type":"Point","coordinates":[-79.75918569020175,40.311575790194794]},"properties":{"tract_id":"42129803302","population":3829,"density_per_sqkm":171.04430859228057,"lng":-79.75918569020175,"lat":40.311575790194794}},{"type":"Feature","geometry":{"type":"Point","coordinates":[-79.95487296108526,40.4513769499999]},"properties":{"tract_id":"42003562000","population":2652,"density_per_sqkm":1554.5895398933985,"lng":-79.95487296108526,"lat":40.4513769499999}},{"type":"Feature","geometry":{"type":"Point","coordinates":[-80.17849268187798,40.62442517508252]},"properties":{"tract_id":"42007603803","population":2955,"density_per_sqkm":61.22673089405133,"lng":-80.17849268187798,"lat":40.62442517508252}},{"type":"Feature","geometry":{"type":"Point","coordinates":[-80.03980066433554,40.46756687413717]},"properties":{"tract_id":"42003980900","population":55,"density_per_sqkm":10.962579618026215,"lng":-80.03980066433554,"lat":40.46756687413717}},{"type":"Feature","geometry":{"type":"Point","coordinates":[-80.02743976280887,40.454266647454716]},"properties":{"tract_id":"42003980600","population":12,"density_per_sqkm":3.2232227110562146,"lng":-80.02743976280887,"lat":40.454266647454716}},{"type":"Feature","geometry":{"type":"Point","coordinates":[-79.95666893078463,40.44470271863253]},"properties":{"tract_id":"42003982200","population":5498,"density_per_sqkm":5008.981779867304,"lng":-79.95666893078463,"lat":40.44470271863253}},{"type":"Feature","geometry":{"type":"Point","coordinates":[-80.01194083534166,40.43700095293572]},"properties":{"tract_id":"42003980700","population":47,"density_per_sqkm":9.253801313698682,"lng":-80.01194083534166,"lat":40.43700095293572}},{"type":"Feature","geometry":{"type":"Point","coordinates":[-80.00978381967693,40.45196067760447]},"properties":{"tract_id":"42003562700","population":1867,"density_per_sqkm":1349.2213876501733,"lng":-80.00978381967693,"lat":40.45196067760447}},{"type":"Feature","geometry":{"type":"Point","coordinates":[-80.11993607176757,40.52285705980914]},"properties":{"tract_id":"42003563800","population":3813,"density_per_sqkm":96.96795190321568,"lng":-80.11993607176757,"lat":40.52285705980914}},{"type":"Feature","geometry":{"type":"Point","coordinates":[-80.14898332006909,40.552197854867316]},"properties":{"tract_id":"42003563300","population":1459,"density_per_sqkm":41.151769387395,"lng":-80.14898332006909,"lat":40.552197854867316}},{"type":"Feature","geometry":{"type":"Point","coordinates":[-80.23297519084169,40.51952925953542]},"properties":{"tract_id":"42003451105","population":5697,"density_per_sqkm":283.5724687678621,"lng":-80.23297519084169,"lat":40.51952925953542}},{"type":"Feature","geometry":{"type":"Point","coordinates":[-80.23090960537017,40.419065098491735]},"properties":{"tract_id":"42003564000","population":7292,"density_per_sqkm":81.2801676343127,"lng":-80.23090960537017,"lat":40.419065098491735}},{"type":"Feature","geometry":{"type":"Point","coordinates":[-80.18686148528413,40.42690192894668]},"properties":{"tract_id":"42003453003","population":1930,"density_per_sqkm":58.94989470155275,"lng":-80.18686148528413,"lat":40.42690192894668}},{"type":"Feature","geometry":{"type":"Point","coordinates":[-80.08093500000999,40.5064991276677]},"properties":{"tract_id":"42003434000","population":1878,"density_per_sqkm":988.3347423949903,"lng":-80.08093500000999,"lat":40.5064991276677}},{"type":"Feature","geometry":{"type":"Point","coordinates":[-80.09437870712455,40.51222843573321]},"properties":{"tract_id":"42003435000","population":2524,"density_per_sqkm":902.7667119689119,"lng":-80.09437870712455,"lat":40.51222843573321}},{"type":"Feature","geometry":{"type":"Point","coordinates":[-79.80792670429219,40.38287379568261]},"properties":{"tract_id":"42003507000","population":2074,"density_per_sqkm":829.370565254651,"lng":-79.80792670429219,"lat":40.38287379568261}},{"type":"Feature","geometry":{"type":"Point","coordinates":[-80.10304245009436,40.26330458756199]},"properties":{"tract_id":"42125746301","population":5450,"density_per_sqkm":267.4985229518705,"lng":-80.10304245009436,"lat":40.26330458756199}},{"type":"Feature","geometry":{"type":"Point","coordinates":[-80.05208888372916,40.25865491771436]},"properties":{"tract_id":"42125746302","population":6773,"density_per_sqkm":198.94370458833242,"lng":-80.05208888372916,"lat":40.25865491771436}},{"type":"Feature","geometry":{"type":"Point","coordinates":[-79.99871344873647,40.344737303401644]},"properties":{"tract_id":"42003480102","population":3110,"density_per_sqkm":734.0509600426029,"lng":-79.99871344873647,"lat":40.344737303401644}},{"type":"Feature","geometry":{"type":"Point","coordinates":[-79.98655510988638,40.411724884636804]},"properties":{"tract_id":"42003481000","population":3357,"density_per_sqkm":2538.0836981042057,"lng":-79.98655510988638,"lat":40.411724884636804}},{"type":"Feature","geometry":{"type":"Point","coordinates":[-79.94910997102346,40.472561507258725]},"properties":{"tract_id":"42003981000","population":0,"density_per_sqkm":0,"lng":-79.94910997102346,"lat":40.472561507258725}},{"type":"Feature","geometry":{"type":"Point","coordinates":[-79.96600753738443,40.33163959811078]},"properties":{"tract_id":"42003489002","population":3620,"density_per_sqkm":541.5989059651229,"lng":-79.96600753738443,"lat":40.33163959811078}},{"type":"Feature","geometry":{"type":"Point","coordinates":[-80.10594071125719,40.483854630291816]},"properties":{"tract_id":"42003460001","population":4883,"density_per_sqkm":410.4523176050627,"lng":-80.10594071125719,"lat":40.483854630291816}},{"type":"Feature","geometry":{"type":"Point","coordinates":[-80.21027074729172,40.24860020328979]},"properties":{"tract_id":"42125743700","population":1204,"density_per_sqkm":498.0565429913734,"lng":-80.21027074729172,"lat":40.24860020328979}},{"type":"Feature","geometry":{"type":"Point","coordinates":[-79.98537006723186,40.34208439075487]},"properties":{"tract_id":"42003480101","population":5599,"density_per_sqkm":966.298755897576,"lng":-79.98537006723186,"lat":40.34208439075487}}]}