{
  "type": "FeatureCollection",
  "features": [
    {
      "type": "Feature",
      "geometry": {
        "type": "Point",
        "coordinates": [
          -117.902348,
          33.970025
        ]
      },
      "properties": {
        "tract_id": "06037408722",
        "population": 4385,
        "density_per_sqkm": 2083
      }
    },
    {
      "type": "Feature",
      "geometry": {
        "type": "Point",
        "coordinates": [
          -118.345143,
          34.151978
        ]
      },
      "properties": {
        "tract_id": "06037311602",
        "population": 5254,
        "density_per_sqkm": 4758
      }
    },
    {
      "type": "Feature",
      "geometry": {
        "type": "Point",
        "coordinates": [
          -118.48862,
          34.176678
        ]
      },
      "properties": {
        "tract_id": "06037980024",
        "population": 226,
        "density_per_sqkm": 28
      }
    },
    {
      "type": "Feature",
      "geometry": {
        "type": "Point",
        "coordinates": [
          -118.013008,
          34.148479
        ]
      },
      "properties": {
        "tract_id": "06037431003",
        "population": 3831,
        "density_per_sqkm": 4486
      }
    },
    {
      "type": "Feature",
      "geometry": {
        "type": "Point",
        "coordinates": [
          -118.362637,
          34.150135
        ]
      },
      "properties": {
        "tract_id": "06037143102",
        "population": 2294,
        "density_per_sqkm": 5864
      }
    },
    {
      "type": "Feature",
      "geometry": {
        "type": "Point",
        "coordinates": [
          -118.165783,
          33.971835
        ]
      },
      "properties": {
        "tract_id": "06037534101",
        "population": 2100,
        "density_per_sqkm": 4093
      }
    },
    {
      "type": "Feature",
      "geometry": {
        "type": "Point",
        "coordinates": [
          -118.331854,
          33.862807
        ]
      },
      "properties": {
        "tract_id": "06037650200",
        "population": 5831,
        "density_per_sqkm": 2405
      }
    },
    {
      "type": "Feature",
      "geometry": {
        "type": "Point",
        "coordinates": [
          -118.17391,
          33.959168
        ]
      },
      "properties": {
        "tract_id": "06037534302",
        "population": 3662,
        "density_per_sqkm": 7146
      }
    },
    {
      "type": "Feature",
      "geometry": {
        "type": "Point",
        "coordinates": [
          -118.154787,
          33.95746
        ]
      },
      "properties": {
        "tract_id": "06037534203",
        "population": 3088,
        "density_per_sqkm": 4100
      }
    },
    {
      "type": "Feature",
      "geometry": {
        "type": "Point",
        "coordinates": [
          -118.190622,
          33.966254
        ]
      },
      "properties": {
        "tract_id": "06037534404",
        "population": 3555,
        "density_per_sqkm": 8606
      }
    },
    {
      "type": "Feature",
      "geometry": {
        "type": "Point",
        "coordinates": [
          -118.16111,
          33.959603
        ]
      },
      "properties": {
        "tract_id": "06037534202",
        "population": 5373,
        "density_per_sqkm": 9215
      }
    },
    {
      "type": "Feature",
      "geometry": {
        "type": "Point",
        "coordinates": [
          -118.568583,
          34.265297
        ]
      },
      "properties": {
        "tract_id": "06037113102",
        "population": 2971,
        "density_per_sqkm": 813
      }
    },
    {
      "type": "Feature",
      "geometry": {
        "type": "Point",
        "coordinates": [
          -118.541322,
          34.225301
        ]
      },
      "properties": {
        "tract_id": "06037115404",
        "population": 2956,
        "density_per_sqkm": 3123
      }
    },
    {
      "type": "Feature",
      "geometry": {
        "type": "Point",
        "coordinates": [
          -117.961767,
          34.138469
        ]
      },
      "properties": {
        "tract_id": "06037430004",
        "population": 3692,
        "density_per_sqkm": 3295
      }
    },
    {
      "type": "Feature",
      "geometry": {
        "type": "Point",
        "coordinates": [
          -118.622278,
          34.459567
        ]
      },
      "properties": {
        "tract_id": "06037920118",
        "population": 5931,
        "density_per_sqkm": 2082
      }
    },
    {
      "type": "Feature",
      "geometry": {
        "type": "Point",
        "coordinates": [
          -118.177454,
          33.83193
        ]
      },
      "properties": {
        "tract_id": "06037571900",
        "population": 5769,
        "density_per_sqkm": 2981
      }
    },
    {
      "type": "Feature",
      "geometry": {
        "type": "Point",
        "coordinates": [
          -118.249194,
          34.135129
        ]
      },
      "properties": {
        "tract_id": "06037302504",
        "population": 3927,
        "density_per_sqkm": 10411
      }
    },
    {
      "type": "Feature",
      "geometry": {
        "type": "Point",
        "coordinates": [
          -118.449367,
          34.223963
        ]
      },
      "properties": {
        "tract_id": "06037120104",
        "population": 2327,
        "density_per_sqkm": 5127
      }
    },
    {
      "type": "Feature",
      "geometry": {
        "type": "Point",
        "coordinates": [
          -118.456551,
          34.226393
        ]
      },
      "properties": {
        "tract_id": "06037120107",
        "population": 3760,
        "density_per_sqkm": 18573
      }
    },
    {
      "type": "Feature",
      "geometry": {
        "type": "Point",
        "coordinates": [
          -118.456148,
          34.231643
        ]
      },
      "properties": {
        "tract_id": "06037120108",
        "population": 5263,
        "density_per_sqkm": 13970
      }
    },
    {
      "type": "Feature",
      "geometry": {
        "type": "Point",
        "coordinates": [
          -118.243008,
          34.154761
        ]
      },
      "properties": {
        "tract_id": "06037301902",
        "population": 3140,
        "density_per_sqkm": 4949
      }
    },
    {
      "type": "Feature",
      "geometry": {
        "type": "Point",
        "coordinates": [
          -118.387814,
          34.155985
        ]
      },
      "properties": {
        "tract_id": "06037143301",
        "population": 3236,
        "density_per_sqkm": 5576
      }
    },
    {
      "type": "Feature",
      "geometry": {
        "type": "Point",
        "coordinates": [
          -118.18293,
          33.966033
        ]
      },
      "properties": {
        "tract_id": "06037534405",
        "population": 4059,
        "density_per_sqkm": 7655
      }
    },
    {
      "type": "Feature",
      "geometry": {
        "type": "Point",
        "coordinates": [
          -117.782782,
          34.06704
        ]
      },
      "properties": {
        "tract_id": "06037402406",
        "population": 4739,
        "density_per_sqkm": 4059
      }
    },
    {
      "type": "Feature",
      "geometry": {
        "type": "Point",
        "coordinates": [
          -118.174679,
          33.822919
        ]
      },
      "properties": {
        "tract_id": "06037572001",
        "population": 5434,
        "density_per_sqkm": 3204
      }
    },
    {
      "type": "Feature",
      "geometry": {
        "type": "Point",
        "coordinates": [
          -118.316617,
          33.803863
        ]
      },
      "properties": {
        "tract_id": "06037670001",
        "population": 3417,
        "density_per_sqkm": 3638
      }
    },
    {
      "type": "Feature",
      "geometry": {
        "type": "Point",
        "coordinates": [
          -118.313236,
          33.794496
        ]
      },
      "properties": {
        "tract_id": "06037670002",
        "population": 3906,
        "density_per_sqkm": 4506
      }
    },
    {
      "type": "Feature",
      "geometry": {
        "type": "Point",
        "coordinates": [
          -118.478874,
          34.242909
        ]
      },
      "properties": {
        "tract_id": "06037117202",
        "population": 2711,
        "density_per_sqkm": 1495
      }
    },
    {
      "type": "Feature",
      "geometry": {
        "type": "Point",
        "coordinates": [
          -118.418092,
          34.232311
        ]
      },
      "properties": {
        "tract_id": "06037119001",
        "population": 4024,
        "density_per_sqkm": 3958
      }
    },
    {
      "type": "Feature",
      "geometry": {
        "type": "Point",
        "coordinates": [
          -118.442555,
          34.255428
        ]
      },
      "properties": {
        "tract_id": "06037119202",
        "population": 4394,
        "density_per_sqkm": 4581
      }
    },
    {
      "type": "Feature",
      "geometry": {
        "type": "Point",
        "coordinates": [
          -118.392877,
          34.211487
        ]
      },
      "properties": {
        "tract_id": "06037121801",
        "population": 3854,
        "density_per_sqkm": 7935
      }
    },
    {
      "type": "Feature",
      "geometry": {
        "type": "Point",
        "coordinates": [
          -118.391364,
          34.219214
        ]
      },
      "properties": {
        "tract_id": "06037121802",
        "population": 3192,
        "density_per_sqkm": 3358
      }
    },
    {
      "type": "Feature",
      "geometry": {
        "type": "Point",
        "coordinates": [
          -118.393798,
          34.185454
        ]
      },
      "properties": {
        "tract_id": "06037123901",
        "population": 4621,
        "density_per_sqkm": 3579
      }
    },
    {
      "type": "Feature",
      "geometry": {
        "type": "Point",
        "coordinates": [
          -118.240415,
          34.12235
        ]
      },
      "properties": {
        "tract_id": "06037186301",
        "population": 2679,
        "density_per_sqkm": 2308
      }
    },
    {
      "type": "Feature",
      "geometry": {
        "type": "Point",
        "coordinates": [
          -118.174745,
          34.029408
        ]
      },
      "properties": {
        "tract_id": "06037531503",
        "population": 2985,
        "density_per_sqkm": 2567
      }
    },
    {
      "type": "Feature",
      "geometry": {
        "type": "Point",
        "coordinates": [
          -118.167394,
          34.028218
        ]
      },
      "properties": {
        "tract_id": "06037531504",
        "population": 4033,
        "density_per_sqkm": 8030
      }
    },
    {
      "type": "Feature",
      "geometry": {
        "type": "Point",
        "coordinates": [
          -118.064851,
          33.912642
        ]
      },
      "properties": {
        "tract_id": "06037552301",
        "population": 4471,
        "density_per_sqkm": 3579
      }
    },
    {
      "type": "Feature",
      "geometry": {
        "type": "Point",
        "coordinates": [
          -118.453411,
          34.067274
        ]
      },
      "properties": {
        "tract_id": "06037265303",
        "population": 4012,
        "density_per_sqkm": 27108
      }
    },
    {
      "type": "Feature",
      "geometry": {
        "type": "Point",
        "coordinates": [
          -118.451161,
          34.067755
        ]
      },
      "properties": {
        "tract_id": "06037265304",
        "population": 3855,
        "density_per_sqkm": 29431
      }
    },
    {
      "type": "Feature",
      "geometry": {
        "type": "Point",
        "coordinates": [
          -118.292606,
          33.814973
        ]
      },
      "properties": {
        "tract_id": "06037543605",
        "population": 4609,
        "density_per_sqkm": 4819
      }
    },
    {
      "type": "Feature",
      "geometry": {
        "type": "Point",
        "coordinates": [
          -118.463245,
          34.065602
        ]
      },
      "properties": {
        "tract_id": "06037265410",
        "population": 1592,
        "density_per_sqkm": 2241
      }
    },
    {
      "type": "Feature",
      "geometry": {
        "type": "Point",
        "coordinates": [
          -118.216755,
          33.794527
        ]
      },
      "properties": {
        "tract_id": "06037578000",
        "population": 7189,
        "density_per_sqkm": 4056
      }
    },
    {
      "type": "Feature",
      "geometry": {
        "type": "Point",
        "coordinates": [
          -118.271805,
          33.812271
        ]
      },
      "properties": {
        "tract_id": "06037543704",
        "population": 3284,
        "density_per_sqkm": 4907
      }
    },
    {
      "type": "Feature",
      "geometry": {
        "type": "Point",
        "coordinates": [
          -118.04988,
          33.899151
        ]
      },
      "properties": {
        "tract_id": "06037552400",
        "population": 2518,
        "density_per_sqkm": 2701
      }
    },
    {
      "type": "Feature",
      "geometry": {
        "type": "Point",
        "coordinates": [
          -118.06394,
          33.891231
        ]
      },
      "properties": {
        "tract_id": "06037552602",
        "population": 4132,
        "density_per_sqkm": 3006
      }
    },
    {
      "type": "Feature",
      "geometry": {
        "type": "Point",
        "coordinates": [
          -118.28566,
          34.02093
        ]
      },
      "properties": {
        "tract_id": "06037222700",
        "population": 4704,
        "density_per_sqkm": 5723
      }
    },
    {
      "type": "Feature",
      "geometry": {
        "type": "Point",
        "coordinates": [
          -118.190801,
          33.900921
        ]
      },
      "properties": {
        "tract_id": "06037542104",
        "population": 3475,
        "density_per_sqkm": 5985
      }
    },
    {
      "type": "Feature",
      "geometry": {
        "type": "Point",
        "coordinates": [
          -118.095178,
          33.912366
        ]
      },
      "properties": {
        "tract_id": "06037552001",
        "population": 4041,
        "density_per_sqkm": 5034
      }
    },
    {
      "type": "Feature",
      "geometry": {
        "type": "Point",
        "coordinates": [
          -118.086485,
          33.913199
        ]
      },
      "properties": {
        "tract_id": "06037552002",
        "population": 3419,
        "density_per_sqkm": 4840
      }
    },
    {
      "type": "Feature",
      "geometry": {
        "type": "Point",
        "coordinates": [
          -118.172424,
          34.625942
        ]
      },
      "properties": {
        "tract_id": "06037910212",
        "population": 3403,
        "density_per_sqkm": 240
      }
    },
    {
      "type": "Feature",
      "geometry": {
        "type": "Point",
        "coordinates": [
          -117.901417,
          34.034544
        ]
      },
      "properties": {
        "tract_id": "06037408006",
        "population": 3750,
        "density_per_sqkm": 1128
      }
    },
    {
      "type": "Feature",
      "geometry": {
        "type": "Point",
        "coordinates": [
          -118.272731,
          33.856129
        ]
      },
      "properties": {
        "tract_id": "06037543400",
        "population": 4132,
        "density_per_sqkm": 1412
      }
    },
    {
      "type": "Feature",
      "geometry": {
        "type": "Point",
        "coordinates": [
          -118.283338,
          33.840066
        ]
      },
      "properties": {
        "tract_id": "06037543501",
        "population": 7053,
        "density_per_sqkm": 2651
      }
    },
    {
      "type": "Feature",
      "geometry": {
        "type": "Point",
        "coordinates": [
          -118.125186,
          33.947716
        ]
      },
      "properties": {
        "tract_id": "06037550902",
        "population": 5675,
        "density_per_sqkm": 5865
      }
    },
    {
      "type": "Feature",
      "geometry": {
        "type": "Point",
        "coordinates": [
          -118.126227,
          33.921821
        ]
      },
      "properties": {
        "tract_id": "06037551101",
        "population": 3966,
        "density_per_sqkm": 2352
      }
    },
    {
      "type": "Feature",
      "geometry": {
        "type": "Point",
        "coordinates": [
          -118.117579,
          33.926742
        ]
      },
      "properties": {
        "tract_id": "06037551102",
        "population": 5451,
        "density_per_sqkm": 3321
      }
    },
    {
      "type": "Feature",
      "geometry": {
        "type": "Point",
        "coordinates": [
          -118.152745,
          33.927069
        ]
      },
      "properties": {
        "tract_id": "06037551502",
        "population": 4255,
        "density_per_sqkm": 3864
      }
    },
    {
      "type": "Feature",
      "geometry": {
        "type": "Point",
        "coordinates": [
          -118.374219,
          34.156586
        ]
      },
      "properties": {
        "tract_id": "06037125402",
        "population": 4076,
        "density_per_sqkm": 5561
      }
    },
    {
      "type": "Feature",
      "geometry": {
        "type": "Point",
        "coordinates": [
          -118.131602,
          34.096168
        ]
      },
      "properties": {
        "tract_id": "06037480304",
        "population": 4263,
        "density_per_sqkm": 9763
      }
    },
    {
      "type": "Feature",
      "geometry": {
        "type": "Point",
        "coordinates": [
          -118.240824,
          33.977399
        ]
      },
      "properties": {
        "tract_id": "06037533002",
        "population": 2370,
        "density_per_sqkm": 8236
      }
    },
    {
      "type": "Feature",
      "geometry": {
        "type": "Point",
        "coordinates": [
          -118.185047,
          33.94275
        ]
      },
      "properties": {
        "tract_id": "06037536103",
        "population": 5438,
        "density_per_sqkm": 4607
      }
    },
    {
      "type": "Feature",
      "geometry": {
        "type": "Point",
        "coordinates": [
          -118.25696,
          33.852548
        ]
      },
      "properties": {
        "tract_id": "06037543322",
        "population": 6844,
        "density_per_sqkm": 3485
      }
    },
    {
      "type": "Feature",
      "geometry": {
        "type": "Point",
        "coordinates": [
          -118.322783,
          33.796456
        ]
      },
      "properties": {
        "tract_id": "06037670003",
        "population": 6163,
        "density_per_sqkm": 4119
      }
    },
    {
      "type": "Feature",
      "geometry": {
        "type": "Point",
        "coordinates": [
          -118.155765,
          34.596317
        ]
      },
      "properties": {
        "tract_id": "06037910215",
        "population": 7110,
        "density_per_sqkm": 2214
      }
    },
    {
      "type": "Feature",
      "geometry": {
        "type": "Point",
        "coordinates": [
          -118.214971,
          33.786514
        ]
      },
      "properties": {
        "tract_id": "06037980011",
        "population": 140,
        "density_per_sqkm": 106
      }
    },
    {
      "type": "Feature",
      "geometry": {
        "type": "Point",
        "coordinates": [
          -118.267455,
          33.814907
        ]
      },
      "properties": {
        "tract_id": "06037543705",
        "population": 3624,
        "density_per_sqkm": 5608
      }
    },
    {
      "type": "Feature",
      "geometry": {
        "type": "Point",
        "coordinates": [
          -118.327633,
          33.992208
        ]
      },
      "properties": {
        "tract_id": "06037234600",
        "population": 5106,
        "density_per_sqkm": 3918
      }
    },
    {
      "type": "Feature",
      "geometry": {
        "type": "Point",
        "coordinates": [
          -118.327685,
          33.987221
        ]
      },
      "properties": {
        "tract_id": "06037234700",
        "population": 4209,
        "density_per_sqkm": 5672
      }
    },
    {
      "type": "Feature",
      "geometry": {
        "type": "Point",
        "coordinates": [
          -118.346324,
          33.985242
        ]
      },
      "properties": {
        "tract_id": "06037235100",
        "population": 4690,
        "density_per_sqkm": 3970
      }
    },
    {
      "type": "Feature",
      "geometry": {
        "type": "Point",
        "coordinates": [
          -118.18893,
          33.892656
        ]
      },
      "properties": {
        "tract_id": "06037542106",
        "population": 3532,
        "density_per_sqkm": 4233
      }
    },
    {
      "type": "Feature",
      "geometry": {
        "type": "Point",
        "coordinates": [
          -118.342743,
          34.037184
        ]
      },
      "properties": {
        "tract_id": "06037218600",
        "population": 2820,
        "density_per_sqkm": 6549
      }
    },
    {
      "type": "Feature",
      "geometry": {
        "type": "Point",
        "coordinates": [
          -118.323017,
          34.032694
        ]
      },
      "properties": {
        "tract_id": "06037218900",
        "population": 5329,
        "density_per_sqkm": 7576
      }
    },
    {
      "type": "Feature",
      "geometry": {
        "type": "Point",
        "coordinates": [
          -118.526311,
          34.16284
        ]
      },
      "properties": {
        "tract_id": "06037139502",
        "population": 3118,
        "density_per_sqkm": 2976
      }
    },
    {
      "type": "Feature",
      "geometry": {
        "type": "Point",
        "coordinates": [
          -118.545583,
          34.152717
        ]
      },
      "properties": {
        "tract_id": "06037139801",
        "population": 3523,
        "density_per_sqkm": 961
      }
    },
    {
      "type": "Feature",
      "geometry": {
        "type": "Point",
        "coordinates": [
          -118.5101,
          34.16406
        ]
      },
      "properties": {
        "tract_id": "06037139600",
        "population": 5185,
        "density_per_sqkm": 2093
      }
    },
    {
      "type": "Feature",
      "geometry": {
        "type": "Point",
        "coordinates": [
          -118.558127,
          34.178154
        ]
      },
      "properties": {
        "tract_id": "06037139301",
        "population": 4692,
        "density_per_sqkm": 1637
      }
    },
    {
      "type": "Feature",
      "geometry": {
        "type": "Point",
        "coordinates": [
          -118.538365,
          34.176723
        ]
      },
      "properties": {
        "tract_id": "06037139302",
        "population": 4734,
        "density_per_sqkm": 13994
      }
    },
    {
      "type": "Feature",
      "geometry": {
        "type": "Point",
        "coordinates": [
          -118.350569,
          34.037386
        ]
      },
      "properties": {
        "tract_id": "06037218500",
        "population": 2810,
        "density_per_sqkm": 5370
      }
    },
    {
      "type": "Feature",
      "geometry": {
        "type": "Point",
        "coordinates": [
          -118.448922,
          33.987522
        ]
      },
      "properties": {
        "tract_id": "06037274100",
        "population": 4824,
        "density_per_sqkm": 7681
      }
    },
    {
      "type": "Feature",
      "geometry": {
        "type": "Point",
        "coordinates": [
          -118.281525,
          34.056721
        ]
      },
      "properties": {
        "tract_id": "06037209401",
        "population": 4163,
        "density_per_sqkm": 19303
      }
    },
    {
      "type": "Feature",
      "geometry": {
        "type": "Point",
        "coordinates": [
          -118.289296,
          33.9922
        ]
      },
      "properties": {
        "tract_id": "06037232701",
        "population": 2228,
        "density_per_sqkm": 8030
      }
    },
    {
      "type": "Feature",
      "geometry": {
        "type": "Point",
        "coordinates": [
          -118.673239,
          34.444068
        ]
      },
      "properties": {
        "tract_id": "06037920106",
        "population": 3096,
        "density_per_sqkm": 67
      }
    },
    {
      "type": "Feature",
      "geometry": {
        "type": "Point",
        "coordinates": [
          -118.283748,
          33.992436
        ]
      },
      "properties": {
        "tract_id": "06037232702",
        "population": 3932,
        "density_per_sqkm": 8666
      }
    },
    {
      "type": "Feature",
      "geometry": {
        "type": "Point",
        "coordinates": [
          -118.139538,
          33.921796
        ]
      },
      "properties": {
        "tract_id": "06037551203",
        "population": 3737,
        "density_per_sqkm": 5170
      }
    },
    {
      "type": "Feature",
      "geometry": {
        "type": "Point",
        "coordinates": [
          -118.111537,
          33.935141
        ]
      },
      "properties": {
        "tract_id": "06037551001",
        "population": 3920,
        "density_per_sqkm": 2836
      }
    },
    {
      "type": "Feature",
      "geometry": {
        "type": "Point",
        "coordinates": [
          -118.275559,
          33.925582
        ]
      },
      "properties": {
        "tract_id": "06037241400",
        "population": 3612,
        "density_per_sqkm": 6276
      }
    },
    {
      "type": "Feature",
      "geometry": {
        "type": "Point",
        "coordinates": [
          -118.29615,
          33.903548
        ]
      },
      "properties": {
        "tract_id": "06037603007",
        "population": 4080,
        "density_per_sqkm": 6087
      }
    },
    {
      "type": "Feature",
      "geometry": {
        "type": "Point",
        "coordinates": [
          -118.136569,
          34.027234
        ]
      },
      "properties": {
        "tract_id": "06037530202",
        "population": 4056,
        "density_per_sqkm": 2260
      }
    },
    {
      "type": "Feature",
      "geometry": {
        "type": "Point",
        "coordinates": [
          -118.276558,
          34.015248
        ]
      },
      "properties": {
        "tract_id": "06037231100",
        "population": 3148,
        "density_per_sqkm": 3521
      }
    },
    {
      "type": "Feature",
      "geometry": {
        "type": "Point",
        "coordinates": [
          -118.298028,
          34.014528
        ]
      },
      "properties": {
        "tract_id": "06037231210",
        "population": 3793,
        "density_per_sqkm": 11828
      }
    },
    {
      "type": "Feature",
      "geometry": {
        "type": "Point",
        "coordinates": [
          -118.289375,
          34.014564
        ]
      },
      "properties": {
        "tract_id": "06037231220",
        "population": 3942,
        "density_per_sqkm": 4084
      }
    },
    {
      "type": "Feature",
      "geometry": {
        "type": "Point",
        "coordinates": [
          -118.313,
          34.014555
        ]
      },
      "properties": {
        "tract_id": "06037231400",
        "population": 4590,
        "density_per_sqkm": 7391
      }
    },
    {
      "type": "Feature",
      "geometry": {
        "type": "Point",
        "coordinates": [
          -118.289358,
          34.007314
        ]
      },
      "properties": {
        "tract_id": "06037231710",
        "population": 4311,
        "density_per_sqkm": 13314
      }
    },
    {
      "type": "Feature",
      "geometry": {
        "type": "Point",
        "coordinates": [
          -118.378868,
          33.786351
        ]
      },
      "properties": {
        "tract_id": "06037670418",
        "population": 4207,
        "density_per_sqkm": 1665
      }
    },
    {
      "type": "Feature",
      "geometry": {
        "type": "Point",
        "coordinates": [
          -118.308223,
          34.000193
        ]
      },
      "properties": {
        "tract_id": "06037232401",
        "population": 3702,
        "density_per_sqkm": 6498
      }
    },
    {
      "type": "Feature",
      "geometry": {
        "type": "Point",
        "coordinates": [
          -118.32581,
          34.006785
        ]
      },
      "properties": {
        "tract_id": "06037234302",
        "population": 2597,
        "density_per_sqkm": 7090
      }
    },
    {
      "type": "Feature",
      "geometry": {
        "type": "Point",
        "coordinates": [
          -118.339609,
          34.014734
        ]
      },
      "properties": {
        "tract_id": "06037236101",
        "population": 2823,
        "density_per_sqkm": 4462
      }
    },
    {
      "type": "Feature",
      "geometry": {
        "type": "Point",
        "coordinates": [
          -118.452678,
          33.998379
        ]
      },
      "properties": {
        "tract_id": "06037273700",
        "population": 2748,
        "density_per_sqkm": 3981
      }
    },
    {
      "type": "Feature",
      "geometry": {
        "type": "Point",
        "coordinates": [
          -118.451263,
          33.99271
        ]
      },
      "properties": {
        "tract_id": "06037273800",
        "population": 2933,
        "density_per_sqkm": 3955
      }
    },
    {
      "type": "Feature",
      "geometry": {
        "type": "Point",
        "coordinates": [
          -118.195869,
          33.823277
        ]
      },
      "properties": {
        "tract_id": "06037577900",
        "population": 5481,
        "density_per_sqkm": 3183
      }
    },
    {
      "type": "Feature",
      "geometry": {
        "type": "Point",
        "coordinates": [
          -118.149666,
          33.953519
        ]
      },
      "properties": {
        "tract_id": "06037550802",
        "population": 2632,
        "density_per_sqkm": 2063
      }
    },
    {
      "type": "Feature",
      "geometry": {
        "type": "Point",
        "coordinates": [
          -118.276904,
          34.03165
        ]
      },
      "properties": {
        "tract_id": "06037224420",
        "population": 2068,
        "density_per_sqkm": 5766
      }
    },
    {
      "type": "Feature",
      "geometry": {
        "type": "Point",
        "coordinates": [
          -118.295088,
          33.897694
        ]
      },
      "properties": {
        "tract_id": "06037603008",
        "population": 3186,
        "density_per_sqkm": 6805
      }
    },
    {
      "type": "Feature",
      "geometry": {
        "type": "Point",
        "coordinates": [
          -118.272917,
          33.827877
        ]
      },
      "properties": {
        "tract_id": "06037543804",
        "population": 4835,
        "density_per_sqkm": 8055
      }
    },
    {
      "type": "Feature",
      "geometry": {
        "type": "Point",
        "coordinates": [
          -118.456891,
          34.057373
        ]
      },
      "properties": {
        "tract_id": "06037980017",
        "population": 1192,
        "density_per_sqkm": 498
      }
    },
    {
      "type": "Feature",
      "geometry": {
        "type": "Point",
        "coordinates": [
          -118.393788,
          34.043381
        ]
      },
      "properties": {
        "tract_id": "06037269500",
        "population": 4262,
        "density_per_sqkm": 3079
      }
    },
    {
      "type": "Feature",
      "geometry": {
        "type": "Point",
        "coordinates": [
          -118.387153,
          34.036336
        ]
      },
      "properties": {
        "tract_id": "06037269700",
        "population": 4025,
        "density_per_sqkm": 4484
      }
    },
    {
      "type": "Feature",
      "geometry": {
        "type": "Point",
        "coordinates": [
          -118.286136,
          33.972696
        ]
      },
      "properties": {
        "tract_id": "06037237710",
        "population": 3992,
        "density_per_sqkm": 9235
      }
    },
    {
      "type": "Feature",
      "geometry": {
        "type": "Point",
        "coordinates": [
          -118.263103,
          33.978388
        ]
      },
      "properties": {
        "tract_id": "06037239330",
        "population": 2979,
        "density_per_sqkm": 3041
      }
    },
    {
      "type": "Feature",
      "geometry": {
        "type": "Point",
        "coordinates": [
          -118.259392,
          33.947015
        ]
      },
      "properties": {
        "tract_id": "06037240700",
        "population": 6573,
        "density_per_sqkm": 5503
      }
    },
    {
      "type": "Feature",
      "geometry": {
        "type": "Point",
        "coordinates": [
          -118.261093,
          33.939796
        ]
      },
      "properties": {
        "tract_id": "06037240800",
        "population": 4438,
        "density_per_sqkm": 7037
      }
    },
    {
      "type": "Feature",
      "geometry": {
        "type": "Point",
        "coordinates": [
          -118.271698,
          33.936494
        ]
      },
      "properties": {
        "tract_id": "06037241110",
        "population": 3295,
        "density_per_sqkm": 6771
      }
    },
    {
      "type": "Feature",
      "geometry": {
        "type": "Point",
        "coordinates": [
          -118.276836,
          33.936445
        ]
      },
      "properties": {
        "tract_id": "06037241120",
        "population": 4902,
        "density_per_sqkm": 7386
      }
    },
    {
      "type": "Feature",
      "geometry": {
        "type": "Point",
        "coordinates": [
          -118.413931,
          34.040441
        ]
      },
      "properties": {
        "tract_id": "06037269300",
        "population": 4096,
        "density_per_sqkm": 1857
      }
    },
    {
      "type": "Feature",
      "geometry": {
        "type": "Point",
        "coordinates": [
          -118.296491,
          33.715629
        ]
      },
      "properties": {
        "tract_id": "06037297502",
        "population": 2508,
        "density_per_sqkm": 2609
      }
    },
    {
      "type": "Feature",
      "geometry": {
        "type": "Point",
        "coordinates": [
          -118.293188,
          33.821719
        ]
      },
      "properties": {
        "tract_id": "06037543606",
        "population": 3854,
        "density_per_sqkm": 5752
      }
    },
    {
      "type": "Feature",
      "geometry": {
        "type": "Point",
        "coordinates": [
          -118.303558,
          33.823538
        ]
      },
      "properties": {
        "tract_id": "06037293206",
        "population": 3330,
        "density_per_sqkm": 7988
      }
    },
    {
      "type": "Feature",
      "geometry": {
        "type": "Point",
        "coordinates": [
          -118.315944,
          33.825791
        ]
      },
      "properties": {
        "tract_id": "06037650903",
        "population": 4499,
        "density_per_sqkm": 4250
      }
    },
    {
      "type": "Feature",
      "geometry": {
        "type": "Point",
        "coordinates": [
          -118.276718,
          34.040621
        ]
      },
      "properties": {
        "tract_id": "06037224200",
        "population": 2385,
        "density_per_sqkm": 6478
      }
    },
    {
      "type": "Feature",
      "geometry": {
        "type": "Point",
        "coordinates": [
          -118.280854,
          34.041585
        ]
      },
      "properties": {
        "tract_id": "06037224320",
        "population": 2962,
        "density_per_sqkm": 10187
      }
    },
    {
      "type": "Feature",
      "geometry": {
        "type": "Point",
        "coordinates": [
          -118.403825,
          34.042109
        ]
      },
      "properties": {
        "tract_id": "06037269000",
        "population": 5492,
        "density_per_sqkm": 2393
      }
    },
    {
      "type": "Feature",
      "geometry": {
        "type": "Point",
        "coordinates": [
          -118.394825,
          34.05307
        ]
      },
      "properties": {
        "tract_id": "06037269100",
        "population": 4752,
        "density_per_sqkm": 5662
      }
    },
    {
      "type": "Feature",
      "geometry": {
        "type": "Point",
        "coordinates": [
          -118.303511,
          33.708695
        ]
      },
      "properties": {
        "tract_id": "06037297501",
        "population": 2483,
        "density_per_sqkm": 2193
      }
    },
    {
      "type": "Feature",
      "geometry": {
        "type": "Point",
        "coordinates": [
          -118.35659,
          33.891472
        ]
      },
      "properties": {
        "tract_id": "06037603902",
        "population": 3288,
        "density_per_sqkm": 4376
      }
    },
    {
      "type": "Feature",
      "geometry": {
        "type": "Point",
        "coordinates": [
          -117.99597,
          34.043599
        ]
      },
      "properties": {
        "tract_id": "06037408301",
        "population": 6101,
        "density_per_sqkm": 2325
      }
    },
    {
      "type": "Feature",
      "geometry": {
        "type": "Point",
        "coordinates": [
          -118.320867,
          33.787468
        ]
      },
      "properties": {
        "tract_id": "06037670102",
        "population": 4041,
        "density_per_sqkm": 7354
      }
    },
    {
      "type": "Feature",
      "geometry": {
        "type": "Point",
        "coordinates": [
          -118.299346,
          33.851302
        ]
      },
      "properties": {
        "tract_id": "06037292001",
        "population": 4791,
        "density_per_sqkm": 1357
      }
    },
    {
      "type": "Feature",
      "geometry": {
        "type": "Point",
        "coordinates": [
          -118.31387,
          34.059845
        ]
      },
      "properties": {
        "tract_id": "06037212610",
        "population": 4049,
        "density_per_sqkm": 11337
      }
    },
    {
      "type": "Feature",
      "geometry": {
        "type": "Point",
        "coordinates": [
          -118.31306,
          34.056361
        ]
      },
      "properties": {
        "tract_id": "06037212620",
        "population": 4111,
        "density_per_sqkm": 14244
      }
    },
    {
      "type": "Feature",
      "geometry": {
        "type": "Point",
        "coordinates": [
          -118.330598,
          34.051866
        ]
      },
      "properties": {
        "tract_id": "06037212800",
        "population": 4121,
        "density_per_sqkm": 5275
      }
    },
    {
      "type": "Feature",
      "geometry": {
        "type": "Point",
        "coordinates": [
          -118.610257,
          34.174578
        ]
      },
      "properties": {
        "tract_id": "06037137202",
        "population": 3588,
        "density_per_sqkm": 4124
      }
    },
    {
      "type": "Feature",
      "geometry": {
        "type": "Point",
        "coordinates": [
          -118.438327,
          33.955135
        ]
      },
      "properties": {
        "tract_id": "06037276606",
        "population": 3353,
        "density_per_sqkm": 15460
      }
    },
    {
      "type": "Feature",
      "geometry": {
        "type": "Point",
        "coordinates": [
          -118.241581,
          34.040146
        ]
      },
      "properties": {
        "tract_id": "06037206303",
        "population": 2858,
        "density_per_sqkm": 6573
      }
    },
    {
      "type": "Feature",
      "geometry": {
        "type": "Point",
        "coordinates": [
          -118.224386,
          34.045033
        ]
      },
      "properties": {
        "tract_id": "06037206053",
        "population": 3261,
        "density_per_sqkm": 5823
      }
    },
    {
      "type": "Feature",
      "geometry": {
        "type": "Point",
        "coordinates": [
          -118.101916,
          34.16556
        ]
      },
      "properties": {
        "tract_id": "06037462500",
        "population": 6157,
        "density_per_sqkm": 2541
      }
    },
    {
      "type": "Feature",
      "geometry": {
        "type": "Point",
        "coordinates": [
          -118.549003,
          34.184072
        ]
      },
      "properties": {
        "tract_id": "06037133101",
        "population": 2091,
        "density_per_sqkm": 3168
      }
    },
    {
      "type": "Feature",
      "geometry": {
        "type": "Point",
        "coordinates": [
          -118.304692,
          34.183093
        ]
      },
      "properties": {
        "tract_id": "06037310704",
        "population": 4989,
        "density_per_sqkm": 10074
      }
    },
    {
      "type": "Feature",
      "geometry": {
        "type": "Point",
        "coordinates": [
          -118.540269,
          34.185039
        ]
      },
      "properties": {
        "tract_id": "06037133102",
        "population": 3376,
        "density_per_sqkm": 3965
      }
    },
    {
      "type": "Feature",
      "geometry": {
        "type": "Point",
        "coordinates": [
          -118.331714,
          33.90012
        ]
      },
      "properties": {
        "tract_id": "06037603705",
        "population": 2589,
        "density_per_sqkm": 9557
      }
    },
    {
      "type": "Feature",
      "geometry": {
        "type": "Point",
        "coordinates": [
          -118.31526,
          34.072457
        ]
      },
      "properties": {
        "tract_id": "06037211500",
        "population": 4230,
        "density_per_sqkm": 4653
      }
    },
    {
      "type": "Feature",
      "geometry": {
        "type": "Point",
        "coordinates": [
          -118.318453,
          34.06534
        ]
      },
      "properties": {
        "tract_id": "06037211701",
        "population": 2733,
        "density_per_sqkm": 4195
      }
    },
    {
      "type": "Feature",
      "geometry": {
        "type": "Point",
        "coordinates": [
          -118.298504,
          34.067208
        ]
      },
      "properties": {
        "tract_id": "06037211910",
        "population": 4223,
        "density_per_sqkm": 30609
      }
    },
    {
      "type": "Feature",
      "geometry": {
        "type": "Point",
        "coordinates": [
          -118.287932,
          34.056366
        ]
      },
      "properties": {
        "tract_id": "06037212202",
        "population": 3364,
        "density_per_sqkm": 16293
      }
    },
    {
      "type": "Feature",
      "geometry": {
        "type": "Point",
        "coordinates": [
          -118.286532,
          34.059825
        ]
      },
      "properties": {
        "tract_id": "06037212204",
        "population": 3227,
        "density_per_sqkm": 15137
      }
    },
    {
      "type": "Feature",
      "geometry": {
        "type": "Point",
        "coordinates": [
          -118.297914,
          34.059854
        ]
      },
      "properties": {
        "tract_id": "06037212304",
        "population": 1738,
        "density_per_sqkm": 8450
      }
    },
    {
      "type": "Feature",
      "geometry": {
        "type": "Point",
        "coordinates": [
          -118.294073,
          34.056128
        ]
      },
      "properties": {
        "tract_id": "06037212306",
        "population": 2793,
        "density_per_sqkm": 17249
      }
    },
    {
      "type": "Feature",
      "geometry": {
        "type": "Point",
        "coordinates": [
          -118.301978,
          34.056088
        ]
      },
      "properties": {
        "tract_id": "06037212420",
        "population": 2875,
        "density_per_sqkm": 20041
      }
    },
    {
      "type": "Feature",
      "geometry": {
        "type": "Point",
        "coordinates": [
          -118.273679,
          33.919777
        ]
      },
      "properties": {
        "tract_id": "06037540901",
        "population": 5324,
        "density_per_sqkm": 4576
      }
    },
    {
      "type": "Feature",
      "geometry": {
        "type": "Point",
        "coordinates": [
          -118.273755,
          33.90919
        ]
      },
      "properties": {
        "tract_id": "06037540902",
        "population": 4918,
        "density_per_sqkm": 1955
      }
    },
    {
      "type": "Feature",
      "geometry": {
        "type": "Point",
        "coordinates": [
          -118.322149,
          33.905571
        ]
      },
      "properties": {
        "tract_id": "06037602602",
        "population": 3339,
        "density_per_sqkm": 5280
      }
    },
    {
      "type": "Feature",
      "geometry": {
        "type": "Point",
        "coordinates": [
          -118.271802,
          34.022299
        ]
      },
      "properties": {
        "tract_id": "06037224600",
        "population": 3501,
        "density_per_sqkm": 4870
      }
    },
    {
      "type": "Feature",
      "geometry": {
        "type": "Point",
        "coordinates": [
          -118.267182,
          33.830522
        ]
      },
      "properties": {
        "tract_id": "06037543803",
        "population": 5173,
        "density_per_sqkm": 6846
      }
    },
    {
      "type": "Feature",
      "geometry": {
        "type": "Point",
        "coordinates": [
          -118.33281,
          33.827362
        ]
      },
      "properties": {
        "tract_id": "06037650801",
        "population": 4126,
        "density_per_sqkm": 5570
      }
    },
    {
      "type": "Feature",
      "geometry": {
        "type": "Point",
        "coordinates": [
          -118.382639,
          33.861756
        ]
      },
      "properties": {
        "tract_id": "06037620703",
        "population": 3666,
        "density_per_sqkm": 6349
      }
    },
    {
      "type": "Feature",
      "geometry": {
        "type": "Point",
        "coordinates": [
          -118.376482,
          33.862202
        ]
      },
      "properties": {
        "tract_id": "06037620704",
        "population": 3727,
        "density_per_sqkm": 4986
      }
    },
    {
      "type": "Feature",
      "geometry": {
        "type": "Point",
        "coordinates": [
          -118.148268,
          34.048837
        ]
      },
      "properties": {
        "tract_id": "06037482002",
        "population": 7194,
        "density_per_sqkm": 2891
      }
    },
    {
      "type": "Feature",
      "geometry": {
        "type": "Point",
        "coordinates": [
          -118.454229,
          34.042486
        ]
      },
      "properties": {
        "tract_id": "06037267503",
        "population": 2112,
        "density_per_sqkm": 10691
      }
    },
    {
      "type": "Feature",
      "geometry": {
        "type": "Point",
        "coordinates": [
          -118.304637,
          34.034846
        ]
      },
      "properties": {
        "tract_id": "06037221500",
        "population": 3864,
        "density_per_sqkm": 10149
      }
    },
    {
      "type": "Feature",
      "geometry": {
        "type": "Point",
        "coordinates": [
          -118.287632,
          34.034698
        ]
      },
      "properties": {
        "tract_id": "06037221710",
        "population": 2596,
        "density_per_sqkm": 7915
      }
    },
    {
      "type": "Feature",
      "geometry": {
        "type": "Point",
        "coordinates": [
          -118.289558,
          34.026767
        ]
      },
      "properties": {
        "tract_id": "06037221900",
        "population": 4917,
        "density_per_sqkm": 11992
      }
    },
    {
      "type": "Feature",
      "geometry": {
        "type": "Point",
        "coordinates": [
          -118.302378,
          34.027317
        ]
      },
      "properties": {
        "tract_id": "06037222100",
        "population": 3712,
        "density_per_sqkm": 7751
      }
    },
    {
      "type": "Feature",
      "geometry": {
        "type": "Point",
        "coordinates": [
          -118.302416,
          34.030917
        ]
      },
      "properties": {
        "tract_id": "06037222200",
        "population": 3878,
        "density_per_sqkm": 8048
      }
    },
    {
      "type": "Feature",
      "geometry": {
        "type": "Point",
        "coordinates": [
          -118.304551,
          34.02185
        ]
      },
      "properties": {
        "tract_id": "06037222500",
        "population": 4702,
        "density_per_sqkm": 7207
      }
    },
    {
      "type": "Feature",
      "geometry": {
        "type": "Point",
        "coordinates": [
          -117.983196,
          33.985447
        ]
      },
      "properties": {
        "tract_id": "06037408503",
        "population": 6329,
        "density_per_sqkm": 1506
      }
    },
    {
      "type": "Feature",
      "geometry": {
        "type": "Point",
        "coordinates": [
          -118.298184,
          33.997423
        ]
      },
      "properties": {
        "tract_id": "06037232300",
        "population": 4376,
        "density_per_sqkm": 6960
      }
    },
    {
      "type": "Feature",
      "geometry": {
        "type": "Point",
        "coordinates": [
          -118.310817,
          33.992083
        ]
      },
      "properties": {
        "tract_id": "06037232500",
        "population": 5066,
        "density_per_sqkm": 6599
      }
    },
    {
      "type": "Feature",
      "geometry": {
        "type": "Point",
        "coordinates": [
          -118.265898,
          34.036764
        ]
      },
      "properties": {
        "tract_id": "06037224010",
        "population": 3621,
        "density_per_sqkm": 4361
      }
    },
    {
      "type": "Feature",
      "geometry": {
        "type": "Point",
        "coordinates": [
          -118.268657,
          34.030483
        ]
      },
      "properties": {
        "tract_id": "06037224020",
        "population": 3231,
        "density_per_sqkm": 2622
      }
    },
    {
      "type": "Feature",
      "geometry": {
        "type": "Point",
        "coordinates": [
          -118.428849,
          34.073715
        ]
      },
      "properties": {
        "tract_id": "06037265100",
        "population": 2835,
        "density_per_sqkm": 1200
      }
    },
    {
      "type": "Feature",
      "geometry": {
        "type": "Point",
        "coordinates": [
          -118.445434,
          34.071069
        ]
      },
      "properties": {
        "tract_id": "06037265301",
        "population": 13527,
        "density_per_sqkm": 8477
      }
    },
    {
      "type": "Feature",
      "geometry": {
        "type": "Point",
        "coordinates": [
          -118.287903,
          34.053707
        ]
      },
      "properties": {
        "tract_id": "06037213401",
        "population": 4806,
        "density_per_sqkm": 24508
      }
    },
    {
      "type": "Feature",
      "geometry": {
        "type": "Point",
        "coordinates": [
          -118.321515,
          34.049454
        ]
      },
      "properties": {
        "tract_id": "06037212900",
        "population": 3721,
        "density_per_sqkm": 9959
      }
    },
    {
      "type": "Feature",
      "geometry": {
        "type": "Point",
        "coordinates": [
          -118.312693,
          34.050636
        ]
      },
      "properties": {
        "tract_id": "06037213100",
        "population": 2507,
        "density_per_sqkm": 4668
      }
    },
    {
      "type": "Feature",
      "geometry": {
        "type": "Point",
        "coordinates": [
          -118.200475,
          33.800201
        ]
      },
      "properties": {
        "tract_id": "06037573102",
        "population": 3245,
        "density_per_sqkm": 5289
      }
    },
    {
      "type": "Feature",
      "geometry": {
        "type": "Point",
        "coordinates": [
          -118.460537,
          34.183864
        ]
      },
      "properties": {
        "tract_id": "06037128302",
        "population": 4654,
        "density_per_sqkm": 6756
      }
    },
    {
      "type": "Feature",
      "geometry": {
        "type": "Point",
        "coordinates": [
          -118.601702,
          34.211915
        ]
      },
      "properties": {
        "tract_id": "06037134306",
        "population": 3553,
        "density_per_sqkm": 5732
      }
    },
    {
      "type": "Feature",
      "geometry": {
        "type": "Point",
        "coordinates": [
          -118.45361,
          34.238917
        ]
      },
      "properties": {
        "tract_id": "06037119320",
        "population": 4793,
        "density_per_sqkm": 9853
      }
    },
    {
      "type": "Feature",
      "geometry": {
        "type": "Point",
        "coordinates": [
          -118.602557,
          34.360238
        ]
      },
      "properties": {
        "tract_id": "06037920326",
        "population": 7212,
        "density_per_sqkm": 98
      }
    },
    {
      "type": "Feature",
      "geometry": {
        "type": "Point",
        "coordinates": [
          -118.26582,
          33.786832
        ]
      },
      "properties": {
        "tract_id": "06037294520",
        "population": 3459,
        "density_per_sqkm": 7146
      }
    },
    {
      "type": "Feature",
      "geometry": {
        "type": "Point",
        "coordinates": [
          -118.185019,
          33.793486
        ]
      },
      "properties": {
        "tract_id": "06037573202",
        "population": 6250,
        "density_per_sqkm": 9630
      }
    },
    {
      "type": "Feature",
      "geometry": {
        "type": "Point",
        "coordinates": [
          -118.469048,
          33.164293
        ]
      },
      "properties": {
        "tract_id": "06037599100",
        "population": 553,
        "density_per_sqkm": 2
      }
    },
    {
      "type": "Feature",
      "geometry": {
        "type": "Point",
        "coordinates": [
          -118.086229,
          34.178445
        ]
      },
      "properties": {
        "tract_id": "06037460001",
        "population": 1609,
        "density_per_sqkm": 310
      }
    },
    {
      "type": "Feature",
      "geometry": {
        "type": "Point",
        "coordinates": [
          -118.038273,
          33.879931
        ]
      },
      "properties": {
        "tract_id": "06037554511",
        "population": 4013,
        "density_per_sqkm": 1721
      }
    },
    {
      "type": "Feature",
      "geometry": {
        "type": "Point",
        "coordinates": [
          -118.226118,
          33.892522
        ]
      },
      "properties": {
        "tract_id": "06037542502",
        "population": 4310,
        "density_per_sqkm": 4374
      }
    },
    {
      "type": "Feature",
      "geometry": {
        "type": "Point",
        "coordinates": [
          -117.891149,
          34.090291
        ]
      },
      "properties": {
        "tract_id": "06037406101",
        "population": 3583,
        "density_per_sqkm": 2581
      }
    },
    {
      "type": "Feature",
      "geometry": {
        "type": "Point",
        "coordinates": [
          -117.921125,
          34.093766
        ]
      },
      "properties": {
        "tract_id": "06037405701",
        "population": 3818,
        "density_per_sqkm": 3657
      }
    },
    {
      "type": "Feature",
      "geometry": {
        "type": "Point",
        "coordinates": [
          -117.931896,
          34.054281
        ]
      },
      "properties": {
        "tract_id": "06037406602",
        "population": 4978,
        "density_per_sqkm": 3130
      }
    },
    {
      "type": "Feature",
      "geometry": {
        "type": "Point",
        "coordinates": [
          -118.176795,
          33.786487
        ]
      },
      "properties": {
        "tract_id": "06037575201",
        "population": 4664,
        "density_per_sqkm": 8232
      }
    },
    {
      "type": "Feature",
      "geometry": {
        "type": "Point",
        "coordinates": [
          -118.199672,
          33.786273
        ]
      },
      "properties": {
        "tract_id": "06037575401",
        "population": 4530,
        "density_per_sqkm": 5515
      }
    },
    {
      "type": "Feature",
      "geometry": {
        "type": "Point",
        "coordinates": [
          -118.191544,
          33.786226
        ]
      },
      "properties": {
        "tract_id": "06037575402",
        "population": 3454,
        "density_per_sqkm": 10667
      }
    },
    {
      "type": "Feature",
      "geometry": {
        "type": "Point",
        "coordinates": [
          -118.637017,
          34.167199
        ]
      },
      "properties": {
        "tract_id": "06037137000",
        "population": 4754,
        "density_per_sqkm": 1581
      }
    },
    {
      "type": "Feature",
      "geometry": {
        "type": "Point",
        "coordinates": [
          -118.09928,
          34.050648
        ]
      },
      "properties": {
        "tract_id": "06037482521",
        "population": 5577,
        "density_per_sqkm": 3609
      }
    },
    {
      "type": "Feature",
      "geometry": {
        "type": "Point",
        "coordinates": [
          -118.371909,
          34.210776
        ]
      },
      "properties": {
        "tract_id": "06037122120",
        "population": 4559,
        "density_per_sqkm": 6334
      }
    },
    {
      "type": "Feature",
      "geometry": {
        "type": "Point",
        "coordinates": [
          -118.359449,
          34.214317
        ]
      },
      "properties": {
        "tract_id": "06037122200",
        "population": 4064,
        "density_per_sqkm": 2384
      }
    },
    {
      "type": "Feature",
      "geometry": {
        "type": "Point",
        "coordinates": [
          -118.366495,
          34.204737
        ]
      },
      "properties": {
        "tract_id": "06037123020",
        "population": 3177,
        "density_per_sqkm": 5617
      }
    },
    {
      "type": "Feature",
      "geometry": {
        "type": "Point",
        "coordinates": [
          -118.365451,
          34.190871
        ]
      },
      "properties": {
        "tract_id": "06037123103",
        "population": 4285,
        "density_per_sqkm": 4756
      }
    },
    {
      "type": "Feature",
      "geometry": {
        "type": "Point",
        "coordinates": [
          -118.300377,
          33.920178
        ]
      },
      "properties": {
        "tract_id": "06037602802",
        "population": 4365,
        "density_per_sqkm": 3269
      }
    },
    {
      "type": "Feature",
      "geometry": {
        "type": "Point",
        "coordinates": [
          -118.304508,
          33.890935
        ]
      },
      "properties": {
        "tract_id": "06037603006",
        "population": 2272,
        "density_per_sqkm": 3305
      }
    },
    {
      "type": "Feature",
      "geometry": {
        "type": "Point",
        "coordinates": [
          -118.348096,
          33.898539
        ]
      },
      "properties": {
        "tract_id": "06037603801",
        "population": 4630,
        "density_per_sqkm": 6946
      }
    },
    {
      "type": "Feature",
      "geometry": {
        "type": "Point",
        "coordinates": [
          -118.572136,
          34.253678
        ]
      },
      "properties": {
        "tract_id": "06037113322",
        "population": 4251,
        "density_per_sqkm": 2379
      }
    },
    {
      "type": "Feature",
      "geometry": {
        "type": "Point",
        "coordinates": [
          -118.466319,
          33.983233
        ]
      },
      "properties": {
        "tract_id": "06037273902",
        "population": 4278,
        "density_per_sqkm": 4730
      }
    },
    {
      "type": "Feature",
      "geometry": {
        "type": "Point",
        "coordinates": [
          -118.410727,
          33.997955
        ]
      },
      "properties": {
        "tract_id": "06037275102",
        "population": 3816,
        "density_per_sqkm": 6254
      }
    },
    {
      "type": "Feature",
      "geometry": {
        "type": "Point",
        "coordinates": [
          -118.406464,
          33.986282
        ]
      },
      "properties": {
        "tract_id": "06037275603",
        "population": 2731,
        "density_per_sqkm": 2743
      }
    },
    {
      "type": "Feature",
      "geometry": {
        "type": "Point",
        "coordinates": [
          -118.146204,
          34.175207
        ]
      },
      "properties": {
        "tract_id": "06037461502",
        "population": 5748,
        "density_per_sqkm": 4902
      }
    },
    {
      "type": "Feature",
      "geometry": {
        "type": "Point",
        "coordinates": [
          -118.068111,
          33.883615
        ]
      },
      "properties": {
        "tract_id": "06037554513",
        "population": 2540,
        "density_per_sqkm": 4480
      }
    },
    {
      "type": "Feature",
      "geometry": {
        "type": "Point",
        "coordinates": [
          -118.469806,
          34.101734
        ]
      },
      "properties": {
        "tract_id": "06037262200",
        "population": 4553,
        "density_per_sqkm": 531
      }
    },
    {
      "type": "Feature",
      "geometry": {
        "type": "Point",
        "coordinates": [
          -118.284187,
          33.734662
        ]
      },
      "properties": {
        "tract_id": "06037297110",
        "population": 4298,
        "density_per_sqkm": 8817
      }
    },
    {
      "type": "Feature",
      "geometry": {
        "type": "Point",
        "coordinates": [
          -118.435622,
          34.197566
        ]
      },
      "properties": {
        "tract_id": "06037127920",
        "population": 4212,
        "density_per_sqkm": 6493
      }
    },
    {
      "type": "Feature",
      "geometry": {
        "type": "Point",
        "coordinates": [
          -118.444345,
          34.183584
        ]
      },
      "properties": {
        "tract_id": "06037128210",
        "population": 4809,
        "density_per_sqkm": 8744
      }
    },
    {
      "type": "Feature",
      "geometry": {
        "type": "Point",
        "coordinates": [
          -118.452381,
          34.183076
        ]
      },
      "properties": {
        "tract_id": "06037128303",
        "population": 3876,
        "density_per_sqkm": 9364
      }
    },
    {
      "type": "Feature",
      "geometry": {
        "type": "Point",
        "coordinates": [
          -117.922218,
          34.15294
        ]
      },
      "properties": {
        "tract_id": "06037400603",
        "population": 5514,
        "density_per_sqkm": 601
      }
    },
    {
      "type": "Feature",
      "geometry": {
        "type": "Point",
        "coordinates": [
          -117.766591,
          34.08211
        ]
      },
      "properties": {
        "tract_id": "06037402200",
        "population": 7276,
        "density_per_sqkm": 1144
      }
    },
    {
      "type": "Feature",
      "geometry": {
        "type": "Point",
        "coordinates": [
          -117.846347,
          34.103079
        ]
      },
      "properties": {
        "tract_id": "06037403802",
        "population": 5857,
        "density_per_sqkm": 4492
      }
    },
    {
      "type": "Feature",
      "geometry": {
        "type": "Point",
        "coordinates": [
          -118.458805,
          34.176527
        ]
      },
      "properties": {
        "tract_id": "06037128400",
        "population": 4516,
        "density_per_sqkm": 2628
      }
    },
    {
      "type": "Feature",
      "geometry": {
        "type": "Point",
        "coordinates": [
          -118.444344,
          34.170304
        ]
      },
      "properties": {
        "tract_id": "06037128500",
        "population": 4294,
        "density_per_sqkm": 4410
      }
    },
    {
      "type": "Feature",
      "geometry": {
        "type": "Point",
        "coordinates": [
          -118.406088,
          34.196539
        ]
      },
      "properties": {
        "tract_id": "06037123304",
        "population": 4518,
        "density_per_sqkm": 5139
      }
    },
    {
      "type": "Feature",
      "geometry": {
        "type": "Point",
        "coordinates": [
          -118.153488,
          33.786175
        ]
      },
      "properties": {
        "tract_id": "06037575103",
        "population": 5088,
        "density_per_sqkm": 10597
      }
    },
    {
      "type": "Feature",
      "geometry": {
        "type": "Point",
        "coordinates": [
          -118.17046,
          33.785867
        ]
      },
      "properties": {
        "tract_id": "06037575202",
        "population": 4278,
        "density_per_sqkm": 10587
      }
    },
    {
      "type": "Feature",
      "geometry": {
        "type": "Point",
        "coordinates": [
          -118.323544,
          34.012605
        ]
      },
      "properties": {
        "tract_id": "06037234001",
        "population": 2361,
        "density_per_sqkm": 3486
      }
    },
    {
      "type": "Feature",
      "geometry": {
        "type": "Point",
        "coordinates": [
          -118.109147,
          33.754817
        ]
      },
      "properties": {
        "tract_id": "06037577604",
        "population": 1300,
        "density_per_sqkm": 1496
      }
    },
    {
      "type": "Feature",
      "geometry": {
        "type": "Point",
        "coordinates": [
          -118.558304,
          34.244046
        ]
      },
      "properties": {
        "tract_id": "06037113301",
        "population": 3655,
        "density_per_sqkm": 1621
      }
    },
    {
      "type": "Feature",
      "geometry": {
        "type": "Point",
        "coordinates": [
          -118.578749,
          34.243825
        ]
      },
      "properties": {
        "tract_id": "06037113303",
        "population": 4160,
        "density_per_sqkm": 1017
      }
    },
    {
      "type": "Feature",
      "geometry": {
        "type": "Point",
        "coordinates": [
          -118.294808,
          33.978468
        ]
      },
      "properties": {
        "tract_id": "06037237401",
        "population": 3765,
        "density_per_sqkm": 7295
      }
    },
    {
      "type": "Feature",
      "geometry": {
        "type": "Point",
        "coordinates": [
          -118.296321,
          33.76248
        ]
      },
      "properties": {
        "tract_id": "06037295103",
        "population": 4978,
        "density_per_sqkm": 2420
      }
    },
    {
      "type": "Feature",
      "geometry": {
        "type": "Point",
        "coordinates": [
          -118.354188,
          34.225079
        ]
      },
      "properties": {
        "tract_id": "06037102103",
        "population": 2107,
        "density_per_sqkm": 1776
      }
    },
    {
      "type": "Feature",
      "geometry": {
        "type": "Point",
        "coordinates": [
          -118.24555,
          33.980222
        ]
      },
      "properties": {
        "tract_id": "06037533001",
        "population": 4439,
        "density_per_sqkm": 9293
      }
    },
    {
      "type": "Feature",
      "geometry": {
        "type": "Point",
        "coordinates": [
          -118.378373,
          33.975346
        ]
      },
      "properties": {
        "tract_id": "06037276101",
        "population": 3787,
        "density_per_sqkm": 11605
      }
    },
    {
      "type": "Feature",
      "geometry": {
        "type": "Point",
        "coordinates": [
          -118.291377,
          33.985623
        ]
      },
      "properties": {
        "tract_id": "06037237101",
        "population": 4144,
        "density_per_sqkm": 6589
      }
    },
    {
      "type": "Feature",
      "geometry": {
        "type": "Point",
        "coordinates": [
          -118.310155,
          33.985576
        ]
      },
      "properties": {
        "tract_id": "06037237202",
        "population": 4414,
        "density_per_sqkm": 3984
      }
    },
    {
      "type": "Feature",
      "geometry": {
        "type": "Point",
        "coordinates": [
          -118.425748,
          34.255511
        ]
      },
      "properties": {
        "tract_id": "06037104500",
        "population": 3151,
        "density_per_sqkm": 5934
      }
    },
    {
      "type": "Feature",
      "geometry": {
        "type": "Point",
        "coordinates": [
          -118.418993,
          34.260435
        ]
      },
      "properties": {
        "tract_id": "06037104610",
        "population": 3645,
        "density_per_sqkm": 6156
      }
    },
    {
      "type": "Feature",
      "geometry": {
        "type": "Point",
        "coordinates": [
          -118.291416,
          33.724904
        ]
      },
      "properties": {
        "tract_id": "06037297201",
        "population": 3879,
        "density_per_sqkm": 9602
      }
    },
    {
      "type": "Feature",
      "geometry": {
        "type": "Point",
        "coordinates": [
          -118.348144,
          33.89098
        ]
      },
      "properties": {
        "tract_id": "06037603802",
        "population": 3937,
        "density_per_sqkm": 6241
      }
    },
    {
      "type": "Feature",
      "geometry": {
        "type": "Point",
        "coordinates": [
          -118.365544,
          34.156628
        ]
      },
      "properties": {
        "tract_id": "06037125502",
        "population": 3572,
        "density_per_sqkm": 6831
      }
    },
    {
      "type": "Feature",
      "geometry": {
        "type": "Point",
        "coordinates": [
          -118.429174,
          34.204497
        ]
      },
      "properties": {
        "tract_id": "06037127103",
        "population": 3203,
        "density_per_sqkm": 11437
      }
    },
    {
      "type": "Feature",
      "geometry": {
        "type": "Point",
        "coordinates": [
          -118.480024,
          34.195724
        ]
      },
      "properties": {
        "tract_id": "06037127603",
        "population": 2949,
        "density_per_sqkm": 6836
      }
    },
    {
      "type": "Feature",
      "geometry": {
        "type": "Point",
        "coordinates": [
          -117.852789,
          34.141512
        ]
      },
      "properties": {
        "tract_id": "06037401001",
        "population": 3051,
        "density_per_sqkm": 2128
      }
    },
    {
      "type": "Feature",
      "geometry": {
        "type": "Point",
        "coordinates": [
          -118.458297,
          34.161648
        ]
      },
      "properties": {
        "tract_id": "06037128910",
        "population": 4384,
        "density_per_sqkm": 3377
      }
    },
    {
      "type": "Feature",
      "geometry": {
        "type": "Point",
        "coordinates": [
          -118.505623,
          34.214624
        ]
      },
      "properties": {
        "tract_id": "06037131100",
        "population": 3264,
        "density_per_sqkm": 2962
      }
    },
    {
      "type": "Feature",
      "geometry": {
        "type": "Point",
        "coordinates": [
          -118.514231,
          34.214726
        ]
      },
      "properties": {
        "tract_id": "06037131200",
        "population": 3549,
        "density_per_sqkm": 3145
      }
    },
    {
      "type": "Feature",
      "geometry": {
        "type": "Point",
        "coordinates": [
          -118.292987,
          34.259474
        ]
      },
      "properties": {
        "tract_id": "06037101110",
        "population": 4926,
        "density_per_sqkm": 4312
      }
    },
    {
      "type": "Feature",
      "geometry": {
        "type": "Point",
        "coordinates": [
          -118.281633,
          34.251608
        ]
      },
      "properties": {
        "tract_id": "06037101220",
        "population": 3344,
        "density_per_sqkm": 4785
      }
    },
    {
      "type": "Feature",
      "geometry": {
        "type": "Point",
        "coordinates": [
          -118.347712,
          34.102515
        ]
      },
      "properties": {
        "tract_id": "06037189903",
        "population": 2228,
        "density_per_sqkm": 26534
      }
    },
    {
      "type": "Feature",
      "geometry": {
        "type": "Point",
        "coordinates": [
          -118.35302,
          34.111418
        ]
      },
      "properties": {
        "tract_id": "06037194101",
        "population": 3236,
        "density_per_sqkm": 1273
      }
    },
    {
      "type": "Feature",
      "geometry": {
        "type": "Point",
        "coordinates": [
          -118.535268,
          34.253504
        ]
      },
      "properties": {
        "tract_id": "06037111205",
        "population": 3864,
        "density_per_sqkm": 3386
      }
    },
    {
      "type": "Feature",
      "geometry": {
        "type": "Point",
        "coordinates": [
          -118.434157,
          34.060241
        ]
      },
      "properties": {
        "tract_id": "06037265602",
        "population": 3318,
        "density_per_sqkm": 9878
      }
    },
    {
      "type": "Feature",
      "geometry": {
        "type": "Point",
        "coordinates": [
          -118.53173,
          34.224734
        ]
      },
      "properties": {
        "tract_id": "06037115403",
        "population": 3245,
        "density_per_sqkm": 4611
      }
    },
    {
      "type": "Feature",
      "geometry": {
        "type": "Point",
        "coordinates": [
          -118.494952,
          34.012768
        ]
      },
      "properties": {
        "tract_id": "06037701902",
        "population": 5478,
        "density_per_sqkm": 3061
      }
    },
    {
      "type": "Feature",
      "geometry": {
        "type": "Point",
        "coordinates": [
          -118.480538,
          34.000482
        ]
      },
      "properties": {
        "tract_id": "06037702102",
        "population": 6447,
        "density_per_sqkm": 6947
      }
    },
    {
      "type": "Feature",
      "geometry": {
        "type": "Point",
        "coordinates": [
          -118.033018,
          34.099725
        ]
      },
      "properties": {
        "tract_id": "06037431501",
        "population": 4281,
        "density_per_sqkm": 4164
      }
    },
    {
      "type": "Feature",
      "geometry": {
        "type": "Point",
        "coordinates": [
          -118.034582,
          34.059602
        ]
      },
      "properties": {
        "tract_id": "06037433402",
        "population": 4184,
        "density_per_sqkm": 7500
      }
    },
    {
      "type": "Feature",
      "geometry": {
        "type": "Point",
        "coordinates": [
          -118.075054,
          34.12633
        ]
      },
      "properties": {
        "tract_id": "06037480011",
        "population": 5238,
        "density_per_sqkm": 4800
      }
    },
    {
      "type": "Feature",
      "geometry": {
        "type": "Point",
        "coordinates": [
          -117.917151,
          34.066074
        ]
      },
      "properties": {
        "tract_id": "06037406500",
        "population": 7397,
        "density_per_sqkm": 3658
      }
    },
    {
      "type": "Feature",
      "geometry": {
        "type": "Point",
        "coordinates": [
          -117.916673,
          34.055737
        ]
      },
      "properties": {
        "tract_id": "06037406601",
        "population": 5397,
        "density_per_sqkm": 2742
      }
    },
    {
      "type": "Feature",
      "geometry": {
        "type": "Point",
        "coordinates": [
          -117.890251,
          34.103076
        ]
      },
      "properties": {
        "tract_id": "06037405900",
        "population": 4423,
        "density_per_sqkm": 3351
      }
    },
    {
      "type": "Feature",
      "geometry": {
        "type": "Point",
        "coordinates": [
          -118.3832,
          34.217866
        ]
      },
      "properties": {
        "tract_id": "06037121900",
        "population": 3921,
        "density_per_sqkm": 2324
      }
    },
    {
      "type": "Feature",
      "geometry": {
        "type": "Point",
        "coordinates": [
          -118.148873,
          34.154452
        ]
      },
      "properties": {
        "tract_id": "06037461901",
        "population": 4609,
        "density_per_sqkm": 5245
      }
    },
    {
      "type": "Feature",
      "geometry": {
        "type": "Point",
        "coordinates": [
          -118.148119,
          34.148759
        ]
      },
      "properties": {
        "tract_id": "06037461902",
        "population": 2142,
        "density_per_sqkm": 2564
      }
    },
    {
      "type": "Feature",
      "geometry": {
        "type": "Point",
        "coordinates": [
          -118.148361,
          34.163341
        ]
      },
      "properties": {
        "tract_id": "06037462002",
        "population": 3801,
        "density_per_sqkm": 7431
      }
    },
    {
      "type": "Feature",
      "geometry": {
        "type": "Point",
        "coordinates": [
          -118.136951,
          34.154891
        ]
      },
      "properties": {
        "tract_id": "06037462201",
        "population": 3711,
        "density_per_sqkm": 6913
      }
    },
    {
      "type": "Feature",
      "geometry": {
        "type": "Point",
        "coordinates": [
          -118.13693,
          34.148927
        ]
      },
      "properties": {
        "tract_id": "06037462202",
        "population": 3348,
        "density_per_sqkm": 5892
      }
    },
    {
      "type": "Feature",
      "geometry": {
        "type": "Point",
        "coordinates": [
          -118.347593,
          33.956561
        ]
      },
      "properties": {
        "tract_id": "06037601002",
        "population": 5457,
        "density_per_sqkm": 8617
      }
    },
    {
      "type": "Feature",
      "geometry": {
        "type": "Point",
        "coordinates": [
          -118.295231,
          33.877183
        ]
      },
      "properties": {
        "tract_id": "06037603102",
        "population": 4034,
        "density_per_sqkm": 5409
      }
    },
    {
      "type": "Feature",
      "geometry": {
        "type": "Point",
        "coordinates": [
          -118.36562,
          33.876482
        ]
      },
      "properties": {
        "tract_id": "06037620521",
        "population": 4313,
        "density_per_sqkm": 6695
      }
    },
    {
      "type": "Feature",
      "geometry": {
        "type": "Point",
        "coordinates": [
          -118.14081,
          34.681969
        ]
      },
      "properties": {
        "tract_id": "06037900701",
        "population": 5591,
        "density_per_sqkm": 2670
      }
    },
    {
      "type": "Feature",
      "geometry": {
        "type": "Point",
        "coordinates": [
          -118.038623,
          34.528953
        ]
      },
      "properties": {
        "tract_id": "06037910709",
        "population": 1818,
        "density_per_sqkm": 127
      }
    },
    {
      "type": "Feature",
      "geometry": {
        "type": "Point",
        "coordinates": [
          -118.382083,
          34.068422
        ]
      },
      "properties": {
        "tract_id": "06037700802",
        "population": 3892,
        "density_per_sqkm": 5679
      }
    },
    {
      "type": "Feature",
      "geometry": {
        "type": "Point",
        "coordinates": [
          -118.503741,
          34.019604
        ]
      },
      "properties": {
        "tract_id": "06037701402",
        "population": 6494,
        "density_per_sqkm": 7829
      }
    },
    {
      "type": "Feature",
      "geometry": {
        "type": "Point",
        "coordinates": [
          -118.216736,
          33.976538
        ]
      },
      "properties": {
        "tract_id": "06037533108",
        "population": 5133,
        "density_per_sqkm": 7953
      }
    },
    {
      "type": "Feature",
      "geometry": {
        "type": "Point",
        "coordinates": [
          -118.107593,
          33.948151
        ]
      },
      "properties": {
        "tract_id": "06037550502",
        "population": 4248,
        "density_per_sqkm": 2430
      }
    },
    {
      "type": "Feature",
      "geometry": {
        "type": "Point",
        "coordinates": [
          -118.428363,
          34.321293
        ]
      },
      "properties": {
        "tract_id": "06037106020",
        "population": 5557,
        "density_per_sqkm": 2758
      }
    },
    {
      "type": "Feature",
      "geometry": {
        "type": "Point",
        "coordinates": [
          -118.409897,
          34.318906
        ]
      },
      "properties": {
        "tract_id": "06037106111",
        "population": 4331,
        "density_per_sqkm": 1561
      }
    },
    {
      "type": "Feature",
      "geometry": {
        "type": "Point",
        "coordinates": [
          -118.366029,
          34.169517
        ]
      },
      "properties": {
        "tract_id": "06037125310",
        "population": 4941,
        "density_per_sqkm": 4688
      }
    },
    {
      "type": "Feature",
      "geometry": {
        "type": "Point",
        "coordinates": [
          -118.356864,
          34.157896
        ]
      },
      "properties": {
        "tract_id": "06037125600",
        "population": 2599,
        "density_per_sqkm": 2542
      }
    },
    {
      "type": "Feature",
      "geometry": {
        "type": "Point",
        "coordinates": [
          -118.459908,
          34.208341
        ]
      },
      "properties": {
        "tract_id": "06037127210",
        "population": 5453,
        "density_per_sqkm": 3542
      }
    },
    {
      "type": "Feature",
      "geometry": {
        "type": "Point",
        "coordinates": [
          -118.453126,
          34.204782
        ]
      },
      "properties": {
        "tract_id": "06037127220",
        "population": 4993,
        "density_per_sqkm": 7647
      }
    },
    {
      "type": "Feature",
      "geometry": {
        "type": "Point",
        "coordinates": [
          -118.469766,
          34.208399
        ]
      },
      "properties": {
        "tract_id": "06037127300",
        "population": 3735,
        "density_per_sqkm": 3526
      }
    },
    {
      "type": "Feature",
      "geometry": {
        "type": "Point",
        "coordinates": [
          -118.478695,
          34.210827
        ]
      },
      "properties": {
        "tract_id": "06037127400",
        "population": 5529,
        "density_per_sqkm": 2563
      }
    },
    {
      "type": "Feature",
      "geometry": {
        "type": "Point",
        "coordinates": [
          -118.35656,
          34.455222
        ]
      },
      "properties": {
        "tract_id": "06037910810",
        "population": 2685,
        "density_per_sqkm": 121
      }
    },
    {
      "type": "Feature",
      "geometry": {
        "type": "Point",
        "coordinates": [
          -118.444951,
          34.391877
        ]
      },
      "properties": {
        "tract_id": "06037920043",
        "population": 8832,
        "density_per_sqkm": 473
      }
    },
    {
      "type": "Feature",
      "geometry": {
        "type": "Point",
        "coordinates": [
          -118.722993,
          34.55743
        ]
      },
      "properties": {
        "tract_id": "06037920104",
        "population": 2732,
        "density_per_sqkm": 17
      }
    },
    {
      "type": "Feature",
      "geometry": {
        "type": "Point",
        "coordinates": [
          -118.610679,
          34.314084
        ]
      },
      "properties": {
        "tract_id": "06037920303",
        "population": 1593,
        "density_per_sqkm": 31
      }
    },
    {
      "type": "Feature",
      "geometry": {
        "type": "Point",
        "coordinates": [
          -118.44084,
          34.215291
        ]
      },
      "properties": {
        "tract_id": "06037120300",
        "population": 5550,
        "density_per_sqkm": 3229
      }
    },
    {
      "type": "Feature",
      "geometry": {
        "type": "Point",
        "coordinates": [
          -118.43234,
          34.218882
        ]
      },
      "properties": {
        "tract_id": "06037120400",
        "population": 6614,
        "density_per_sqkm": 6206
      }
    },
    {
      "type": "Feature",
      "geometry": {
        "type": "Point",
        "coordinates": [
          -118.403674,
          34.223348
        ]
      },
      "properties": {
        "tract_id": "06037121010",
        "population": 4693,
        "density_per_sqkm": 2304
      }
    },
    {
      "type": "Feature",
      "geometry": {
        "type": "Point",
        "coordinates": [
          -118.402062,
          34.212122
        ]
      },
      "properties": {
        "tract_id": "06037121020",
        "population": 3781,
        "density_per_sqkm": 4586
      }
    },
    {
      "type": "Feature",
      "geometry": {
        "type": "Point",
        "coordinates": [
          -118.424695,
          34.188718
        ]
      },
      "properties": {
        "tract_id": "06037123520",
        "population": 2669,
        "density_per_sqkm": 5315
      }
    },
    {
      "type": "Feature",
      "geometry": {
        "type": "Point",
        "coordinates": [
          -118.417981,
          34.177947
        ]
      },
      "properties": {
        "tract_id": "06037123601",
        "population": 4985,
        "density_per_sqkm": 3314
      }
    },
    {
      "type": "Feature",
      "geometry": {
        "type": "Point",
        "coordinates": [
          -118.409517,
          34.18486
        ]
      },
      "properties": {
        "tract_id": "06037123700",
        "population": 4142,
        "density_per_sqkm": 4349
      }
    },
    {
      "type": "Feature",
      "geometry": {
        "type": "Point",
        "coordinates": [
          -118.401436,
          34.179739
        ]
      },
      "properties": {
        "tract_id": "06037123800",
        "population": 5757,
        "density_per_sqkm": 4463
      }
    },
    {
      "type": "Feature",
      "geometry": {
        "type": "Point",
        "coordinates": [
          -118.292103,
          34.03843
        ]
      },
      "properties": {
        "tract_id": "06037221602",
        "population": 2693,
        "density_per_sqkm": 5151
      }
    },
    {
      "type": "Feature",
      "geometry": {
        "type": "Point",
        "coordinates": [
          -118.334092,
          33.982258
        ]
      },
      "properties": {
        "tract_id": "06037234902",
        "population": 4238,
        "density_per_sqkm": 9466
      }
    },
    {
      "type": "Feature",
      "geometry": {
        "type": "Point",
        "coordinates": [
          -118.346771,
          34.018455
        ]
      },
      "properties": {
        "tract_id": "06037236203",
        "population": 3743,
        "density_per_sqkm": 11030
      }
    },
    {
      "type": "Feature",
      "geometry": {
        "type": "Point",
        "coordinates": [
          -118.349189,
          34.014716
        ]
      },
      "properties": {
        "tract_id": "06037236204",
        "population": 3210,
        "density_per_sqkm": 13964
      }
    },
    {
      "type": "Feature",
      "geometry": {
        "type": "Point",
        "coordinates": [
          -118.352448,
          34.092575
        ]
      },
      "properties": {
        "tract_id": "06037700101",
        "population": 5785,
        "density_per_sqkm": 8582
      }
    },
    {
      "type": "Feature",
      "geometry": {
        "type": "Point",
        "coordinates": [
          -118.387825,
          34.087632
        ]
      },
      "properties": {
        "tract_id": "06037700501",
        "population": 3586,
        "density_per_sqkm": 6007
      }
    },
    {
      "type": "Feature",
      "geometry": {
        "type": "Point",
        "coordinates": [
          -118.380707,
          34.090292
        ]
      },
      "properties": {
        "tract_id": "06037700502",
        "population": 4442,
        "density_per_sqkm": 8813
      }
    },
    {
      "type": "Feature",
      "geometry": {
        "type": "Point",
        "coordinates": [
          -118.396781,
          34.071711
        ]
      },
      "properties": {
        "tract_id": "06037700801",
        "population": 4941,
        "density_per_sqkm": 3396
      }
    },
    {
      "type": "Feature",
      "geometry": {
        "type": "Point",
        "coordinates": [
          -118.085121,
          34.046345
        ]
      },
      "properties": {
        "tract_id": "06037482404",
        "population": 2901,
        "density_per_sqkm": 3090
      }
    },
    {
      "type": "Feature",
      "geometry": {
        "type": "Point",
        "coordinates": [
          -118.365003,
          34.182891
        ]
      },
      "properties": {
        "tract_id": "06037123104",
        "population": 4309,
        "density_per_sqkm": 5512
      }
    },
    {
      "type": "Feature",
      "geometry": {
        "type": "Point",
        "coordinates": [
          -118.394329,
          34.193936
        ]
      },
      "properties": {
        "tract_id": "06037123204",
        "population": 3125,
        "density_per_sqkm": 9639
      }
    },
    {
      "type": "Feature",
      "geometry": {
        "type": "Point",
        "coordinates": [
          -118.374866,
          34.193708
        ]
      },
      "properties": {
        "tract_id": "06037123206",
        "population": 2857,
        "density_per_sqkm": 4739
      }
    },
    {
      "type": "Feature",
      "geometry": {
        "type": "Point",
        "coordinates": [
          -118.400122,
          34.20031
        ]
      },
      "properties": {
        "tract_id": "06037123301",
        "population": 4424,
        "density_per_sqkm": 3394
      }
    },
    {
      "type": "Feature",
      "geometry": {
        "type": "Point",
        "coordinates": [
          -118.411604,
          34.197275
        ]
      },
      "properties": {
        "tract_id": "06037123303",
        "population": 3091,
        "density_per_sqkm": 4880
      }
    },
    {
      "type": "Feature",
      "geometry": {
        "type": "Point",
        "coordinates": [
          -118.427504,
          34.195106
        ]
      },
      "properties": {
        "tract_id": "06037123510",
        "population": 4938,
        "density_per_sqkm": 6264
      }
    },
    {
      "type": "Feature",
      "geometry": {
        "type": "Point",
        "coordinates": [
          -118.127003,
          34.154963
        ]
      },
      "properties": {
        "tract_id": "06037462301",
        "population": 4407,
        "density_per_sqkm": 6968
      }
    },
    {
      "type": "Feature",
      "geometry": {
        "type": "Point",
        "coordinates": [
          -118.478895,
          34.047683
        ]
      },
      "properties": {
        "tract_id": "06037264305",
        "population": 3712,
        "density_per_sqkm": 2758
      }
    },
    {
      "type": "Feature",
      "geometry": {
        "type": "Point",
        "coordinates": [
          -117.937599,
          33.995311
        ]
      },
      "properties": {
        "tract_id": "06037408623",
        "population": 3065,
        "density_per_sqkm": 3192
      }
    },
    {
      "type": "Feature",
      "geometry": {
        "type": "Point",
        "coordinates": [
          -118.026008,
          34.137933
        ]
      },
      "properties": {
        "tract_id": "06037430801",
        "population": 6778,
        "density_per_sqkm": 3976
      }
    },
    {
      "type": "Feature",
      "geometry": {
        "type": "Point",
        "coordinates": [
          -118.264166,
          34.042914
        ]
      },
      "properties": {
        "tract_id": "06037207901",
        "population": 3645,
        "density_per_sqkm": 17931
      }
    },
    {
      "type": "Feature",
      "geometry": {
        "type": "Point",
        "coordinates": [
          -118.112513,
          33.872613
        ]
      },
      "properties": {
        "tract_id": "06037554406",
        "population": 5191,
        "density_per_sqkm": 4705
      }
    },
    {
      "type": "Feature",
      "geometry": {
        "type": "Point",
        "coordinates": [
          -118.21828,
          33.816538
        ]
      },
      "properties": {
        "tract_id": "06037572500",
        "population": 4244,
        "density_per_sqkm": 7160
      }
    },
    {
      "type": "Feature",
      "geometry": {
        "type": "Point",
        "coordinates": [
          -118.348727,
          33.878944
        ]
      },
      "properties": {
        "tract_id": "06037604102",
        "population": 2862,
        "density_per_sqkm": 5365
      }
    },
    {
      "type": "Feature",
      "geometry": {
        "type": "Point",
        "coordinates": [
          -118.426813,
          34.033913
        ]
      },
      "properties": {
        "tract_id": "06037271100",
        "population": 2569,
        "density_per_sqkm": 3194
      }
    },
    {
      "type": "Feature",
      "geometry": {
        "type": "Point",
        "coordinates": [
          -118.442003,
          34.031392
        ]
      },
      "properties": {
        "tract_id": "06037271200",
        "population": 2592,
        "density_per_sqkm": 4942
      }
    },
    {
      "type": "Feature",
      "geometry": {
        "type": "Point",
        "coordinates": [
          -118.441395,
          34.02596
        ]
      },
      "properties": {
        "tract_id": "06037271300",
        "population": 4779,
        "density_per_sqkm": 3250
      }
    },
    {
      "type": "Feature",
      "geometry": {
        "type": "Point",
        "coordinates": [
          -118.4474,
          34.010078
        ]
      },
      "properties": {
        "tract_id": "06037271400",
        "population": 3482,
        "density_per_sqkm": 3030
      }
    },
    {
      "type": "Feature",
      "geometry": {
        "type": "Point",
        "coordinates": [
          -118.062964,
          34.0575
        ]
      },
      "properties": {
        "tract_id": "06037433506",
        "population": 3971,
        "density_per_sqkm": 2448
      }
    },
    {
      "type": "Feature",
      "geometry": {
        "type": "Point",
        "coordinates": [
          -118.096771,
          33.931487
        ]
      },
      "properties": {
        "tract_id": "06037577800",
        "population": 5085,
        "density_per_sqkm": 3005
      }
    },
    {
      "type": "Feature",
      "geometry": {
        "type": "Point",
        "coordinates": [
          -117.947756,
          34.046637
        ]
      },
      "properties": {
        "tract_id": "06037407501",
        "population": 4445,
        "density_per_sqkm": 3929
      }
    },
    {
      "type": "Feature",
      "geometry": {
        "type": "Point",
        "coordinates": [
          -118.259994,
          34.055472
        ]
      },
      "properties": {
        "tract_id": "06037209202",
        "population": 1234,
        "density_per_sqkm": 5078
      }
    },
    {
      "type": "Feature",
      "geometry": {
        "type": "Point",
        "coordinates": [
          -118.391667,
          33.880094
        ]
      },
      "properties": {
        "tract_id": "06037620802",
        "population": 3185,
        "density_per_sqkm": 2476
      }
    },
    {
      "type": "Feature",
      "geometry": {
        "type": "Point",
        "coordinates": [
          -117.858822,
          33.997313
        ]
      },
      "properties": {
        "tract_id": "06037403326",
        "population": 2606,
        "density_per_sqkm": 1362
      }
    },
    {
      "type": "Feature",
      "geometry": {
        "type": "Point",
        "coordinates": [
          -118.123842,
          33.767275
        ]
      },
      "properties": {
        "tract_id": "06037577605",
        "population": 4799,
        "density_per_sqkm": 3147
      }
    },
    {
      "type": "Feature",
      "geometry": {
        "type": "Point",
        "coordinates": [
          -118.209832,
          33.818401
        ]
      },
      "properties": {
        "tract_id": "06037577700",
        "population": 4672,
        "density_per_sqkm": 3993
      }
    },
    {
      "type": "Feature",
      "geometry": {
        "type": "Point",
        "coordinates": [
          -118.171852,
          33.923744
        ]
      },
      "properties": {
        "tract_id": "06037536201",
        "population": 3583,
        "density_per_sqkm": 2567
      }
    },
    {
      "type": "Feature",
      "geometry": {
        "type": "Point",
        "coordinates": [
          -118.277465,
          34.007445
        ]
      },
      "properties": {
        "tract_id": "06037231800",
        "population": 5253,
        "density_per_sqkm": 10097
      }
    },
    {
      "type": "Feature",
      "geometry": {
        "type": "Point",
        "coordinates": [
          -118.289318,
          33.999495
        ]
      },
      "properties": {
        "tract_id": "06037232110",
        "population": 3336,
        "density_per_sqkm": 8778
      }
    },
    {
      "type": "Feature",
      "geometry": {
        "type": "Point",
        "coordinates": [
          -118.380691,
          34.03333
        ]
      },
      "properties": {
        "tract_id": "06037270200",
        "population": 3487,
        "density_per_sqkm": 4600
      }
    },
    {
      "type": "Feature",
      "geometry": {
        "type": "Point",
        "coordinates": [
          -118.37085,
          34.039729
        ]
      },
      "properties": {
        "tract_id": "06037270300",
        "population": 2651,
        "density_per_sqkm": 2751
      }
    },
    {
      "type": "Feature",
      "geometry": {
        "type": "Point",
        "coordinates": [
          -118.469827,
          34.187913
        ]
      },
      "properties": {
        "tract_id": "06037127711",
        "population": 3434,
        "density_per_sqkm": 3594
      }
    },
    {
      "type": "Feature",
      "geometry": {
        "type": "Point",
        "coordinates": [
          -118.45308,
          34.197515
        ]
      },
      "properties": {
        "tract_id": "06037127803",
        "population": 5076,
        "density_per_sqkm": 7921
      }
    },
    {
      "type": "Feature",
      "geometry": {
        "type": "Point",
        "coordinates": [
          -118.457236,
          34.188573
        ]
      },
      "properties": {
        "tract_id": "06037127806",
        "population": 3505,
        "density_per_sqkm": 5131
      }
    },
    {
      "type": "Feature",
      "geometry": {
        "type": "Point",
        "coordinates": [
          -118.322115,
          33.974553
        ]
      },
      "properties": {
        "tract_id": "06037235201",
        "population": 2921,
        "density_per_sqkm": 4476
      }
    },
    {
      "type": "Feature",
      "geometry": {
        "type": "Point",
        "coordinates": [
          -118.330376,
          33.97308
        ]
      },
      "properties": {
        "tract_id": "06037235202",
        "population": 4765,
        "density_per_sqkm": 5596
      }
    },
    {
      "type": "Feature",
      "geometry": {
        "type": "Point",
        "coordinates": [
          -118.0208,
          34.102379
        ]
      },
      "properties": {
        "tract_id": "06037431502",
        "population": 4243,
        "density_per_sqkm": 2505
      }
    },
    {
      "type": "Feature",
      "geometry": {
        "type": "Point",
        "coordinates": [
          -118.019896,
          34.070894
        ]
      },
      "properties": {
        "tract_id": "06037433304",
        "population": 4595,
        "density_per_sqkm": 5819
      }
    },
    {
      "type": "Feature",
      "geometry": {
        "type": "Point",
        "coordinates": [
          -118.340573,
          33.827324
        ]
      },
      "properties": {
        "tract_id": "06037650802",
        "population": 3483,
        "density_per_sqkm": 6359
      }
    },
    {
      "type": "Feature",
      "geometry": {
        "type": "Point",
        "coordinates": [
          -118.172375,
          33.847231
        ]
      },
      "properties": {
        "tract_id": "06037571505",
        "population": 2969,
        "density_per_sqkm": 4527
      }
    },
    {
      "type": "Feature",
      "geometry": {
        "type": "Point",
        "coordinates": [
          -117.919774,
          33.985101
        ]
      },
      "properties": {
        "tract_id": "06037408626",
        "population": 4356,
        "density_per_sqkm": 1745
      }
    },
    {
      "type": "Feature",
      "geometry": {
        "type": "Point",
        "coordinates": [
          -118.264778,
          34.046351
        ]
      },
      "properties": {
        "tract_id": "06037207711",
        "population": 2280,
        "density_per_sqkm": 3286
      }
    },
    {
      "type": "Feature",
      "geometry": {
        "type": "Point",
        "coordinates": [
          -118.012715,
          34.070296
        ]
      },
      "properties": {
        "tract_id": "06037433305",
        "population": 4622,
        "density_per_sqkm": 9029
      }
    },
    {
      "type": "Feature",
      "geometry": {
        "type": "Point",
        "coordinates": [
          -118.119843,
          34.066171
        ]
      },
      "properties": {
        "tract_id": "06037481711",
        "population": 4606,
        "density_per_sqkm": 10296
      }
    },
    {
      "type": "Feature",
      "geometry": {
        "type": "Point",
        "coordinates": [
          -118.019884,
          33.961821
        ]
      },
      "properties": {
        "tract_id": "06037501700",
        "population": 4114,
        "density_per_sqkm": 2955
      }
    },
    {
      "type": "Feature",
      "geometry": {
        "type": "Point",
        "coordinates": [
          -118.188502,
          34.036092
        ]
      },
      "properties": {
        "tract_id": "06037531101",
        "population": 4589,
        "density_per_sqkm": 6560
      }
    },
    {
      "type": "Feature",
      "geometry": {
        "type": "Point",
        "coordinates": [
          -118.216407,
          33.982882
        ]
      },
      "properties": {
        "tract_id": "06037533105",
        "population": 2423,
        "density_per_sqkm": 12693
      }
    },
    {
      "type": "Feature",
      "geometry": {
        "type": "Point",
        "coordinates": [
          -118.182076,
          33.988846
        ]
      },
      "properties": {
        "tract_id": "06037533701",
        "population": 3207,
        "density_per_sqkm": 8008
      }
    },
    {
      "type": "Feature",
      "geometry": {
        "type": "Point",
        "coordinates": [
          -118.0371,
          34.049482
        ]
      },
      "properties": {
        "tract_id": "06037433804",
        "population": 4497,
        "density_per_sqkm": 2972
      }
    },
    {
      "type": "Feature",
      "geometry": {
        "type": "Point",
        "coordinates": [
          -118.304642,
          33.782651
        ]
      },
      "properties": {
        "tract_id": "06037293306",
        "population": 2571,
        "density_per_sqkm": 4190
      }
    },
    {
      "type": "Feature",
      "geometry": {
        "type": "Point",
        "coordinates": [
          -118.093947,
          34.040905
        ]
      },
      "properties": {
        "tract_id": "06037482522",
        "population": 4455,
        "density_per_sqkm": 2713
      }
    },
    {
      "type": "Feature",
      "geometry": {
        "type": "Point",
        "coordinates": [
          -118.196087,
          33.87762
        ]
      },
      "properties": {
        "tract_id": "06037570404",
        "population": 3509,
        "density_per_sqkm": 4296
      }
    },
    {
      "type": "Feature",
      "geometry": {
        "type": "Point",
        "coordinates": [
          -118.169799,
          33.838701
        ]
      },
      "properties": {
        "tract_id": "06037571504",
        "population": 4935,
        "density_per_sqkm": 3265
      }
    },
    {
      "type": "Feature",
      "geometry": {
        "type": "Point",
        "coordinates": [
          -118.050749,
          34.050549
        ]
      },
      "properties": {
        "tract_id": "06037434100",
        "population": 6509,
        "density_per_sqkm": 2610
      }
    },
    {
      "type": "Feature",
      "geometry": {
        "type": "Point",
        "coordinates": [
          -117.8912,
          34.080257
        ]
      },
      "properties": {
        "tract_id": "06037406103",
        "population": 8353,
        "density_per_sqkm": 3780
      }
    },
    {
      "type": "Feature",
      "geometry": {
        "type": "Point",
        "coordinates": [
          -118.323627,
          34.265645
        ]
      },
      "properties": {
        "tract_id": "06037103201",
        "population": 4676,
        "density_per_sqkm": 2392
      }
    },
    {
      "type": "Feature",
      "geometry": {
        "type": "Point",
        "coordinates": [
          -118.424425,
          34.292404
        ]
      },
      "properties": {
        "tract_id": "06037320102",
        "population": 3573,
        "density_per_sqkm": 2915
      }
    },
    {
      "type": "Feature",
      "geometry": {
        "type": "Point",
        "coordinates": [
          -118.743988,
          34.15912
        ]
      },
      "properties": {
        "tract_id": "06037800334",
        "population": 3749,
        "density_per_sqkm": 791
      }
    },
    {
      "type": "Feature",
      "geometry": {
        "type": "Point",
        "coordinates": [
          -118.286151,
          33.969286
        ]
      },
      "properties": {
        "tract_id": "06037237720",
        "population": 3470,
        "density_per_sqkm": 10670
      }
    },
    {
      "type": "Feature",
      "geometry": {
        "type": "Point",
        "coordinates": [
          -118.298121,
          33.97096
        ]
      },
      "properties": {
        "tract_id": "06037237800",
        "population": 4335,
        "density_per_sqkm": 4456
      }
    },
    {
      "type": "Feature",
      "geometry": {
        "type": "Point",
        "coordinates": [
          -118.062775,
          33.998859
        ]
      },
      "properties": {
        "tract_id": "06037501200",
        "population": 5114,
        "density_per_sqkm": 3637
      }
    },
    {
      "type": "Feature",
      "geometry": {
        "type": "Point",
        "coordinates": [
          -117.883834,
          34.008449
        ]
      },
      "properties": {
        "tract_id": "06037408137",
        "population": 4493,
        "density_per_sqkm": 5408
      }
    },
    {
      "type": "Feature",
      "geometry": {
        "type": "Point",
        "coordinates": [
          -118.251524,
          34.155073
        ]
      },
      "properties": {
        "tract_id": "06037301901",
        "population": 4857,
        "density_per_sqkm": 10654
      }
    },
    {
      "type": "Feature",
      "geometry": {
        "type": "Point",
        "coordinates": [
          -118.392131,
          34.168509
        ]
      },
      "properties": {
        "tract_id": "06037125101",
        "population": 3979,
        "density_per_sqkm": 6124
      }
    },
    {
      "type": "Feature",
      "geometry": {
        "type": "Point",
        "coordinates": [
          -118.365052,
          34.166704
        ]
      },
      "properties": {
        "tract_id": "06037125321",
        "population": 3049,
        "density_per_sqkm": 11760
      }
    },
    {
      "type": "Feature",
      "geometry": {
        "type": "Point",
        "coordinates": [
          -118.373767,
          34.166657
        ]
      },
      "properties": {
        "tract_id": "06037125322",
        "population": 2222,
        "density_per_sqkm": 5954
      }
    },
    {
      "type": "Feature",
      "geometry": {
        "type": "Point",
        "coordinates": [
          -118.308604,
          34.179407
        ]
      },
      "properties": {
        "tract_id": "06037310705",
        "population": 2387,
        "density_per_sqkm": 4286
      }
    },
    {
      "type": "Feature",
      "geometry": {
        "type": "Point",
        "coordinates": [
          -117.943371,
          34.012405
        ]
      },
      "properties": {
        "tract_id": "06037980035",
        "population": 623,
        "density_per_sqkm": 40
      }
    },
    {
      "type": "Feature",
      "geometry": {
        "type": "Point",
        "coordinates": [
          -118.444158,
          34.038722
        ]
      },
      "properties": {
        "tract_id": "06037267700",
        "population": 3834,
        "density_per_sqkm": 4706
      }
    },
    {
      "type": "Feature",
      "geometry": {
        "type": "Point",
        "coordinates": [
          -118.31239,
          33.733624
        ]
      },
      "properties": {
        "tract_id": "06037297001",
        "population": 1662,
        "density_per_sqkm": 2429
      }
    },
    {
      "type": "Feature",
      "geometry": {
        "type": "Point",
        "coordinates": [
          -118.189065,
          33.872041
        ]
      },
      "properties": {
        "tract_id": "06037570305",
        "population": 5291,
        "density_per_sqkm": 7622
      }
    },
    {
      "type": "Feature",
      "geometry": {
        "type": "Point",
        "coordinates": [
          -118.697645,
          34.160966
        ]
      },
      "properties": {
        "tract_id": "06037800205",
        "population": 3816,
        "density_per_sqkm": 2934
      }
    },
    {
      "type": "Feature",
      "geometry": {
        "type": "Point",
        "coordinates": [
          -118.459442,
          34.070442
        ]
      },
      "properties": {
        "tract_id": "06037265420",
        "population": 1887,
        "density_per_sqkm": 2582
      }
    },
    {
      "type": "Feature",
      "geometry": {
        "type": "Point",
        "coordinates": [
          -118.430681,
          34.03958
        ]
      },
      "properties": {
        "tract_id": "06037267800",
        "population": 3034,
        "density_per_sqkm": 2636
      }
    },
    {
      "type": "Feature",
      "geometry": {
        "type": "Point",
        "coordinates": [
          -118.452461,
          34.03408
        ]
      },
      "properties": {
        "tract_id": "06037267600",
        "population": 2709,
        "density_per_sqkm": 2128
      }
    },
    {
      "type": "Feature",
      "geometry": {
        "type": "Point",
        "coordinates": [
          -118.234116,
          33.924358
        ]
      },
      "properties": {
        "tract_id": "06037540600",
        "population": 4440,
        "density_per_sqkm": 4738
      }
    },
    {
      "type": "Feature",
      "geometry": {
        "type": "Point",
        "coordinates": [
          -118.245381,
          33.925417
        ]
      },
      "properties": {
        "tract_id": "06037540700",
        "population": 3544,
        "density_per_sqkm": 3088
      }
    },
    {
      "type": "Feature",
      "geometry": {
        "type": "Point",
        "coordinates": [
          -118.307316,
          34.072614
        ]
      },
      "properties": {
        "tract_id": "06037211410",
        "population": 2956,
        "density_per_sqkm": 10916
      }
    },
    {
      "type": "Feature",
      "geometry": {
        "type": "Point",
        "coordinates": [
          -118.331742,
          34.067786
        ]
      },
      "properties": {
        "tract_id": "06037211000",
        "population": 5268,
        "density_per_sqkm": 1983
      }
    },
    {
      "type": "Feature",
      "geometry": {
        "type": "Point",
        "coordinates": [
          -118.298493,
          34.070909
        ]
      },
      "properties": {
        "tract_id": "06037211310",
        "population": 3603,
        "density_per_sqkm": 25031
      }
    },
    {
      "type": "Feature",
      "geometry": {
        "type": "Point",
        "coordinates": [
          -118.219623,
          33.933572
        ]
      },
      "properties": {
        "tract_id": "06037540300",
        "population": 4997,
        "density_per_sqkm": 3262
      }
    },
    {
      "type": "Feature",
      "geometry": {
        "type": "Point",
        "coordinates": [
          -118.228241,
          33.932677
        ]
      },
      "properties": {
        "tract_id": "06037540400",
        "population": 2224,
        "density_per_sqkm": 6548
      }
    },
    {
      "type": "Feature",
      "geometry": {
        "type": "Point",
        "coordinates": [
          -118.219304,
          33.924708
        ]
      },
      "properties": {
        "tract_id": "06037540501",
        "population": 6411,
        "density_per_sqkm": 4413
      }
    },
    {
      "type": "Feature",
      "geometry": {
        "type": "Point",
        "coordinates": [
          -118.669677,
          34.160739
        ]
      },
      "properties": {
        "tract_id": "06037800206",
        "population": 3047,
        "density_per_sqkm": 329
      }
    },
    {
      "type": "Feature",
      "geometry": {
        "type": "Point",
        "coordinates": [
          -118.309725,
          33.947294
        ]
      },
      "properties": {
        "tract_id": "06037238000",
        "population": 5969,
        "density_per_sqkm": 3588
      }
    },
    {
      "type": "Feature",
      "geometry": {
        "type": "Point",
        "coordinates": [
          -118.311199,
          33.963628
        ]
      },
      "properties": {
        "tract_id": "06037238100",
        "population": 4683,
        "density_per_sqkm": 4760
      }
    },
    {
      "type": "Feature",
      "geometry": {
        "type": "Point",
        "coordinates": [
          -118.297978,
          33.963496
        ]
      },
      "properties": {
        "tract_id": "06037238200",
        "population": 5848,
        "density_per_sqkm": 5696
      }
    },
    {
      "type": "Feature",
      "geometry": {
        "type": "Point",
        "coordinates": [
          -118.286107,
          33.966044
        ]
      },
      "properties": {
        "tract_id": "06037238310",
        "population": 5087,
        "density_per_sqkm": 12811
      }
    },
    {
      "type": "Feature",
      "geometry": {
        "type": "Point",
        "coordinates": [
          -118.286155,
          33.962153
        ]
      },
      "properties": {
        "tract_id": "06037238320",
        "population": 3975,
        "density_per_sqkm": 8489
      }
    },
    {
      "type": "Feature",
      "geometry": {
        "type": "Point",
        "coordinates": [
          -118.308992,
          33.956349
        ]
      },
      "properties": {
        "tract_id": "06037238400",
        "population": 4632,
        "density_per_sqkm": 3559
      }
    },
    {
      "type": "Feature",
      "geometry": {
        "type": "Point",
        "coordinates": [
          -118.271738,
          33.978568
        ]
      },
      "properties": {
        "tract_id": "06037239320",
        "population": 3441,
        "density_per_sqkm": 9914
      }
    },
    {
      "type": "Feature",
      "geometry": {
        "type": "Point",
        "coordinates": [
          -118.750394,
          34.14724
        ]
      },
      "properties": {
        "tract_id": "06037800333",
        "population": 2738,
        "density_per_sqkm": 2133
      }
    },
    {
      "type": "Feature",
      "geometry": {
        "type": "Point",
        "coordinates": [
          -118.601617,
          34.188288
        ]
      },
      "properties": {
        "tract_id": "06037135116",
        "population": 1718,
        "density_per_sqkm": 1839
      }
    },
    {
      "type": "Feature",
      "geometry": {
        "type": "Point",
        "coordinates": [
          -118.117206,
          33.799887
        ]
      },
      "properties": {
        "tract_id": "06037574300",
        "population": 6044,
        "density_per_sqkm": 2466
      }
    },
    {
      "type": "Feature",
      "geometry": {
        "type": "Point",
        "coordinates": [
          -118.349319,
          33.866219
        ]
      },
      "properties": {
        "tract_id": "06037650300",
        "population": 6898,
        "density_per_sqkm": 3676
      }
    },
    {
      "type": "Feature",
      "geometry": {
        "type": "Point",
        "coordinates": [
          -118.358675,
          33.85381
        ]
      },
      "properties": {
        "tract_id": "06037650501",
        "population": 3024,
        "density_per_sqkm": 3046
      }
    },
    {
      "type": "Feature",
      "geometry": {
        "type": "Point",
        "coordinates": [
          -118.129627,
          33.803295
        ]
      },
      "properties": {
        "tract_id": "06037574201",
        "population": 3287,
        "density_per_sqkm": 2570
      }
    },
    {
      "type": "Feature",
      "geometry": {
        "type": "Point",
        "coordinates": [
          -118.143213,
          33.801256
        ]
      },
      "properties": {
        "tract_id": "06037574202",
        "population": 2206,
        "density_per_sqkm": 1651
      }
    },
    {
      "type": "Feature",
      "geometry": {
        "type": "Point",
        "coordinates": [
          -117.922842,
          34.120301
        ]
      },
      "properties": {
        "tract_id": "06037404402",
        "population": 5042,
        "density_per_sqkm": 1507
      }
    },
    {
      "type": "Feature",
      "geometry": {
        "type": "Point",
        "coordinates": [
          -118.019649,
          33.886844
        ]
      },
      "properties": {
        "tract_id": "06037503902",
        "population": 4663,
        "density_per_sqkm": 888
      }
    },
    {
      "type": "Feature",
      "geometry": {
        "type": "Point",
        "coordinates": [
          -117.7825,
          34.111896
        ]
      },
      "properties": {
        "tract_id": "06037408900",
        "population": 5821,
        "density_per_sqkm": 1876
      }
    },
    {
      "type": "Feature",
      "geometry": {
        "type": "Point",
        "coordinates": [
          -118.38902,
          33.969178
        ]
      },
      "properties": {
        "tract_id": "06037276000",
        "population": 6674,
        "density_per_sqkm": 2854
      }
    },
    {
      "type": "Feature",
      "geometry": {
        "type": "Point",
        "coordinates": [
          -117.736193,
          34.026076
        ]
      },
      "properties": {
        "tract_id": "06037402904",
        "population": 3606,
        "density_per_sqkm": 1889
      }
    },
    {
      "type": "Feature",
      "geometry": {
        "type": "Point",
        "coordinates": [
          -118.629995,
          34.232248
        ]
      },
      "properties": {
        "tract_id": "06037980023",
        "population": 19,
        "density_per_sqkm": 4
      }
    },
    {
      "type": "Feature",
      "geometry": {
        "type": "Point",
        "coordinates": [
          -118.197207,
          33.778962
        ]
      },
      "properties": {
        "tract_id": "06037575802",
        "population": 4544,
        "density_per_sqkm": 14158
      }
    },
    {
      "type": "Feature",
      "geometry": {
        "type": "Point",
        "coordinates": [
          -118.201897,
          33.772526
        ]
      },
      "properties": {
        "tract_id": "06037575901",
        "population": 3278,
        "density_per_sqkm": 7849
      }
    },
    {
      "type": "Feature",
      "geometry": {
        "type": "Point",
        "coordinates": [
          -118.195201,
          33.772316
        ]
      },
      "properties": {
        "tract_id": "06037575902",
        "population": 5622,
        "density_per_sqkm": 16039
      }
    },
    {
      "type": "Feature",
      "geometry": {
        "type": "Point",
        "coordinates": [
          -118.370282,
          33.853029
        ]
      },
      "properties": {
        "tract_id": "06037650502",
        "population": 4260,
        "density_per_sqkm": 3195
      }
    },
    {
      "type": "Feature",
      "geometry": {
        "type": "Point",
        "coordinates": [
          -118.369725,
          33.844121
        ]
      },
      "properties": {
        "tract_id": "06037650603",
        "population": 3904,
        "density_per_sqkm": 3059
      }
    },
    {
      "type": "Feature",
      "geometry": {
        "type": "Point",
        "coordinates": [
          -118.352987,
          33.831783
        ]
      },
      "properties": {
        "tract_id": "06037650701",
        "population": 2626,
        "density_per_sqkm": 1309
      }
    },
    {
      "type": "Feature",
      "geometry": {
        "type": "Point",
        "coordinates": [
          -118.304978,
          33.732596
        ]
      },
      "properties": {
        "tract_id": "06037297002",
        "population": 3657,
        "density_per_sqkm": 4770
      }
    },
    {
      "type": "Feature",
      "geometry": {
        "type": "Point",
        "coordinates": [
          -118.012328,
          34.093404
        ]
      },
      "properties": {
        "tract_id": "06037432501",
        "population": 4746,
        "density_per_sqkm": 4446
      }
    },
    {
      "type": "Feature",
      "geometry": {
        "type": "Point",
        "coordinates": [
          -118.293077,
          33.74831
        ]
      },
      "properties": {
        "tract_id": "06037296500",
        "population": 3796,
        "density_per_sqkm": 4206
      }
    },
    {
      "type": "Feature",
      "geometry": {
        "type": "Point",
        "coordinates": [
          -118.285093,
          33.728215
        ]
      },
      "properties": {
        "tract_id": "06037297120",
        "population": 3425,
        "density_per_sqkm": 8040
      }
    },
    {
      "type": "Feature",
      "geometry": {
        "type": "Point",
        "coordinates": [
          -118.4233,
          33.988443
        ]
      },
      "properties": {
        "tract_id": "06037275311",
        "population": 4955,
        "density_per_sqkm": 3947
      }
    },
    {
      "type": "Feature",
      "geometry": {
        "type": "Point",
        "coordinates": [
          -118.439173,
          33.990614
        ]
      },
      "properties": {
        "tract_id": "06037275400",
        "population": 4625,
        "density_per_sqkm": 6159
      }
    },
    {
      "type": "Feature",
      "geometry": {
        "type": "Point",
        "coordinates": [
          -118.295926,
          34.034817
        ]
      },
      "properties": {
        "tract_id": "06037221601",
        "population": 3175,
        "density_per_sqkm": 8583
      }
    },
    {
      "type": "Feature",
      "geometry": {
        "type": "Point",
        "coordinates": [
          -118.313281,
          34.028195
        ]
      },
      "properties": {
        "tract_id": "06037222001",
        "population": 3218,
        "density_per_sqkm": 6785
      }
    },
    {
      "type": "Feature",
      "geometry": {
        "type": "Point",
        "coordinates": [
          -118.299115,
          33.985726
        ]
      },
      "properties": {
        "tract_id": "06037237201",
        "population": 3546,
        "density_per_sqkm": 7821
      }
    },
    {
      "type": "Feature",
      "geometry": {
        "type": "Point",
        "coordinates": [
          -118.27717,
          33.98578
        ]
      },
      "properties": {
        "tract_id": "06037239201",
        "population": 3819,
        "density_per_sqkm": 8489
      }
    },
    {
      "type": "Feature",
      "geometry": {
        "type": "Point",
        "coordinates": [
          -118.275298,
          33.972837
        ]
      },
      "properties": {
        "tract_id": "06037239601",
        "population": 3631,
        "density_per_sqkm": 8598
      }
    },
    {
      "type": "Feature",
      "geometry": {
        "type": "Point",
        "coordinates": [
          -118.548181,
          34.091297
        ]
      },
      "properties": {
        "tract_id": "06037980019",
        "population": 128,
        "density_per_sqkm": 3
      }
    },
    {
      "type": "Feature",
      "geometry": {
        "type": "Point",
        "coordinates": [
          -118.414462,
          33.992294
        ]
      },
      "properties": {
        "tract_id": "06037275500",
        "population": 5307,
        "density_per_sqkm": 6964
      }
    },
    {
      "type": "Feature",
      "geometry": {
        "type": "Point",
        "coordinates": [
          -118.143832,
          34.163369
        ]
      },
      "properties": {
        "tract_id": "06037462001",
        "population": 3501,
        "density_per_sqkm": 6842
      }
    },
    {
      "type": "Feature",
      "geometry": {
        "type": "Point",
        "coordinates": [
          -118.136837,
          34.140864
        ]
      },
      "properties": {
        "tract_id": "06037463601",
        "population": 6231,
        "density_per_sqkm": 6713
      }
    },
    {
      "type": "Feature",
      "geometry": {
        "type": "Point",
        "coordinates": [
          -118.634087,
          34.481285
        ]
      },
      "properties": {
        "tract_id": "06037920116",
        "population": 5057,
        "density_per_sqkm": 681
      }
    },
    {
      "type": "Feature",
      "geometry": {
        "type": "Point",
        "coordinates": [
          -118.643282,
          34.465305
        ]
      },
      "properties": {
        "tract_id": "06037920119",
        "population": 1833,
        "density_per_sqkm": 367
      }
    },
    {
      "type": "Feature",
      "geometry": {
        "type": "Point",
        "coordinates": [
          -118.348502,
          34.074854
        ]
      },
      "properties": {
        "tract_id": "06037214000",
        "population": 3808,
        "density_per_sqkm": 3765
      }
    },
    {
      "type": "Feature",
      "geometry": {
        "type": "Point",
        "coordinates": [
          -118.048492,
          34.172959
        ]
      },
      "properties": {
        "tract_id": "06037430501",
        "population": 4154,
        "density_per_sqkm": 884
      }
    },
    {
      "type": "Feature",
      "geometry": {
        "type": "Point",
        "coordinates": [
          -118.572059,
          34.148038
        ]
      },
      "properties": {
        "tract_id": "06037137504",
        "population": 1920,
        "density_per_sqkm": 500
      }
    },
    {
      "type": "Feature",
      "geometry": {
        "type": "Point",
        "coordinates": [
          -118.20974,
          34.129723
        ]
      },
      "properties": {
        "tract_id": "06037181600",
        "population": 4247,
        "density_per_sqkm": 3398
      }
    },
    {
      "type": "Feature",
      "geometry": {
        "type": "Point",
        "coordinates": [
          -118.181787,
          34.122507
        ]
      },
      "properties": {
        "tract_id": "06037183101",
        "population": 3659,
        "density_per_sqkm": 3780
      }
    },
    {
      "type": "Feature",
      "geometry": {
        "type": "Point",
        "coordinates": [
          -118.561106,
          34.186835
        ]
      },
      "properties": {
        "tract_id": "06037134901",
        "population": 3266,
        "density_per_sqkm": 3101
      }
    },
    {
      "type": "Feature",
      "geometry": {
        "type": "Point",
        "coordinates": [
          -118.231739,
          34.057546
        ]
      },
      "properties": {
        "tract_id": "06037206020",
        "population": 5577,
        "density_per_sqkm": 6614
      }
    },
    {
      "type": "Feature",
      "geometry": {
        "type": "Point",
        "coordinates": [
          -118.211796,
          34.018755
        ]
      },
      "properties": {
        "tract_id": "06037205120",
        "population": 3858,
        "density_per_sqkm": 2631
      }
    },
    {
      "type": "Feature",
      "geometry": {
        "type": "Point",
        "coordinates": [
          -118.197497,
          34.0175
        ]
      },
      "properties": {
        "tract_id": "06037204920",
        "population": 2537,
        "density_per_sqkm": 2788
      }
    },
    {
      "type": "Feature",
      "geometry": {
        "type": "Point",
        "coordinates": [
          -118.214298,
          34.024506
        ]
      },
      "properties": {
        "tract_id": "06037205110",
        "population": 3850,
        "density_per_sqkm": 13416
      }
    },
    {
      "type": "Feature",
      "geometry": {
        "type": "Point",
        "coordinates": [
          -118.231222,
          34.068822
        ]
      },
      "properties": {
        "tract_id": "06037206010",
        "population": 3335,
        "density_per_sqkm": 2352
      }
    },
    {
      "type": "Feature",
      "geometry": {
        "type": "Point",
        "coordinates": [
          -118.222886,
          34.031511
        ]
      },
      "properties": {
        "tract_id": "06037206050",
        "population": 2312,
        "density_per_sqkm": 1407
      }
    },
    {
      "type": "Feature",
      "geometry": {
        "type": "Point",
        "coordinates": [
          -118.513263,
          34.141196
        ]
      },
      "properties": {
        "tract_id": "06037139704",
        "population": 2624,
        "density_per_sqkm": 452
      }
    },
    {
      "type": "Feature",
      "geometry": {
        "type": "Point",
        "coordinates": [
          -118.206146,
          33.933851
        ]
      },
      "properties": {
        "tract_id": "06037540202",
        "population": 6497,
        "density_per_sqkm": 8582
      }
    },
    {
      "type": "Feature",
      "geometry": {
        "type": "Point",
        "coordinates": [
          -118.204389,
          33.927509
        ]
      },
      "properties": {
        "tract_id": "06037540203",
        "population": 5135,
        "density_per_sqkm": 5698
      }
    },
    {
      "type": "Feature",
      "geometry": {
        "type": "Point",
        "coordinates": [
          -117.985029,
          34.070754
        ]
      },
      "properties": {
        "tract_id": "06037404702",
        "population": 5662,
        "density_per_sqkm": 4897
      }
    },
    {
      "type": "Feature",
      "geometry": {
        "type": "Point",
        "coordinates": [
          -118.196694,
          34.638538
        ]
      },
      "properties": {
        "tract_id": "06037910211",
        "population": 1916,
        "density_per_sqkm": 469
      }
    },
    {
      "type": "Feature",
      "geometry": {
        "type": "Point",
        "coordinates": [
          -118.24499,
          34.652883
        ]
      },
      "properties": {
        "tract_id": "06037901215",
        "population": 4112,
        "density_per_sqkm": 1579
      }
    },
    {
      "type": "Feature",
      "geometry": {
        "type": "Point",
        "coordinates": [
          -118.386411,
          34.117582
        ]
      },
      "properties": {
        "tract_id": "06037261103",
        "population": 1880,
        "density_per_sqkm": 904
      }
    },
    {
      "type": "Feature",
      "geometry": {
        "type": "Point",
        "coordinates": [
          -118.308333,
          34.513356
        ]
      },
      "properties": {
        "tract_id": "06037910814",
        "population": 3601,
        "density_per_sqkm": 45
      }
    },
    {
      "type": "Feature",
      "geometry": {
        "type": "Point",
        "coordinates": [
          -118.411676,
          34.552209
        ]
      },
      "properties": {
        "tract_id": "06037920050",
        "population": 1328,
        "density_per_sqkm": 6
      }
    },
    {
      "type": "Feature",
      "geometry": {
        "type": "Point",
        "coordinates": [
          -118.306743,
          34.625798
        ]
      },
      "properties": {
        "tract_id": "06037901217",
        "population": 1529,
        "density_per_sqkm": 26
      }
    },
    {
      "type": "Feature",
      "geometry": {
        "type": "Point",
        "coordinates": [
          -118.100433,
          34.012255
        ]
      },
      "properties": {
        "tract_id": "06037530101",
        "population": 5333,
        "density_per_sqkm": 5393
      }
    },
    {
      "type": "Feature",
      "geometry": {
        "type": "Point",
        "coordinates": [
          -118.318385,
          34.253969
        ]
      },
      "properties": {
        "tract_id": "06037103401",
        "population": 2516,
        "density_per_sqkm": 1795
      }
    },
    {
      "type": "Feature",
      "geometry": {
        "type": "Point",
        "coordinates": [
          -118.552995,
          34.481488
        ]
      },
      "properties": {
        "tract_id": "06037920120",
        "population": 4192,
        "density_per_sqkm": 570
      }
    },
    {
      "type": "Feature",
      "geometry": {
        "type": "Point",
        "coordinates": [
          -118.512846,
          34.261208
        ]
      },
      "properties": {
        "tract_id": "06037111303",
        "population": 4429,
        "density_per_sqkm": 2832
      }
    },
    {
      "type": "Feature",
      "geometry": {
        "type": "Point",
        "coordinates": [
          -118.138941,
          34.659777
        ]
      },
      "properties": {
        "tract_id": "06037900704",
        "population": 3584,
        "density_per_sqkm": 693
      }
    },
    {
      "type": "Feature",
      "geometry": {
        "type": "Point",
        "coordinates": [
          -118.164111,
          34.436843
        ]
      },
      "properties": {
        "tract_id": "06037910815",
        "population": 5142,
        "density_per_sqkm": 11
      }
    },
    {
      "type": "Feature",
      "geometry": {
        "type": "Point",
        "coordinates": [
          -118.128038,
          34.11721
        ]
      },
      "properties": {
        "tract_id": "06037464102",
        "population": 3989,
        "density_per_sqkm": 1294
      }
    },
    {
      "type": "Feature",
      "geometry": {
        "type": "Point",
        "coordinates": [
          -118.113856,
          34.123596
        ]
      },
      "properties": {
        "tract_id": "06037464101",
        "population": 2770,
        "density_per_sqkm": 872
      }
    },
    {
      "type": "Feature",
      "geometry": {
        "type": "Point",
        "coordinates": [
          -118.28719,
          34.062718
        ]
      },
      "properties": {
        "tract_id": "06037211123",
        "population": 2097,
        "density_per_sqkm": 12190
      }
    },
    {
      "type": "Feature",
      "geometry": {
        "type": "Point",
        "coordinates": [
          -118.238102,
          34.22806
        ]
      },
      "properties": {
        "tract_id": "06037300200",
        "population": 5492,
        "density_per_sqkm": 2825
      }
    },
    {
      "type": "Feature",
      "geometry": {
        "type": "Point",
        "coordinates": [
          -117.98918,
          34.064535
        ]
      },
      "properties": {
        "tract_id": "06037404703",
        "population": 2912,
        "density_per_sqkm": 2414
      }
    },
    {
      "type": "Feature",
      "geometry": {
        "type": "Point",
        "coordinates": [
          -118.401808,
          33.891572
        ]
      },
      "properties": {
        "tract_id": "06037620303",
        "population": 4704,
        "density_per_sqkm": 4062
      }
    },
    {
      "type": "Feature",
      "geometry": {
        "type": "Point",
        "coordinates": [
          -118.212824,
          34.106226
        ]
      },
      "properties": {
        "tract_id": "06037185102",
        "population": 2990,
        "density_per_sqkm": 2044
      }
    },
    {
      "type": "Feature",
      "geometry": {
        "type": "Point",
        "coordinates": [
          -118.34133,
          34.097709
        ]
      },
      "properties": {
        "tract_id": "06037190102",
        "population": 2737,
        "density_per_sqkm": 7275
      }
    },
    {
      "type": "Feature",
      "geometry": {
        "type": "Point",
        "coordinates": [
          -118.590827,
          34.231675
        ]
      },
      "properties": {
        "tract_id": "06037113425",
        "population": 4020,
        "density_per_sqkm": 12003
      }
    },
    {
      "type": "Feature",
      "geometry": {
        "type": "Point",
        "coordinates": [
          -118.218846,
          34.223793
        ]
      },
      "properties": {
        "tract_id": "06037460601",
        "population": 5488,
        "density_per_sqkm": 1131
      }
    },
    {
      "type": "Feature",
      "geometry": {
        "type": "Point",
        "coordinates": [
          -118.330582,
          33.911073
        ]
      },
      "properties": {
        "tract_id": "06037602512",
        "population": 2442,
        "density_per_sqkm": 8096
      }
    },
    {
      "type": "Feature",
      "geometry": {
        "type": "Point",
        "coordinates": [
          -118.153089,
          33.88514
        ]
      },
      "properties": {
        "tract_id": "06037553902",
        "population": 5977,
        "density_per_sqkm": 5661
      }
    },
    {
      "type": "Feature",
      "geometry": {
        "type": "Point",
        "coordinates": [
          -118.193184,
          33.856035
        ]
      },
      "properties": {
        "tract_id": "06037570304",
        "population": 5007,
        "density_per_sqkm": 9171
      }
    },
    {
      "type": "Feature",
      "geometry": {
        "type": "Point",
        "coordinates": [
          -117.885807,
          34.114098
        ]
      },
      "properties": {
        "tract_id": "06037404000",
        "population": 4545,
        "density_per_sqkm": 3450
      }
    },
    {
      "type": "Feature",
      "geometry": {
        "type": "Point",
        "coordinates": [
          -117.894693,
          34.11426
        ]
      },
      "properties": {
        "tract_id": "06037404100",
        "population": 6137,
        "density_per_sqkm": 4550
      }
    },
    {
      "type": "Feature",
      "geometry": {
        "type": "Point",
        "coordinates": [
          -118.418084,
          34.271658
        ]
      },
      "properties": {
        "tract_id": "06037104321",
        "population": 3009,
        "density_per_sqkm": 5788
      }
    },
    {
      "type": "Feature",
      "geometry": {
        "type": "Point",
        "coordinates": [
          -118.593872,
          34.226173
        ]
      },
      "properties": {
        "tract_id": "06037113234",
        "population": 4542,
        "density_per_sqkm": 4484
      }
    },
    {
      "type": "Feature",
      "geometry": {
        "type": "Point",
        "coordinates": [
          -118.421875,
          34.274239
        ]
      },
      "properties": {
        "tract_id": "06037104322",
        "population": 2233,
        "density_per_sqkm": 3225
      }
    },
    {
      "type": "Feature",
      "geometry": {
        "type": "Point",
        "coordinates": [
          -118.561655,
          34.293083
        ]
      },
      "properties": {
        "tract_id": "06037108203",
        "population": 3577,
        "density_per_sqkm": 2606
      }
    },
    {
      "type": "Feature",
      "geometry": {
        "type": "Point",
        "coordinates": [
          -118.496691,
          34.253929
        ]
      },
      "properties": {
        "tract_id": "06037111401",
        "population": 2406,
        "density_per_sqkm": 2862
      }
    },
    {
      "type": "Feature",
      "geometry": {
        "type": "Point",
        "coordinates": [
          -118.352211,
          33.978657
        ]
      },
      "properties": {
        "tract_id": "06037600911",
        "population": 3282,
        "density_per_sqkm": 4805
      }
    },
    {
      "type": "Feature",
      "geometry": {
        "type": "Point",
        "coordinates": [
          -118.304658,
          33.935464
        ]
      },
      "properties": {
        "tract_id": "06037600302",
        "population": 3472,
        "density_per_sqkm": 4237
      }
    },
    {
      "type": "Feature",
      "geometry": {
        "type": "Point",
        "coordinates": [
          -118.252116,
          33.864887
        ]
      },
      "properties": {
        "tract_id": "06037543321",
        "population": 6034,
        "density_per_sqkm": 1419
      }
    },
    {
      "type": "Feature",
      "geometry": {
        "type": "Point",
        "coordinates": [
          -118.336214,
          33.965874
        ]
      },
      "properties": {
        "tract_id": "06037600802",
        "population": 2643,
        "density_per_sqkm": 1362
      }
    },
    {
      "type": "Feature",
      "geometry": {
        "type": "Point",
        "coordinates": [
          -118.352257,
          33.972041
        ]
      },
      "properties": {
        "tract_id": "06037600902",
        "population": 6798,
        "density_per_sqkm": 8493
      }
    },
    {
      "type": "Feature",
      "geometry": {
        "type": "Point",
        "coordinates": [
          -118.545406,
          34.397134
        ]
      },
      "properties": {
        "tract_id": "06037920331",
        "population": 3751,
        "density_per_sqkm": 2513
      }
    },
    {
      "type": "Feature",
      "geometry": {
        "type": "Point",
        "coordinates": [
          -117.963389,
          33.988654
        ]
      },
      "properties": {
        "tract_id": "06037408625",
        "population": 4336,
        "density_per_sqkm": 2018
      }
    },
    {
      "type": "Feature",
      "geometry": {
        "type": "Point",
        "coordinates": [
          -118.270999,
          34.248778
        ]
      },
      "properties": {
        "tract_id": "06037101300",
        "population": 4269,
        "density_per_sqkm": 1654
      }
    },
    {
      "type": "Feature",
      "geometry": {
        "type": "Point",
        "coordinates": [
          -117.972698,
          34.087593
        ]
      },
      "properties": {
        "tract_id": "06037404903",
        "population": 2742,
        "density_per_sqkm": 5028
      }
    },
    {
      "type": "Feature",
      "geometry": {
        "type": "Point",
        "coordinates": [
          -118.334276,
          34.127696
        ]
      },
      "properties": {
        "tract_id": "06037189703",
        "population": 2259,
        "density_per_sqkm": 742
      }
    },
    {
      "type": "Feature",
      "geometry": {
        "type": "Point",
        "coordinates": [
          -118.077839,
          34.138391
        ]
      },
      "properties": {
        "tract_id": "06037463103",
        "population": 6074,
        "density_per_sqkm": 1659
      }
    },
    {
      "type": "Feature",
      "geometry": {
        "type": "Point",
        "coordinates": [
          -118.343166,
          34.134102
        ]
      },
      "properties": {
        "tract_id": "06037189704",
        "population": 2786,
        "density_per_sqkm": 2928
      }
    },
    {
      "type": "Feature",
      "geometry": {
        "type": "Point",
        "coordinates": [
          -118.374363,
          34.133883
        ]
      },
      "properties": {
        "tract_id": "06037143802",
        "population": 2298,
        "density_per_sqkm": 1973
      }
    },
    {
      "type": "Feature",
      "geometry": {
        "type": "Point",
        "coordinates": [
          -118.491626,
          34.140046
        ]
      },
      "properties": {
        "tract_id": "06037139705",
        "population": 3643,
        "density_per_sqkm": 1197
      }
    },
    {
      "type": "Feature",
      "geometry": {
        "type": "Point",
        "coordinates": [
          -118.311457,
          34.103547
        ]
      },
      "properties": {
        "tract_id": "06037190303",
        "population": 2470,
        "density_per_sqkm": 15105
      }
    },
    {
      "type": "Feature",
      "geometry": {
        "type": "Point",
        "coordinates": [
          -118.386358,
          34.15117
        ]
      },
      "properties": {
        "tract_id": "06037143302",
        "population": 3367,
        "density_per_sqkm": 3268
      }
    },
    {
      "type": "Feature",
      "geometry": {
        "type": "Point",
        "coordinates": [
          -118.413869,
          34.153494
        ]
      },
      "properties": {
        "tract_id": "06037143401",
        "population": 4632,
        "density_per_sqkm": 4176
      }
    },
    {
      "type": "Feature",
      "geometry": {
        "type": "Point",
        "coordinates": [
          -118.717601,
          34.153153
        ]
      },
      "properties": {
        "tract_id": "06037800328",
        "population": 1291,
        "density_per_sqkm": 134
      }
    },
    {
      "type": "Feature",
      "geometry": {
        "type": "Point",
        "coordinates": [
          -118.236791,
          33.97077
        ]
      },
      "properties": {
        "tract_id": "06037534900",
        "population": 6241,
        "density_per_sqkm": 5954
      }
    },
    {
      "type": "Feature",
      "geometry": {
        "type": "Point",
        "coordinates": [
          -118.248812,
          33.964428
        ]
      },
      "properties": {
        "tract_id": "06037535101",
        "population": 7329,
        "density_per_sqkm": 6463
      }
    },
    {
      "type": "Feature",
      "geometry": {
        "type": "Point",
        "coordinates": [
          -118.145311,
          33.928083
        ]
      },
      "properties": {
        "tract_id": "06037551201",
        "population": 3673,
        "density_per_sqkm": 4657
      }
    },
    {
      "type": "Feature",
      "geometry": {
        "type": "Point",
        "coordinates": [
          -117.848354,
          33.97794
        ]
      },
      "properties": {
        "tract_id": "06037403305",
        "population": 2076,
        "density_per_sqkm": 1401
      }
    },
    {
      "type": "Feature",
      "geometry": {
        "type": "Point",
        "coordinates": [
          -118.133912,
          33.93528
        ]
      },
      "properties": {
        "tract_id": "06037551300",
        "population": 5450,
        "density_per_sqkm": 3562
      }
    },
    {
      "type": "Feature",
      "geometry": {
        "type": "Point",
        "coordinates": [
          -118.168113,
          33.942574
        ]
      },
      "properties": {
        "tract_id": "06037536102",
        "population": 3343,
        "density_per_sqkm": 1206
      }
    },
    {
      "type": "Feature",
      "geometry": {
        "type": "Point",
        "coordinates": [
          -118.221112,
          33.941944
        ]
      },
      "properties": {
        "tract_id": "06037535607",
        "population": 4521,
        "density_per_sqkm": 4803
      }
    },
    {
      "type": "Feature",
      "geometry": {
        "type": "Point",
        "coordinates": [
          -117.880867,
          34.136808
        ]
      },
      "properties": {
        "tract_id": "06037400801",
        "population": 7039,
        "density_per_sqkm": 1963
      }
    },
    {
      "type": "Feature",
      "geometry": {
        "type": "Point",
        "coordinates": [
          -118.137321,
          34.616253
        ]
      },
      "properties": {
        "tract_id": "06037910218",
        "population": 4413,
        "density_per_sqkm": 263
      }
    },
    {
      "type": "Feature",
      "geometry": {
        "type": "Point",
        "coordinates": [
          -118.314112,
          33.936912
        ]
      },
      "properties": {
        "tract_id": "06037600400",
        "population": 3988,
        "density_per_sqkm": 4062
      }
    },
    {
      "type": "Feature",
      "geometry": {
        "type": "Point",
        "coordinates": [
          -118.322057,
          33.934532
        ]
      },
      "properties": {
        "tract_id": "06037600501",
        "population": 2632,
        "density_per_sqkm": 4006
      }
    },
    {
      "type": "Feature",
      "geometry": {
        "type": "Point",
        "coordinates": [
          -118.369998,
          33.887366
        ]
      },
      "properties": {
        "tract_id": "06037620501",
        "population": 5786,
        "density_per_sqkm": 2234
      }
    },
    {
      "type": "Feature",
      "geometry": {
        "type": "Point",
        "coordinates": [
          -118.374973,
          33.87646
        ]
      },
      "properties": {
        "tract_id": "06037620522",
        "population": 5068,
        "density_per_sqkm": 6772
      }
    },
    {
      "type": "Feature",
      "geometry": {
        "type": "Point",
        "coordinates": [
          -118.387354,
          33.894627
        ]
      },
      "properties": {
        "tract_id": "06037620400",
        "population": 5360,
        "density_per_sqkm": 2087
      }
    },
    {
      "type": "Feature",
      "geometry": {
        "type": "Point",
        "coordinates": [
          -118.253896,
          33.881038
        ]
      },
      "properties": {
        "tract_id": "06037543100",
        "population": 6988,
        "density_per_sqkm": 2418
      }
    },
    {
      "type": "Feature",
      "geometry": {
        "type": "Point",
        "coordinates": [
          -117.948687,
          34.140247
        ]
      },
      "properties": {
        "tract_id": "06037430005",
        "population": 3835,
        "density_per_sqkm": 3703
      }
    },
    {
      "type": "Feature",
      "geometry": {
        "type": "Point",
        "coordinates": [
          -118.742649,
          34.123202
        ]
      },
      "properties": {
        "tract_id": "06037800336",
        "population": 2934,
        "density_per_sqkm": 148
      }
    },
    {
      "type": "Feature",
      "geometry": {
        "type": "Point",
        "coordinates": [
          -118.541652,
          34.279306
        ]
      },
      "properties": {
        "tract_id": "06037108101",
        "population": 2324,
        "density_per_sqkm": 2059
      }
    },
    {
      "type": "Feature",
      "geometry": {
        "type": "Point",
        "coordinates": [
          -118.285479,
          33.944689
        ]
      },
      "properties": {
        "tract_id": "06037240402",
        "population": 3856,
        "density_per_sqkm": 6413
      }
    },
    {
      "type": "Feature",
      "geometry": {
        "type": "Point",
        "coordinates": [
          -118.266551,
          33.929306
        ]
      },
      "properties": {
        "tract_id": "06037241001",
        "population": 4525,
        "density_per_sqkm": 5005
      }
    },
    {
      "type": "Feature",
      "geometry": {
        "type": "Point",
        "coordinates": [
          -118.175112,
          33.974595
        ]
      },
      "properties": {
        "tract_id": "06037533805",
        "population": 3493,
        "density_per_sqkm": 7846
      }
    },
    {
      "type": "Feature",
      "geometry": {
        "type": "Point",
        "coordinates": [
          -117.793282,
          34.067487
        ]
      },
      "properties": {
        "tract_id": "06037402405",
        "population": 2959,
        "density_per_sqkm": 2919
      }
    },
    {
      "type": "Feature",
      "geometry": {
        "type": "Point",
        "coordinates": [
          -117.731168,
          34.071705
        ]
      },
      "properties": {
        "tract_id": "06037402705",
        "population": 3432,
        "density_per_sqkm": 3965
      }
    },
    {
      "type": "Feature",
      "geometry": {
        "type": "Point",
        "coordinates": [
          -117.823939,
          33.998391
        ]
      },
      "properties": {
        "tract_id": "06037403323",
        "population": 5275,
        "density_per_sqkm": 1676
      }
    },
    {
      "type": "Feature",
      "geometry": {
        "type": "Point",
        "coordinates": [
          -117.814811,
          33.982656
        ]
      },
      "properties": {
        "tract_id": "06037403324",
        "population": 6516,
        "density_per_sqkm": 819
      }
    },
    {
      "type": "Feature",
      "geometry": {
        "type": "Point",
        "coordinates": [
          -118.440289,
          34.044302
        ]
      },
      "properties": {
        "tract_id": "06037267201",
        "population": 2865,
        "density_per_sqkm": 4776
      }
    },
    {
      "type": "Feature",
      "geometry": {
        "type": "Point",
        "coordinates": [
          -118.467257,
          34.041205
        ]
      },
      "properties": {
        "tract_id": "06037267405",
        "population": 2838,
        "density_per_sqkm": 13281
      }
    },
    {
      "type": "Feature",
      "geometry": {
        "type": "Point",
        "coordinates": [
          -117.965298,
          34.03531
        ]
      },
      "properties": {
        "tract_id": "06037407201",
        "population": 3251,
        "density_per_sqkm": 5026
      }
    },
    {
      "type": "Feature",
      "geometry": {
        "type": "Point",
        "coordinates": [
          -118.169909,
          34.104942
        ]
      },
      "properties": {
        "tract_id": "06037480702",
        "population": 4723,
        "density_per_sqkm": 2171
      }
    },
    {
      "type": "Feature",
      "geometry": {
        "type": "Point",
        "coordinates": [
          -118.259681,
          34.017083
        ]
      },
      "properties": {
        "tract_id": "06037226702",
        "population": 2884,
        "density_per_sqkm": 7093
      }
    },
    {
      "type": "Feature",
      "geometry": {
        "type": "Point",
        "coordinates": [
          -118.279603,
          34.02486
        ]
      },
      "properties": {
        "tract_id": "06037224702",
        "population": 3287,
        "density_per_sqkm": 8310
      }
    },
    {
      "type": "Feature",
      "geometry": {
        "type": "Point",
        "coordinates": [
          -118.398319,
          34.025672
        ]
      },
      "properties": {
        "tract_id": "06037270102",
        "population": 2186,
        "density_per_sqkm": 11135
      }
    },
    {
      "type": "Feature",
      "geometry": {
        "type": "Point",
        "coordinates": [
          -118.420198,
          34.047552
        ]
      },
      "properties": {
        "tract_id": "06037267902",
        "population": 4002,
        "density_per_sqkm": 5143
      }
    },
    {
      "type": "Feature",
      "geometry": {
        "type": "Point",
        "coordinates": [
          -118.379452,
          34.041855
        ]
      },
      "properties": {
        "tract_id": "06037269601",
        "population": 3122,
        "density_per_sqkm": 9357
      }
    },
    {
      "type": "Feature",
      "geometry": {
        "type": "Point",
        "coordinates": [
          -118.334357,
          34.153533
        ]
      },
      "properties": {
        "tract_id": "06037311601",
        "population": 2532,
        "density_per_sqkm": 1485
      }
    },
    {
      "type": "Feature",
      "geometry": {
        "type": "Point",
        "coordinates": [
          -118.182436,
          33.922046
        ]
      },
      "properties": {
        "tract_id": "06037540000",
        "population": 6678,
        "density_per_sqkm": 4561
      }
    },
    {
      "type": "Feature",
      "geometry": {
        "type": "Point",
        "coordinates": [
          -118.403904,
          33.999176
        ]
      },
      "properties": {
        "tract_id": "06037275101",
        "population": 1186,
        "density_per_sqkm": 3547
      }
    },
    {
      "type": "Feature",
      "geometry": {
        "type": "Point",
        "coordinates": [
          -118.190186,
          33.93105
        ]
      },
      "properties": {
        "tract_id": "06037540101",
        "population": 6281,
        "density_per_sqkm": 5015
      }
    },
    {
      "type": "Feature",
      "geometry": {
        "type": "Point",
        "coordinates": [
          -118.370358,
          33.976186
        ]
      },
      "properties": {
        "tract_id": "06037276102",
        "population": 3310,
        "density_per_sqkm": 5026
      }
    },
    {
      "type": "Feature",
      "geometry": {
        "type": "Point",
        "coordinates": [
          -118.432722,
          34.267039
        ]
      },
      "properties": {
        "tract_id": "06037104401",
        "population": 3022,
        "density_per_sqkm": 4437
      }
    },
    {
      "type": "Feature",
      "geometry": {
        "type": "Point",
        "coordinates": [
          -118.44672,
          34.30208
        ]
      },
      "properties": {
        "tract_id": "06037107010",
        "population": 3205,
        "density_per_sqkm": 4681
      }
    },
    {
      "type": "Feature",
      "geometry": {
        "type": "Point",
        "coordinates": [
          -118.450482,
          34.297555
        ]
      },
      "properties": {
        "tract_id": "06037107020",
        "population": 5488,
        "density_per_sqkm": 5521
      }
    },
    {
      "type": "Feature",
      "geometry": {
        "type": "Point",
        "coordinates": [
          -118.215315,
          33.961498
        ]
      },
      "properties": {
        "tract_id": "06037535502",
        "population": 4740,
        "density_per_sqkm": 10031
      }
    },
    {
      "type": "Feature",
      "geometry": {
        "type": "Point",
        "coordinates": [
          -118.224208,
          33.95606
        ]
      },
      "properties": {
        "tract_id": "06037535603",
        "population": 4111,
        "density_per_sqkm": 5240
      }
    },
    {
      "type": "Feature",
      "geometry": {
        "type": "Point",
        "coordinates": [
          -118.164791,
          34.018676
        ]
      },
      "properties": {
        "tract_id": "06037531602",
        "population": 4134,
        "density_per_sqkm": 9221
      }
    },
    {
      "type": "Feature",
      "geometry": {
        "type": "Point",
        "coordinates": [
          -118.349069,
          34.027756
        ]
      },
      "properties": {
        "tract_id": "06037219700",
        "population": 4186,
        "density_per_sqkm": 3832
      }
    },
    {
      "type": "Feature",
      "geometry": {
        "type": "Point",
        "coordinates": [
          -118.286498,
          34.030453
        ]
      },
      "properties": {
        "tract_id": "06037221820",
        "population": 2797,
        "density_per_sqkm": 13693
      }
    },
    {
      "type": "Feature",
      "geometry": {
        "type": "Point",
        "coordinates": [
          -118.361951,
          33.869595
        ]
      },
      "properties": {
        "tract_id": "06037620601",
        "population": 5869,
        "density_per_sqkm": 4297
      }
    },
    {
      "type": "Feature",
      "geometry": {
        "type": "Point",
        "coordinates": [
          -118.248836,
          33.958725
        ]
      },
      "properties": {
        "tract_id": "06037535102",
        "population": 4557,
        "density_per_sqkm": 7710
      }
    },
    {
      "type": "Feature",
      "geometry": {
        "type": "Point",
        "coordinates": [
          -118.662388,
          34.193814
        ]
      },
      "properties": {
        "tract_id": "06037135205",
        "population": 2342,
        "density_per_sqkm": 884
      }
    },
    {
      "type": "Feature",
      "geometry": {
        "type": "Point",
        "coordinates": [
          -118.250892,
          33.951259
        ]
      },
      "properties": {
        "tract_id": "06037535200",
        "population": 6031,
        "density_per_sqkm": 6968
      }
    },
    {
      "type": "Feature",
      "geometry": {
        "type": "Point",
        "coordinates": [
          -118.236136,
          33.961584
        ]
      },
      "properties": {
        "tract_id": "06037535300",
        "population": 6511,
        "density_per_sqkm": 6026
      }
    },
    {
      "type": "Feature",
      "geometry": {
        "type": "Point",
        "coordinates": [
          -118.234854,
          33.953754
        ]
      },
      "properties": {
        "tract_id": "06037535400",
        "population": 3595,
        "density_per_sqkm": 4662
      }
    },
    {
      "type": "Feature",
      "geometry": {
        "type": "Point",
        "coordinates": [
          -118.153607,
          34.090921
        ]
      },
      "properties": {
        "tract_id": "06037480803",
        "population": 3418,
        "density_per_sqkm": 3131
      }
    },
    {
      "type": "Feature",
      "geometry": {
        "type": "Point",
        "coordinates": [
          -118.026654,
          33.932492
        ]
      },
      "properties": {
        "tract_id": "06037503201",
        "population": 4002,
        "density_per_sqkm": 2976
      }
    },
    {
      "type": "Feature",
      "geometry": {
        "type": "Point",
        "coordinates": [
          -118.237964,
          33.950737
        ]
      },
      "properties": {
        "tract_id": "06037242201",
        "population": 3696,
        "density_per_sqkm": 9023
      }
    },
    {
      "type": "Feature",
      "geometry": {
        "type": "Point",
        "coordinates": [
          -118.566681,
          34.224243
        ]
      },
      "properties": {
        "tract_id": "06037113423",
        "population": 2639,
        "density_per_sqkm": 3713
      }
    },
    {
      "type": "Feature",
      "geometry": {
        "type": "Point",
        "coordinates": [
          -118.306751,
          34.166077
        ]
      },
      "properties": {
        "tract_id": "06037311801",
        "population": 3066,
        "density_per_sqkm": 5114
      }
    },
    {
      "type": "Feature",
      "geometry": {
        "type": "Point",
        "coordinates": [
          -118.366153,
          34.066497
        ]
      },
      "properties": {
        "tract_id": "06037214700",
        "population": 2731,
        "density_per_sqkm": 4603
      }
    },
    {
      "type": "Feature",
      "geometry": {
        "type": "Point",
        "coordinates": [
          -118.36463,
          33.927354
        ]
      },
      "properties": {
        "tract_id": "06037602202",
        "population": 3112,
        "density_per_sqkm": 6277
      }
    },
    {
      "type": "Feature",
      "geometry": {
        "type": "Point",
        "coordinates": [
          -118.064335,
          33.839575
        ]
      },
      "properties": {
        "tract_id": "06037555107",
        "population": 5729,
        "density_per_sqkm": 4747
      }
    },
    {
      "type": "Feature",
      "geometry": {
        "type": "Point",
        "coordinates": [
          -118.086208,
          34.120592
        ]
      },
      "properties": {
        "tract_id": "06037480002",
        "population": 3416,
        "density_per_sqkm": 2433
      }
    },
    {
      "type": "Feature",
      "geometry": {
        "type": "Point",
        "coordinates": [
          -118.466982,
          33.997591
        ]
      },
      "properties": {
        "tract_id": "06037273200",
        "population": 3596,
        "density_per_sqkm": 5595
      }
    },
    {
      "type": "Feature",
      "geometry": {
        "type": "Point",
        "coordinates": [
          -118.472213,
          33.995562
        ]
      },
      "properties": {
        "tract_id": "06037273300",
        "population": 3477,
        "density_per_sqkm": 6063
      }
    },
    {
      "type": "Feature",
      "geometry": {
        "type": "Point",
        "coordinates": [
          -118.459943,
          33.993361
        ]
      },
      "properties": {
        "tract_id": "06037273600",
        "population": 2189,
        "density_per_sqkm": 3719
      }
    },
    {
      "type": "Feature",
      "geometry": {
        "type": "Point",
        "coordinates": [
          -118.04738,
          33.981985
        ]
      },
      "properties": {
        "tract_id": "06037501400",
        "population": 3826,
        "density_per_sqkm": 3605
      }
    },
    {
      "type": "Feature",
      "geometry": {
        "type": "Point",
        "coordinates": [
          -118.036475,
          33.986102
        ]
      },
      "properties": {
        "tract_id": "06037501503",
        "population": 5215,
        "density_per_sqkm": 6480
      }
    },
    {
      "type": "Feature",
      "geometry": {
        "type": "Point",
        "coordinates": [
          -118.438241,
          34.016682
        ]
      },
      "properties": {
        "tract_id": "06037271500",
        "population": 3095,
        "density_per_sqkm": 3401
      }
    },
    {
      "type": "Feature",
      "geometry": {
        "type": "Point",
        "coordinates": [
          -118.42224,
          34.005015
        ]
      },
      "properties": {
        "tract_id": "06037272301",
        "population": 3000,
        "density_per_sqkm": 4967
      }
    },
    {
      "type": "Feature",
      "geometry": {
        "type": "Point",
        "coordinates": [
          -118.427442,
          34.00211
        ]
      },
      "properties": {
        "tract_id": "06037272302",
        "population": 3897,
        "density_per_sqkm": 7715
      }
    },
    {
      "type": "Feature",
      "geometry": {
        "type": "Point",
        "coordinates": [
          -118.459812,
          34.003484
        ]
      },
      "properties": {
        "tract_id": "06037273100",
        "population": 3597,
        "density_per_sqkm": 3056
      }
    },
    {
      "type": "Feature",
      "geometry": {
        "type": "Point",
        "coordinates": [
          -118.034888,
          33.93938
        ]
      },
      "properties": {
        "tract_id": "06037503202",
        "population": 4350,
        "density_per_sqkm": 3813
      }
    },
    {
      "type": "Feature",
      "geometry": {
        "type": "Point",
        "coordinates": [
          -118.518581,
          34.376269
        ]
      },
      "properties": {
        "tract_id": "06037920342",
        "population": 3011,
        "density_per_sqkm": 3705
      }
    },
    {
      "type": "Feature",
      "geometry": {
        "type": "Point",
        "coordinates": [
          -118.282315,
          34.088779
        ]
      },
      "properties": {
        "tract_id": "06037195901",
        "population": 2248,
        "density_per_sqkm": 7728
      }
    },
    {
      "type": "Feature",
      "geometry": {
        "type": "Point",
        "coordinates": [
          -118.279313,
          34.086383
        ]
      },
      "properties": {
        "tract_id": "06037195902",
        "population": 1848,
        "density_per_sqkm": 5573
      }
    },
    {
      "type": "Feature",
      "geometry": {
        "type": "Point",
        "coordinates": [
          -118.28244,
          34.080813
        ]
      },
      "properties": {
        "tract_id": "06037195903",
        "population": 1988,
        "density_per_sqkm": 8350
      }
    },
    {
      "type": "Feature",
      "geometry": {
        "type": "Point",
        "coordinates": [
          -118.177462,
          34.072697
        ]
      },
      "properties": {
        "tract_id": "06037201601",
        "population": 2183,
        "density_per_sqkm": 4040
      }
    },
    {
      "type": "Feature",
      "geometry": {
        "type": "Point",
        "coordinates": [
          -118.167892,
          34.07715
        ]
      },
      "properties": {
        "tract_id": "06037201602",
        "population": 2686,
        "density_per_sqkm": 2520
      }
    },
    {
      "type": "Feature",
      "geometry": {
        "type": "Point",
        "coordinates": [
          -118.521503,
          34.478293
        ]
      },
      "properties": {
        "tract_id": "06037920015",
        "population": 6724,
        "density_per_sqkm": 784
      }
    },
    {
      "type": "Feature",
      "geometry": {
        "type": "Point",
        "coordinates": [
          -118.073897,
          34.013884
        ]
      },
      "properties": {
        "tract_id": "06037500404",
        "population": 4767,
        "density_per_sqkm": 4067
      }
    },
    {
      "type": "Feature",
      "geometry": {
        "type": "Point",
        "coordinates": [
          -118.070222,
          33.988624
        ]
      },
      "properties": {
        "tract_id": "06037501001",
        "population": 3023,
        "density_per_sqkm": 4219
      }
    },
    {
      "type": "Feature",
      "geometry": {
        "type": "Point",
        "coordinates": [
          -118.239031,
          33.83244
        ]
      },
      "properties": {
        "tract_id": "06037543306",
        "population": 6778,
        "density_per_sqkm": 1936
      }
    },
    {
      "type": "Feature",
      "geometry": {
        "type": "Point",
        "coordinates": [
          -118.188696,
          33.778968
        ]
      },
      "properties": {
        "tract_id": "06037576301",
        "population": 4564,
        "density_per_sqkm": 8320
      }
    },
    {
      "type": "Feature",
      "geometry": {
        "type": "Point",
        "coordinates": [
          -118.156767,
          33.780779
        ]
      },
      "properties": {
        "tract_id": "06037576903",
        "population": 3814,
        "density_per_sqkm": 11746
      }
    },
    {
      "type": "Feature",
      "geometry": {
        "type": "Point",
        "coordinates": [
          -118.128053,
          33.741888
        ]
      },
      "properties": {
        "tract_id": "06037577504",
        "population": 1393,
        "density_per_sqkm": 3439
      }
    },
    {
      "type": "Feature",
      "geometry": {
        "type": "Point",
        "coordinates": [
          -117.836975,
          33.993337
        ]
      },
      "properties": {
        "tract_id": "06037403328",
        "population": 5936,
        "density_per_sqkm": 2127
      }
    },
    {
      "type": "Feature",
      "geometry": {
        "type": "Point",
        "coordinates": [
          -118.161645,
          33.970206
        ]
      },
      "properties": {
        "tract_id": "06037534102",
        "population": 5742,
        "density_per_sqkm": 7178
      }
    },
    {
      "type": "Feature",
      "geometry": {
        "type": "Point",
        "coordinates": [
          -118.52781,
          34.442329
        ]
      },
      "properties": {
        "tract_id": "06037920017",
        "population": 4241,
        "density_per_sqkm": 2050
      }
    },
    {
      "type": "Feature",
      "geometry": {
        "type": "Point",
        "coordinates": [
          -118.529546,
          34.455894
        ]
      },
      "properties": {
        "tract_id": "06037920018",
        "population": 2184,
        "density_per_sqkm": 2257
      }
    },
    {
      "type": "Feature",
      "geometry": {
        "type": "Point",
        "coordinates": [
          -118.239522,
          34.111788
        ]
      },
      "properties": {
        "tract_id": "06037186403",
        "population": 2521,
        "density_per_sqkm": 4620
      }
    },
    {
      "type": "Feature",
      "geometry": {
        "type": "Point",
        "coordinates": [
          -118.311193,
          33.970929
        ]
      },
      "properties": {
        "tract_id": "06037237900",
        "population": 3726,
        "density_per_sqkm": 3803
      }
    },
    {
      "type": "Feature",
      "geometry": {
        "type": "Point",
        "coordinates": [
          -118.354901,
          34.042282
        ]
      },
      "properties": {
        "tract_id": "06037218300",
        "population": 5206,
        "density_per_sqkm": 5840
      }
    },
    {
      "type": "Feature",
      "geometry": {
        "type": "Point",
        "coordinates": [
          -118.117102,
          33.863466
        ]
      },
      "properties": {
        "tract_id": "06037570001",
        "population": 4430,
        "density_per_sqkm": 2891
      }
    },
    {
      "type": "Feature",
      "geometry": {
        "type": "Point",
        "coordinates": [
          -118.342459,
          34.049584
        ]
      },
      "properties": {
        "tract_id": "06037217200",
        "population": 3887,
        "density_per_sqkm": 4229
      }
    },
    {
      "type": "Feature",
      "geometry": {
        "type": "Point",
        "coordinates": [
          -118.327553,
          34.044325
        ]
      },
      "properties": {
        "tract_id": "06037218110",
        "population": 3120,
        "density_per_sqkm": 5212
      }
    },
    {
      "type": "Feature",
      "geometry": {
        "type": "Point",
        "coordinates": [
          -118.342306,
          34.042791
        ]
      },
      "properties": {
        "tract_id": "06037218210",
        "population": 3951,
        "density_per_sqkm": 10170
      }
    },
    {
      "type": "Feature",
      "geometry": {
        "type": "Point",
        "coordinates": [
          -118.334892,
          34.043401
        ]
      },
      "properties": {
        "tract_id": "06037218220",
        "population": 4123,
        "density_per_sqkm": 6128
      }
    },
    {
      "type": "Feature",
      "geometry": {
        "type": "Point",
        "coordinates": [
          -118.257241,
          34.2294
        ]
      },
      "properties": {
        "tract_id": "06037300400",
        "population": 5948,
        "density_per_sqkm": 2968
      }
    },
    {
      "type": "Feature",
      "geometry": {
        "type": "Point",
        "coordinates": [
          -118.252678,
          34.202863
        ]
      },
      "properties": {
        "tract_id": "06037300701",
        "population": 6263,
        "density_per_sqkm": 469
      }
    },
    {
      "type": "Feature",
      "geometry": {
        "type": "Point",
        "coordinates": [
          -118.42677,
          34.172274
        ]
      },
      "properties": {
        "tract_id": "06037124500",
        "population": 2880,
        "density_per_sqkm": 3565
      }
    },
    {
      "type": "Feature",
      "geometry": {
        "type": "Point",
        "coordinates": [
          -118.260948,
          34.166257
        ]
      },
      "properties": {
        "tract_id": "06037301203",
        "population": 4417,
        "density_per_sqkm": 8069
      }
    },
    {
      "type": "Feature",
      "geometry": {
        "type": "Point",
        "coordinates": [
          -118.444362,
          34.197565
        ]
      },
      "properties": {
        "tract_id": "06037127910",
        "population": 5209,
        "density_per_sqkm": 8017
      }
    },
    {
      "type": "Feature",
      "geometry": {
        "type": "Point",
        "coordinates": [
          -118.383561,
          34.194564
        ]
      },
      "properties": {
        "tract_id": "06037123205",
        "population": 2503,
        "density_per_sqkm": 3303
      }
    },
    {
      "type": "Feature",
      "geometry": {
        "type": "Point",
        "coordinates": [
          -118.54,
          34.286426
        ]
      },
      "properties": {
        "tract_id": "06037108103",
        "population": 3190,
        "density_per_sqkm": 1244
      }
    },
    {
      "type": "Feature",
      "geometry": {
        "type": "Point",
        "coordinates": [
          -118.162398,
          33.788124
        ]
      },
      "properties": {
        "tract_id": "06037575101",
        "population": 4568,
        "density_per_sqkm": 10864
      }
    },
    {
      "type": "Feature",
      "geometry": {
        "type": "Point",
        "coordinates": [
          -117.755025,
          34.689286
        ]
      },
      "properties": {
        "tract_id": "06037900102",
        "population": 830,
        "density_per_sqkm": 2
      }
    },
    {
      "type": "Feature",
      "geometry": {
        "type": "Point",
        "coordinates": [
          -118.526178,
          34.189965
        ]
      },
      "properties": {
        "tract_id": "06037132700",
        "population": 5038,
        "density_per_sqkm": 3843
      }
    },
    {
      "type": "Feature",
      "geometry": {
        "type": "Point",
        "coordinates": [
          -118.455247,
          34.154945
        ]
      },
      "properties": {
        "tract_id": "06037141303",
        "population": 3191,
        "density_per_sqkm": 12144
      }
    },
    {
      "type": "Feature",
      "geometry": {
        "type": "Point",
        "coordinates": [
          -118.22419,
          34.120029
        ]
      },
      "properties": {
        "tract_id": "06037186202",
        "population": 1985,
        "density_per_sqkm": 4862
      }
    },
    {
      "type": "Feature",
      "geometry": {
        "type": "Point",
        "coordinates": [
          -118.279754,
          34.116401
        ]
      },
      "properties": {
        "tract_id": "06037188202",
        "population": 2460,
        "density_per_sqkm": 3238
      }
    },
    {
      "type": "Feature",
      "geometry": {
        "type": "Point",
        "coordinates": [
          -118.351588,
          34.100603
        ]
      },
      "properties": {
        "tract_id": "06037189905",
        "population": 2462,
        "density_per_sqkm": 9529
      }
    },
    {
      "type": "Feature",
      "geometry": {
        "type": "Point",
        "coordinates": [
          -118.101945,
          33.803427
        ]
      },
      "properties": {
        "tract_id": "06037574400",
        "population": 5420,
        "density_per_sqkm": 1627
      }
    },
    {
      "type": "Feature",
      "geometry": {
        "type": "Point",
        "coordinates": [
          -117.912678,
          34.103394
        ]
      },
      "properties": {
        "tract_id": "06037405800",
        "population": 5755,
        "density_per_sqkm": 3036
      }
    },
    {
      "type": "Feature",
      "geometry": {
        "type": "Point",
        "coordinates": [
          -118.137825,
          33.791335
        ]
      },
      "properties": {
        "tract_id": "06037574902",
        "population": 5192,
        "density_per_sqkm": 6463
      }
    },
    {
      "type": "Feature",
      "geometry": {
        "type": "Point",
        "coordinates": [
          -118.147423,
          33.794783
        ]
      },
      "properties": {
        "tract_id": "06037575001",
        "population": 4144,
        "density_per_sqkm": 4250
      }
    },
    {
      "type": "Feature",
      "geometry": {
        "type": "Point",
        "coordinates": [
          -118.143468,
          33.785783
        ]
      },
      "properties": {
        "tract_id": "06037575002",
        "population": 4760,
        "density_per_sqkm": 4933
      }
    },
    {
      "type": "Feature",
      "geometry": {
        "type": "Point",
        "coordinates": [
          -118.296503,
          33.893302
        ]
      },
      "properties": {
        "tract_id": "06037603004",
        "population": 1846,
        "density_per_sqkm": 8184
      }
    },
    {
      "type": "Feature",
      "geometry": {
        "type": "Point",
        "coordinates": [
          -118.20031,
          34.154273
        ]
      },
      "properties": {
        "tract_id": "06037300902",
        "population": 2012,
        "density_per_sqkm": 458
      }
    },
    {
      "type": "Feature",
      "geometry": {
        "type": "Point",
        "coordinates": [
          -118.384502,
          34.025467
        ]
      },
      "properties": {
        "tract_id": "06037702400",
        "population": 4677,
        "density_per_sqkm": 2359
      }
    },
    {
      "type": "Feature",
      "geometry": {
        "type": "Point",
        "coordinates": [
          -118.120934,
          34.711477
        ]
      },
      "properties": {
        "tract_id": "06037900602",
        "population": 6016,
        "density_per_sqkm": 1170
      }
    },
    {
      "type": "Feature",
      "geometry": {
        "type": "Point",
        "coordinates": [
          -118.011173,
          33.922525
        ]
      },
      "properties": {
        "tract_id": "06037503601",
        "population": 4189,
        "density_per_sqkm": 3011
      }
    },
    {
      "type": "Feature",
      "geometry": {
        "type": "Point",
        "coordinates": [
          -118.002236,
          33.912121
        ]
      },
      "properties": {
        "tract_id": "06037503602",
        "population": 3838,
        "density_per_sqkm": 1169
      }
    },
    {
      "type": "Feature",
      "geometry": {
        "type": "Point",
        "coordinates": [
          -117.994842,
          33.927418
        ]
      },
      "properties": {
        "tract_id": "06037503701",
        "population": 4941,
        "density_per_sqkm": 4268
      }
    },
    {
      "type": "Feature",
      "geometry": {
        "type": "Point",
        "coordinates": [
          -118.226618,
          33.90581
        ]
      },
      "properties": {
        "tract_id": "06037542601",
        "population": 2810,
        "density_per_sqkm": 5109
      }
    },
    {
      "type": "Feature",
      "geometry": {
        "type": "Point",
        "coordinates": [
          -118.22631,
          33.899606
        ]
      },
      "properties": {
        "tract_id": "06037542602",
        "population": 5608,
        "density_per_sqkm": 6441
      }
    },
    {
      "type": "Feature",
      "geometry": {
        "type": "Point",
        "coordinates": [
          -118.352024,
          34.138678
        ]
      },
      "properties": {
        "tract_id": "06037980039",
        "population": 0,
        "density_per_sqkm": 0
      }
    },
    {
      "type": "Feature",
      "geometry": {
        "type": "Point",
        "coordinates": [
          -118.084973,
          34.108193
        ]
      },
      "properties": {
        "tract_id": "06037480102",
        "population": 4325,
        "density_per_sqkm": 3521
      }
    },
    {
      "type": "Feature",
      "geometry": {
        "type": "Point",
        "coordinates": [
          -118.247389,
          33.899591
        ]
      },
      "properties": {
        "tract_id": "06037542800",
        "population": 3336,
        "density_per_sqkm": 4217
      }
    },
    {
      "type": "Feature",
      "geometry": {
        "type": "Point",
        "coordinates": [
          -118.100239,
          33.786901
        ]
      },
      "properties": {
        "tract_id": "06037574500",
        "population": 6533,
        "density_per_sqkm": 2563
      }
    },
    {
      "type": "Feature",
      "geometry": {
        "type": "Point",
        "coordinates": [
          -118.107554,
          33.777895
        ]
      },
      "properties": {
        "tract_id": "06037574602",
        "population": 1243,
        "density_per_sqkm": 2165
      }
    },
    {
      "type": "Feature",
      "geometry": {
        "type": "Point",
        "coordinates": [
          -118.127486,
          33.783493
        ]
      },
      "properties": {
        "tract_id": "06037574800",
        "population": 3165,
        "density_per_sqkm": 2856
      }
    },
    {
      "type": "Feature",
      "geometry": {
        "type": "Point",
        "coordinates": [
          -118.125176,
          33.792143
        ]
      },
      "properties": {
        "tract_id": "06037574901",
        "population": 3829,
        "density_per_sqkm": 2855
      }
    },
    {
      "type": "Feature",
      "geometry": {
        "type": "Point",
        "coordinates": [
          -118.385794,
          34.136898
        ]
      },
      "properties": {
        "tract_id": "06037143801",
        "population": 2926,
        "density_per_sqkm": 2044
      }
    },
    {
      "type": "Feature",
      "geometry": {
        "type": "Point",
        "coordinates": [
          -118.304441,
          33.908966
        ]
      },
      "properties": {
        "tract_id": "06037602900",
        "population": 4293,
        "density_per_sqkm": 1535
      }
    },
    {
      "type": "Feature",
      "geometry": {
        "type": "Point",
        "coordinates": [
          -118.236961,
          33.900736
        ]
      },
      "properties": {
        "tract_id": "06037542700",
        "population": 5684,
        "density_per_sqkm": 5807
      }
    },
    {
      "type": "Feature",
      "geometry": {
        "type": "Point",
        "coordinates": [
          -118.245365,
          33.891879
        ]
      },
      "properties": {
        "tract_id": "06037542900",
        "population": 3184,
        "density_per_sqkm": 3945
      }
    },
    {
      "type": "Feature",
      "geometry": {
        "type": "Point",
        "coordinates": [
          -118.015141,
          33.94808
        ]
      },
      "properties": {
        "tract_id": "06037503301",
        "population": 3488,
        "density_per_sqkm": 3196
      }
    },
    {
      "type": "Feature",
      "geometry": {
        "type": "Point",
        "coordinates": [
          -118.021369,
          33.941642
        ]
      },
      "properties": {
        "tract_id": "06037503302",
        "population": 6295,
        "density_per_sqkm": 4072
      }
    },
    {
      "type": "Feature",
      "geometry": {
        "type": "Point",
        "coordinates": [
          -117.984667,
          33.935539
        ]
      },
      "properties": {
        "tract_id": "06037503401",
        "population": 7036,
        "density_per_sqkm": 3604
      }
    },
    {
      "type": "Feature",
      "geometry": {
        "type": "Point",
        "coordinates": [
          -118.300249,
          34.175806
        ]
      },
      "properties": {
        "tract_id": "06037310703",
        "population": 5126,
        "density_per_sqkm": 5153
      }
    },
    {
      "type": "Feature",
      "geometry": {
        "type": "Point",
        "coordinates": [
          -118.197404,
          34.079361
        ]
      },
      "properties": {
        "tract_id": "06037199110",
        "population": 2377,
        "density_per_sqkm": 2635
      }
    },
    {
      "type": "Feature",
      "geometry": {
        "type": "Point",
        "coordinates": [
          -118.039508,
          34.014705
        ]
      },
      "properties": {
        "tract_id": "06037500300",
        "population": 3024,
        "density_per_sqkm": 343
      }
    },
    {
      "type": "Feature",
      "geometry": {
        "type": "Point",
        "coordinates": [
          -118.33573,
          33.887274
        ]
      },
      "properties": {
        "tract_id": "06037603702",
        "population": 4993,
        "density_per_sqkm": 1970
      }
    },
    {
      "type": "Feature",
      "geometry": {
        "type": "Point",
        "coordinates": [
          -117.984484,
          33.922261
        ]
      },
      "properties": {
        "tract_id": "06037503702",
        "population": 5453,
        "density_per_sqkm": 3275
      }
    },
    {
      "type": "Feature",
      "geometry": {
        "type": "Point",
        "coordinates": [
          -118.249662,
          34.049428
        ]
      },
      "properties": {
        "tract_id": "06037207305",
        "population": 1181,
        "density_per_sqkm": 5824
      }
    },
    {
      "type": "Feature",
      "geometry": {
        "type": "Point",
        "coordinates": [
          -118.405773,
          34.061869
        ]
      },
      "properties": {
        "tract_id": "06037701000",
        "population": 5301,
        "density_per_sqkm": 3726
      }
    },
    {
      "type": "Feature",
      "geometry": {
        "type": "Point",
        "coordinates": [
          -118.494349,
          34.041204
        ]
      },
      "properties": {
        "tract_id": "06037701201",
        "population": 4228,
        "density_per_sqkm": 2177
      }
    },
    {
      "type": "Feature",
      "geometry": {
        "type": "Point",
        "coordinates": [
          -118.489813,
          34.033924
        ]
      },
      "properties": {
        "tract_id": "06037701202",
        "population": 3498,
        "density_per_sqkm": 8643
      }
    },
    {
      "type": "Feature",
      "geometry": {
        "type": "Point",
        "coordinates": [
          -118.194185,
          33.923195
        ]
      },
      "properties": {
        "tract_id": "06037540102",
        "population": 6833,
        "density_per_sqkm": 5464
      }
    },
    {
      "type": "Feature",
      "geometry": {
        "type": "Point",
        "coordinates": [
          -118.351262,
          34.0067
        ]
      },
      "properties": {
        "tract_id": "06037236400",
        "population": 4346,
        "density_per_sqkm": 3242
      }
    },
    {
      "type": "Feature",
      "geometry": {
        "type": "Point",
        "coordinates": [
          -118.195182,
          33.989875
        ]
      },
      "properties": {
        "tract_id": "06037533402",
        "population": 3902,
        "density_per_sqkm": 8035
      }
    },
    {
      "type": "Feature",
      "geometry": {
        "type": "Point",
        "coordinates": [
          -118.200577,
          33.985456
        ]
      },
      "properties": {
        "tract_id": "06037533501",
        "population": 2958,
        "density_per_sqkm": 7005
      }
    },
    {
      "type": "Feature",
      "geometry": {
        "type": "Point",
        "coordinates": [
          -118.169741,
          33.771829
        ]
      },
      "properties": {
        "tract_id": "06037576503",
        "population": 4093,
        "density_per_sqkm": 13128
      }
    },
    {
      "type": "Feature",
      "geometry": {
        "type": "Point",
        "coordinates": [
          -118.097324,
          34.545797
        ]
      },
      "properties": {
        "tract_id": "06037910707",
        "population": 5968,
        "density_per_sqkm": 896
      }
    },
    {
      "type": "Feature",
      "geometry": {
        "type": "Point",
        "coordinates": [
          -118.187194,
          33.987981
        ]
      },
      "properties": {
        "tract_id": "06037533403",
        "population": 2778,
        "density_per_sqkm": 5909
      }
    },
    {
      "type": "Feature",
      "geometry": {
        "type": "Point",
        "coordinates": [
          -118.146695,
          34.119418
        ]
      },
      "properties": {
        "tract_id": "06037480601",
        "population": 4241,
        "density_per_sqkm": 6002
      }
    },
    {
      "type": "Feature",
      "geometry": {
        "type": "Point",
        "coordinates": [
          -118.304315,
          33.792617
        ]
      },
      "properties": {
        "tract_id": "06037293304",
        "population": 4150,
        "density_per_sqkm": 7287
      }
    },
    {
      "type": "Feature",
      "geometry": {
        "type": "Point",
        "coordinates": [
          -118.13531,
          33.770739
        ]
      },
      "properties": {
        "tract_id": "06037577606",
        "population": 3547,
        "density_per_sqkm": 3064
      }
    },
    {
      "type": "Feature",
      "geometry": {
        "type": "Point",
        "coordinates": [
          -118.322054,
          33.94185
        ]
      },
      "properties": {
        "tract_id": "06037600601",
        "population": 2571,
        "density_per_sqkm": 3975
      }
    },
    {
      "type": "Feature",
      "geometry": {
        "type": "Point",
        "coordinates": [
          -118.330759,
          33.94162
        ]
      },
      "properties": {
        "tract_id": "06037600602",
        "population": 2370,
        "density_per_sqkm": 3433
      }
    },
    {
      "type": "Feature",
      "geometry": {
        "type": "Point",
        "coordinates": [
          -117.733746,
          34.08605
        ]
      },
      "properties": {
        "tract_id": "06037402101",
        "population": 4748,
        "density_per_sqkm": 3991
      }
    },
    {
      "type": "Feature",
      "geometry": {
        "type": "Point",
        "coordinates": [
          -117.878214,
          34.060523
        ]
      },
      "properties": {
        "tract_id": "06037406300",
        "population": 5796,
        "density_per_sqkm": 1076
      }
    },
    {
      "type": "Feature",
      "geometry": {
        "type": "Point",
        "coordinates": [
          -118.174528,
          33.964773
        ]
      },
      "properties": {
        "tract_id": "06037534406",
        "population": 4238,
        "density_per_sqkm": 10468
      }
    },
    {
      "type": "Feature",
      "geometry": {
        "type": "Point",
        "coordinates": [
          -118.200419,
          33.965723
        ]
      },
      "properties": {
        "tract_id": "06037534502",
        "population": 4074,
        "density_per_sqkm": 7230
      }
    },
    {
      "type": "Feature",
      "geometry": {
        "type": "Point",
        "coordinates": [
          -118.221673,
          33.971185
        ]
      },
      "properties": {
        "tract_id": "06037534802",
        "population": 2759,
        "density_per_sqkm": 6831
      }
    },
    {
      "type": "Feature",
      "geometry": {
        "type": "Point",
        "coordinates": [
          -118.225436,
          33.969276
        ]
      },
      "properties": {
        "tract_id": "06037534803",
        "population": 4629,
        "density_per_sqkm": 7580
      }
    },
    {
      "type": "Feature",
      "geometry": {
        "type": "Point",
        "coordinates": [
          -118.317486,
          33.92342
        ]
      },
      "properties": {
        "tract_id": "06037602700",
        "population": 3674,
        "density_per_sqkm": 1487
      }
    },
    {
      "type": "Feature",
      "geometry": {
        "type": "Point",
        "coordinates": [
          -118.357722,
          33.962383
        ]
      },
      "properties": {
        "tract_id": "06037601211",
        "population": 2833,
        "density_per_sqkm": 4886
      }
    },
    {
      "type": "Feature",
      "geometry": {
        "type": "Point",
        "coordinates": [
          -118.357002,
          33.95582
        ]
      },
      "properties": {
        "tract_id": "06037601212",
        "population": 6319,
        "density_per_sqkm": 10800
      }
    },
    {
      "type": "Feature",
      "geometry": {
        "type": "Point",
        "coordinates": [
          -118.363824,
          33.979178
        ]
      },
      "properties": {
        "tract_id": "06037601301",
        "population": 1958,
        "density_per_sqkm": 3187
      }
    },
    {
      "type": "Feature",
      "geometry": {
        "type": "Point",
        "coordinates": [
          -118.074035,
          33.908861
        ]
      },
      "properties": {
        "tract_id": "06037552200",
        "population": 6474,
        "density_per_sqkm": 3837
      }
    },
    {
      "type": "Feature",
      "geometry": {
        "type": "Point",
        "coordinates": [
          -118.332209,
          33.950193
        ]
      },
      "properties": {
        "tract_id": "06037600702",
        "population": 4182,
        "density_per_sqkm": 1752
      }
    },
    {
      "type": "Feature",
      "geometry": {
        "type": "Point",
        "coordinates": [
          -118.336761,
          33.958227
        ]
      },
      "properties": {
        "tract_id": "06037600703",
        "population": 2326,
        "density_per_sqkm": 4476
      }
    },
    {
      "type": "Feature",
      "geometry": {
        "type": "Point",
        "coordinates": [
          -118.324135,
          33.956269
        ]
      },
      "properties": {
        "tract_id": "06037600704",
        "population": 3010,
        "density_per_sqkm": 3163
      }
    },
    {
      "type": "Feature",
      "geometry": {
        "type": "Point",
        "coordinates": [
          -118.322112,
          33.965479
        ]
      },
      "properties": {
        "tract_id": "06037600801",
        "population": 3206,
        "density_per_sqkm": 3302
      }
    },
    {
      "type": "Feature",
      "geometry": {
        "type": "Point",
        "coordinates": [
          -118.32875,
          33.342823
        ]
      },
      "properties": {
        "tract_id": "06037599000",
        "population": 3322,
        "density_per_sqkm": 1046
      }
    },
    {
      "type": "Feature",
      "geometry": {
        "type": "Point",
        "coordinates": [
          -118.295625,
          33.955147
        ]
      },
      "properties": {
        "tract_id": "06037600100",
        "population": 7098,
        "density_per_sqkm": 9369
      }
    },
    {
      "type": "Feature",
      "geometry": {
        "type": "Point",
        "coordinates": [
          -118.297269,
          33.948252
        ]
      },
      "properties": {
        "tract_id": "06037600201",
        "population": 4690,
        "density_per_sqkm": 8007
      }
    },
    {
      "type": "Feature",
      "geometry": {
        "type": "Point",
        "coordinates": [
          -118.299142,
          33.942604
        ]
      },
      "properties": {
        "tract_id": "06037600202",
        "population": 7071,
        "density_per_sqkm": 8528
      }
    },
    {
      "type": "Feature",
      "geometry": {
        "type": "Point",
        "coordinates": [
          -118.147433,
          33.917239
        ]
      },
      "properties": {
        "tract_id": "06037551700",
        "population": 6340,
        "density_per_sqkm": 4888
      }
    },
    {
      "type": "Feature",
      "geometry": {
        "type": "Point",
        "coordinates": [
          -118.104557,
          33.910138
        ]
      },
      "properties": {
        "tract_id": "06037551900",
        "population": 5561,
        "density_per_sqkm": 3603
      }
    },
    {
      "type": "Feature",
      "geometry": {
        "type": "Point",
        "coordinates": [
          -118.088079,
          33.905472
        ]
      },
      "properties": {
        "tract_id": "06037552100",
        "population": 5995,
        "density_per_sqkm": 4101
      }
    },
    {
      "type": "Feature",
      "geometry": {
        "type": "Point",
        "coordinates": [
          -118.374267,
          33.905068
        ]
      },
      "properties": {
        "tract_id": "06037602302",
        "population": 5300,
        "density_per_sqkm": 2721
      }
    },
    {
      "type": "Feature",
      "geometry": {
        "type": "Point",
        "coordinates": [
          -118.042547,
          33.920071
        ]
      },
      "properties": {
        "tract_id": "06037503104",
        "population": 2561,
        "density_per_sqkm": 4731
      }
    },
    {
      "type": "Feature",
      "geometry": {
        "type": "Point",
        "coordinates": [
          -118.363346,
          33.943651
        ]
      },
      "properties": {
        "tract_id": "06037601501",
        "population": 3500,
        "density_per_sqkm": 7398
      }
    },
    {
      "type": "Feature",
      "geometry": {
        "type": "Point",
        "coordinates": [
          -118.227316,
          33.963193
        ]
      },
      "properties": {
        "tract_id": "06037534804",
        "population": 3718,
        "density_per_sqkm": 10058
      }
    },
    {
      "type": "Feature",
      "geometry": {
        "type": "Point",
        "coordinates": [
          -118.254431,
          33.908055
        ]
      },
      "properties": {
        "tract_id": "06037541200",
        "population": 6048,
        "density_per_sqkm": 2870
      }
    },
    {
      "type": "Feature",
      "geometry": {
        "type": "Point",
        "coordinates": [
          -118.111786,
          33.770442
        ]
      },
      "properties": {
        "tract_id": "06037577602",
        "population": 3370,
        "density_per_sqkm": 2553
      }
    },
    {
      "type": "Feature",
      "geometry": {
        "type": "Point",
        "coordinates": [
          -118.651652,
          34.23824
        ]
      },
      "properties": {
        "tract_id": "06037113235",
        "population": 1815,
        "density_per_sqkm": 1272
      }
    },
    {
      "type": "Feature",
      "geometry": {
        "type": "Point",
        "coordinates": [
          -118.367516,
          33.820995
        ]
      },
      "properties": {
        "tract_id": "06037651201",
        "population": 4876,
        "density_per_sqkm": 2798
      }
    },
    {
      "type": "Feature",
      "geometry": {
        "type": "Point",
        "coordinates": [
          -118.358003,
          33.812646
        ]
      },
      "properties": {
        "tract_id": "06037651222",
        "population": 6123,
        "density_per_sqkm": 4073
      }
    },
    {
      "type": "Feature",
      "geometry": {
        "type": "Point",
        "coordinates": [
          -118.182379,
          33.897327
        ]
      },
      "properties": {
        "tract_id": "06037553702",
        "population": 4606,
        "density_per_sqkm": 5529
      }
    },
    {
      "type": "Feature",
      "geometry": {
        "type": "Point",
        "coordinates": [
          -118.16873,
          33.892705
        ]
      },
      "properties": {
        "tract_id": "06037553801",
        "population": 4021,
        "density_per_sqkm": 3105
      }
    },
    {
      "type": "Feature",
      "geometry": {
        "type": "Point",
        "coordinates": [
          -118.243191,
          34.103706
        ]
      },
      "properties": {
        "tract_id": "06037187102",
        "population": 4083,
        "density_per_sqkm": 2089
      }
    },
    {
      "type": "Feature",
      "geometry": {
        "type": "Point",
        "coordinates": [
          -118.24724,
          34.103219
        ]
      },
      "properties": {
        "tract_id": "06037187200",
        "population": 2801,
        "density_per_sqkm": 3050
      }
    },
    {
      "type": "Feature",
      "geometry": {
        "type": "Point",
        "coordinates": [
          -118.256724,
          34.101613
        ]
      },
      "properties": {
        "tract_id": "06037187300",
        "population": 3456,
        "density_per_sqkm": 2957
      }
    },
    {
      "type": "Feature",
      "geometry": {
        "type": "Point",
        "coordinates": [
          -118.117405,
          34.003529
        ]
      },
      "properties": {
        "tract_id": "06037532002",
        "population": 3254,
        "density_per_sqkm": 3904
      }
    },
    {
      "type": "Feature",
      "geometry": {
        "type": "Point",
        "coordinates": [
          -118.122604,
          33.986768
        ]
      },
      "properties": {
        "tract_id": "06037532200",
        "population": 6599,
        "density_per_sqkm": 2352
      }
    },
    {
      "type": "Feature",
      "geometry": {
        "type": "Point",
        "coordinates": [
          -118.191912,
          33.859943
        ]
      },
      "properties": {
        "tract_id": "06037570303",
        "population": 3925,
        "density_per_sqkm": 6537
      }
    },
    {
      "type": "Feature",
      "geometry": {
        "type": "Point",
        "coordinates": [
          -118.337286,
          33.808314
        ]
      },
      "properties": {
        "tract_id": "06037651101",
        "population": 5050,
        "density_per_sqkm": 906
      }
    },
    {
      "type": "Feature",
      "geometry": {
        "type": "Point",
        "coordinates": [
          -118.346259,
          33.821116
        ]
      },
      "properties": {
        "tract_id": "06037651102",
        "population": 3750,
        "density_per_sqkm": 4467
      }
    },
    {
      "type": "Feature",
      "geometry": {
        "type": "Point",
        "coordinates": [
          -118.144921,
          34.108269
        ]
      },
      "properties": {
        "tract_id": "06037480500",
        "population": 5543,
        "density_per_sqkm": 2625
      }
    },
    {
      "type": "Feature",
      "geometry": {
        "type": "Point",
        "coordinates": [
          -118.324042,
          33.813978
        ]
      },
      "properties": {
        "tract_id": "06037651002",
        "population": 4741,
        "density_per_sqkm": 4004
      }
    },
    {
      "type": "Feature",
      "geometry": {
        "type": "Point",
        "coordinates": [
          -118.287081,
          33.88869
        ]
      },
      "properties": {
        "tract_id": "06037291210",
        "population": 5162,
        "density_per_sqkm": 4154
      }
    },
    {
      "type": "Feature",
      "geometry": {
        "type": "Point",
        "coordinates": [
          -118.286709,
          33.877139
        ]
      },
      "properties": {
        "tract_id": "06037291220",
        "population": 3255,
        "density_per_sqkm": 3976
      }
    },
    {
      "type": "Feature",
      "geometry": {
        "type": "Point",
        "coordinates": [
          -118.293453,
          33.865036
        ]
      },
      "properties": {
        "tract_id": "06037291300",
        "population": 2839,
        "density_per_sqkm": 1204
      }
    },
    {
      "type": "Feature",
      "geometry": {
        "type": "Point",
        "coordinates": [
          -118.15157,
          33.899999
        ]
      },
      "properties": {
        "tract_id": "06037553502",
        "population": 4147,
        "density_per_sqkm": 3277
      }
    },
    {
      "type": "Feature",
      "geometry": {
        "type": "Point",
        "coordinates": [
          -118.055168,
          33.876752
        ]
      },
      "properties": {
        "tract_id": "06037554512",
        "population": 6583,
        "density_per_sqkm": 1717
      }
    },
    {
      "type": "Feature",
      "geometry": {
        "type": "Point",
        "coordinates": [
          -118.069656,
          33.874113
        ]
      },
      "properties": {
        "tract_id": "06037554514",
        "population": 4496,
        "density_per_sqkm": 2984
      }
    },
    {
      "type": "Feature",
      "geometry": {
        "type": "Point",
        "coordinates": [
          -118.08069,
          33.869394
        ]
      },
      "properties": {
        "tract_id": "06037554802",
        "population": 6045,
        "density_per_sqkm": 3937
      }
    },
    {
      "type": "Feature",
      "geometry": {
        "type": "Point",
        "coordinates": [
          -117.715327,
          34.126642
        ]
      },
      "properties": {
        "tract_id": "06037400206",
        "population": 5184,
        "density_per_sqkm": 1547
      }
    },
    {
      "type": "Feature",
      "geometry": {
        "type": "Point",
        "coordinates": [
          -118.11254,
          33.89044
        ]
      },
      "properties": {
        "tract_id": "06037553100",
        "population": 6536,
        "density_per_sqkm": 3293
      }
    },
    {
      "type": "Feature",
      "geometry": {
        "type": "Point",
        "coordinates": [
          -118.139281,
          33.904377
        ]
      },
      "properties": {
        "tract_id": "06037553300",
        "population": 3530,
        "density_per_sqkm": 4198
      }
    },
    {
      "type": "Feature",
      "geometry": {
        "type": "Point",
        "coordinates": [
          -118.147182,
          33.908235
        ]
      },
      "properties": {
        "tract_id": "06037553400",
        "population": 3926,
        "density_per_sqkm": 5354
      }
    },
    {
      "type": "Feature",
      "geometry": {
        "type": "Point",
        "coordinates": [
          -118.138221,
          33.873692
        ]
      },
      "properties": {
        "tract_id": "06037554403",
        "population": 5602,
        "density_per_sqkm": 6664
      }
    },
    {
      "type": "Feature",
      "geometry": {
        "type": "Point",
        "coordinates": [
          -118.129527,
          33.873723
        ]
      },
      "properties": {
        "tract_id": "06037554404",
        "population": 4509,
        "density_per_sqkm": 5356
      }
    },
    {
      "type": "Feature",
      "geometry": {
        "type": "Point",
        "coordinates": [
          -118.179378,
          33.766018
        ]
      },
      "properties": {
        "tract_id": "06037576601",
        "population": 4770,
        "density_per_sqkm": 9775
      }
    },
    {
      "type": "Feature",
      "geometry": {
        "type": "Point",
        "coordinates": [
          -118.267011,
          33.772943
        ]
      },
      "properties": {
        "tract_id": "06037294830",
        "population": 3838,
        "density_per_sqkm": 4332
      }
    },
    {
      "type": "Feature",
      "geometry": {
        "type": "Point",
        "coordinates": [
          -118.520449,
          34.312632
        ]
      },
      "properties": {
        "tract_id": "06037106603",
        "population": 2998,
        "density_per_sqkm": 291
      }
    },
    {
      "type": "Feature",
      "geometry": {
        "type": "Point",
        "coordinates": [
          -118.601695,
          34.217634
        ]
      },
      "properties": {
        "tract_id": "06037134305",
        "population": 3769,
        "density_per_sqkm": 10540
      }
    },
    {
      "type": "Feature",
      "geometry": {
        "type": "Point",
        "coordinates": [
          -118.48989,
          34.47059
        ]
      },
      "properties": {
        "tract_id": "06037920020",
        "population": 7009,
        "density_per_sqkm": 647
      }
    },
    {
      "type": "Feature",
      "geometry": {
        "type": "Point",
        "coordinates": [
          -118.005187,
          34.553142
        ]
      },
      "properties": {
        "tract_id": "06037910706",
        "population": 6553,
        "density_per_sqkm": 318
      }
    },
    {
      "type": "Feature",
      "geometry": {
        "type": "Point",
        "coordinates": [
          -118.076357,
          34.58381
        ]
      },
      "properties": {
        "tract_id": "06037910601",
        "population": 7226,
        "density_per_sqkm": 2722
      }
    },
    {
      "type": "Feature",
      "geometry": {
        "type": "Point",
        "coordinates": [
          -118.188484,
          34.517401
        ]
      },
      "properties": {
        "tract_id": "06037910804",
        "population": 3338,
        "density_per_sqkm": 64
      }
    },
    {
      "type": "Feature",
      "geometry": {
        "type": "Point",
        "coordinates": [
          -118.162191,
          33.784412
        ]
      },
      "properties": {
        "tract_id": "06037575102",
        "population": 4064,
        "density_per_sqkm": 10011
      }
    },
    {
      "type": "Feature",
      "geometry": {
        "type": "Point",
        "coordinates": [
          -118.356072,
          34.098056
        ]
      },
      "properties": {
        "tract_id": "06037189802",
        "population": 2005,
        "density_per_sqkm": 6285
      }
    },
    {
      "type": "Feature",
      "geometry": {
        "type": "Point",
        "coordinates": [
          -117.833938,
          34.113374
        ]
      },
      "properties": {
        "tract_id": "06037401202",
        "population": 4439,
        "density_per_sqkm": 1411
      }
    },
    {
      "type": "Feature",
      "geometry": {
        "type": "Point",
        "coordinates": [
          -118.025868,
          34.162512
        ]
      },
      "properties": {
        "tract_id": "06037430400",
        "population": 4393,
        "density_per_sqkm": 1222
      }
    },
    {
      "type": "Feature",
      "geometry": {
        "type": "Point",
        "coordinates": [
          -118.081649,
          34.098082
        ]
      },
      "properties": {
        "tract_id": "06037481203",
        "population": 6375,
        "density_per_sqkm": 4088
      }
    },
    {
      "type": "Feature",
      "geometry": {
        "type": "Point",
        "coordinates": [
          -117.74183,
          34.101306
        ]
      },
      "properties": {
        "tract_id": "06037401707",
        "population": 8320,
        "density_per_sqkm": 3952
      }
    },
    {
      "type": "Feature",
      "geometry": {
        "type": "Point",
        "coordinates": [
          -117.975573,
          34.13755
        ]
      },
      "properties": {
        "tract_id": "06037430101",
        "population": 5011,
        "density_per_sqkm": 2518
      }
    },
    {
      "type": "Feature",
      "geometry": {
        "type": "Point",
        "coordinates": [
          -117.870282,
          34.013673
        ]
      },
      "properties": {
        "tract_id": "06037403401",
        "population": 4984,
        "density_per_sqkm": 2161
      }
    },
    {
      "type": "Feature",
      "geometry": {
        "type": "Point",
        "coordinates": [
          -117.828933,
          34.098854
        ]
      },
      "properties": {
        "tract_id": "06037401312",
        "population": 5210,
        "density_per_sqkm": 1856
      }
    },
    {
      "type": "Feature",
      "geometry": {
        "type": "Point",
        "coordinates": [
          -118.231341,
          34.156844
        ]
      },
      "properties": {
        "tract_id": "06037301000",
        "population": 5050,
        "density_per_sqkm": 2465
      }
    },
    {
      "type": "Feature",
      "geometry": {
        "type": "Point",
        "coordinates": [
          -118.213593,
          33.915965
        ]
      },
      "properties": {
        "tract_id": "06037540502",
        "population": 6131,
        "density_per_sqkm": 10200
      }
    },
    {
      "type": "Feature",
      "geometry": {
        "type": "Point",
        "coordinates": [
          -118.250242,
          33.932376
        ]
      },
      "properties": {
        "tract_id": "06037242600",
        "population": 4794,
        "density_per_sqkm": 10071
      }
    },
    {
      "type": "Feature",
      "geometry": {
        "type": "Point",
        "coordinates": [
          -117.85504,
          34.112068
        ]
      },
      "properties": {
        "tract_id": "06037401203",
        "population": 5386,
        "density_per_sqkm": 2830
      }
    },
    {
      "type": "Feature",
      "geometry": {
        "type": "Point",
        "coordinates": [
          -117.814475,
          34.111192
        ]
      },
      "properties": {
        "tract_id": "06037401311",
        "population": 6909,
        "density_per_sqkm": 1615
      }
    },
    {
      "type": "Feature",
      "geometry": {
        "type": "Point",
        "coordinates": [
          -118.234394,
          33.884679
        ]
      },
      "properties": {
        "tract_id": "06037543201",
        "population": 3687,
        "density_per_sqkm": 3663
      }
    },
    {
      "type": "Feature",
      "geometry": {
        "type": "Point",
        "coordinates": [
          -118.164432,
          33.90897
        ]
      },
      "properties": {
        "tract_id": "06037553602",
        "population": 4922,
        "density_per_sqkm": 8171
      }
    },
    {
      "type": "Feature",
      "geometry": {
        "type": "Point",
        "coordinates": [
          -118.351732,
          34.096199
        ]
      },
      "properties": {
        "tract_id": "06037189907",
        "population": 2434,
        "density_per_sqkm": 15001
      }
    },
    {
      "type": "Feature",
      "geometry": {
        "type": "Point",
        "coordinates": [
          -118.405081,
          33.898463
        ]
      },
      "properties": {
        "tract_id": "06037620301",
        "population": 4753,
        "density_per_sqkm": 4576
      }
    },
    {
      "type": "Feature",
      "geometry": {
        "type": "Point",
        "coordinates": [
          -117.980038,
          34.128594
        ]
      },
      "properties": {
        "tract_id": "06037430102",
        "population": 4636,
        "density_per_sqkm": 3601
      }
    },
    {
      "type": "Feature",
      "geometry": {
        "type": "Point",
        "coordinates": [
          -117.872657,
          34.038608
        ]
      },
      "properties": {
        "tract_id": "06037403407",
        "population": 2526,
        "density_per_sqkm": 535
      }
    },
    {
      "type": "Feature",
      "geometry": {
        "type": "Point",
        "coordinates": [
          -118.304209,
          33.801612
        ]
      },
      "properties": {
        "tract_id": "06037293302",
        "population": 4809,
        "density_per_sqkm": 4296
      }
    },
    {
      "type": "Feature",
      "geometry": {
        "type": "Point",
        "coordinates": [
          -118.584295,
          34.183359
        ]
      },
      "properties": {
        "tract_id": "06037134905",
        "population": 5219,
        "density_per_sqkm": 2018
      }
    },
    {
      "type": "Feature",
      "geometry": {
        "type": "Point",
        "coordinates": [
          -118.104603,
          34.569067
        ]
      },
      "properties": {
        "tract_id": "06037910504",
        "population": 4857,
        "density_per_sqkm": 3056
      }
    },
    {
      "type": "Feature",
      "geometry": {
        "type": "Point",
        "coordinates": [
          -118.02465,
          34.564552
        ]
      },
      "properties": {
        "tract_id": "06037910718",
        "population": 5861,
        "density_per_sqkm": 2910
      }
    },
    {
      "type": "Feature",
      "geometry": {
        "type": "Point",
        "coordinates": [
          -117.981496,
          33.94599
        ]
      },
      "properties": {
        "tract_id": "06037500203",
        "population": 4188,
        "density_per_sqkm": 2239
      }
    },
    {
      "type": "Feature",
      "geometry": {
        "type": "Point",
        "coordinates": [
          -118.131362,
          33.826669
        ]
      },
      "properties": {
        "tract_id": "06037573601",
        "population": 6441,
        "density_per_sqkm": 1729
      }
    },
    {
      "type": "Feature",
      "geometry": {
        "type": "Point",
        "coordinates": [
          -117.93685,
          34.065941
        ]
      },
      "properties": {
        "tract_id": "06037406702",
        "population": 7040,
        "density_per_sqkm": 2529
      }
    },
    {
      "type": "Feature",
      "geometry": {
        "type": "Point",
        "coordinates": [
          -118.253077,
          34.127309
        ]
      },
      "properties": {
        "tract_id": "06037302505",
        "population": 3766,
        "density_per_sqkm": 7026
      }
    },
    {
      "type": "Feature",
      "geometry": {
        "type": "Point",
        "coordinates": [
          -118.246256,
          34.128786
        ]
      },
      "properties": {
        "tract_id": "06037302506",
        "population": 3410,
        "density_per_sqkm": 3766
      }
    },
    {
      "type": "Feature",
      "geometry": {
        "type": "Point",
        "coordinates": [
          -117.795674,
          34.142733
        ]
      },
      "properties": {
        "tract_id": "06037400403",
        "population": 3993,
        "density_per_sqkm": 304
      }
    },
    {
      "type": "Feature",
      "geometry": {
        "type": "Point",
        "coordinates": [
          -118.012344,
          34.566478
        ]
      },
      "properties": {
        "tract_id": "06037910717",
        "population": 2403,
        "density_per_sqkm": 1393
      }
    },
    {
      "type": "Feature",
      "geometry": {
        "type": "Point",
        "coordinates": [
          -118.251936,
          34.250892
        ]
      },
      "properties": {
        "tract_id": "06037300301",
        "population": 6289,
        "density_per_sqkm": 1018
      }
    },
    {
      "type": "Feature",
      "geometry": {
        "type": "Point",
        "coordinates": [
          -118.272927,
          34.16841
        ]
      },
      "properties": {
        "tract_id": "06037301205",
        "population": 2211,
        "density_per_sqkm": 2859
      }
    },
    {
      "type": "Feature",
      "geometry": {
        "type": "Point",
        "coordinates": [
          -118.484809,
          34.422657
        ]
      },
      "properties": {
        "tract_id": "06037920048",
        "population": 6307,
        "density_per_sqkm": 2367
      }
    },
    {
      "type": "Feature",
      "geometry": {
        "type": "Point",
        "coordinates": [
          -118.09927,
          34.70408
        ]
      },
      "properties": {
        "tract_id": "06037900609",
        "population": 5805,
        "density_per_sqkm": 2214
      }
    },
    {
      "type": "Feature",
      "geometry": {
        "type": "Point",
        "coordinates": [
          -118.539417,
          34.386709
        ]
      },
      "properties": {
        "tract_id": "06037920340",
        "population": 3208,
        "density_per_sqkm": 2990
      }
    },
    {
      "type": "Feature",
      "geometry": {
        "type": "Point",
        "coordinates": [
          -118.174657,
          34.68215
        ]
      },
      "properties": {
        "tract_id": "06037901009",
        "population": 5741,
        "density_per_sqkm": 2163
      }
    },
    {
      "type": "Feature",
      "geometry": {
        "type": "Point",
        "coordinates": [
          -118.192451,
          34.667478
        ]
      },
      "properties": {
        "tract_id": "06037901010",
        "population": 6185,
        "density_per_sqkm": 2326
      }
    },
    {
      "type": "Feature",
      "geometry": {
        "type": "Point",
        "coordinates": [
          -118.174564,
          34.667602
        ]
      },
      "properties": {
        "tract_id": "06037901011",
        "population": 5374,
        "density_per_sqkm": 2013
      }
    },
    {
      "type": "Feature",
      "geometry": {
        "type": "Point",
        "coordinates": [
          -118.242979,
          34.215904
        ]
      },
      "properties": {
        "tract_id": "06037300601",
        "population": 5346,
        "density_per_sqkm": 7298
      }
    },
    {
      "type": "Feature",
      "geometry": {
        "type": "Point",
        "coordinates": [
          -118.245249,
          34.674733
        ]
      },
      "properties": {
        "tract_id": "06037901214",
        "population": 4519,
        "density_per_sqkm": 871
      }
    },
    {
      "type": "Feature",
      "geometry": {
        "type": "Point",
        "coordinates": [
          -118.116299,
          33.843278
        ]
      },
      "properties": {
        "tract_id": "06037571101",
        "population": 4654,
        "density_per_sqkm": 3516
      }
    },
    {
      "type": "Feature",
      "geometry": {
        "type": "Point",
        "coordinates": [
          -118.371183,
          33.80681
        ]
      },
      "properties": {
        "tract_id": "06037651302",
        "population": 6234,
        "density_per_sqkm": 2610
      }
    },
    {
      "type": "Feature",
      "geometry": {
        "type": "Point",
        "coordinates": [
          -118.5071,
          34.029275
        ]
      },
      "properties": {
        "tract_id": "06037701304",
        "population": 6462,
        "density_per_sqkm": 3106
      }
    },
    {
      "type": "Feature",
      "geometry": {
        "type": "Point",
        "coordinates": [
          -118.087103,
          33.814315
        ]
      },
      "properties": {
        "tract_id": "06037980006",
        "population": 2,
        "density_per_sqkm": 1
      }
    },
    {
      "type": "Feature",
      "geometry": {
        "type": "Point",
        "coordinates": [
          -118.35693,
          33.876598
        ]
      },
      "properties": {
        "tract_id": "06037604002",
        "population": 4863,
        "density_per_sqkm": 7474
      }
    },
    {
      "type": "Feature",
      "geometry": {
        "type": "Point",
        "coordinates": [
          -118.290147,
          34.267721
        ]
      },
      "properties": {
        "tract_id": "06037101122",
        "population": 3728,
        "density_per_sqkm": 1410
      }
    },
    {
      "type": "Feature",
      "geometry": {
        "type": "Point",
        "coordinates": [
          -118.428692,
          34.263921
        ]
      },
      "properties": {
        "tract_id": "06037104404",
        "population": 3082,
        "density_per_sqkm": 5711
      }
    },
    {
      "type": "Feature",
      "geometry": {
        "type": "Point",
        "coordinates": [
          -117.805152,
          34.484876
        ]
      },
      "properties": {
        "tract_id": "06037911001",
        "population": 3958,
        "density_per_sqkm": 11
      }
    },
    {
      "type": "Feature",
      "geometry": {
        "type": "Point",
        "coordinates": [
          -118.204485,
          33.877868
        ]
      },
      "properties": {
        "tract_id": "06037570403",
        "population": 4556,
        "density_per_sqkm": 7986
      }
    },
    {
      "type": "Feature",
      "geometry": {
        "type": "Point",
        "coordinates": [
          -118.56216,
          34.431492
        ]
      },
      "properties": {
        "tract_id": "06037920114",
        "population": 6331,
        "density_per_sqkm": 2238
      }
    },
    {
      "type": "Feature",
      "geometry": {
        "type": "Point",
        "coordinates": [
          -118.042924,
          34.095895
        ]
      },
      "properties": {
        "tract_id": "06037432101",
        "population": 4113,
        "density_per_sqkm": 3544
      }
    },
    {
      "type": "Feature",
      "geometry": {
        "type": "Point",
        "coordinates": [
          -118.058789,
          34.092738
        ]
      },
      "properties": {
        "tract_id": "06037432102",
        "population": 5976,
        "density_per_sqkm": 3195
      }
    },
    {
      "type": "Feature",
      "geometry": {
        "type": "Point",
        "coordinates": [
          -117.97623,
          34.30274
        ]
      },
      "properties": {
        "tract_id": "06037930400",
        "population": 1285,
        "density_per_sqkm": 1
      }
    },
    {
      "type": "Feature",
      "geometry": {
        "type": "Point",
        "coordinates": [
          -118.445876,
          34.237167
        ]
      },
      "properties": {
        "tract_id": "06037119341",
        "population": 2867,
        "density_per_sqkm": 8785
      }
    },
    {
      "type": "Feature",
      "geometry": {
        "type": "Point",
        "coordinates": [
          -118.456664,
          34.223109
        ]
      },
      "properties": {
        "tract_id": "06037120106",
        "population": 4377,
        "density_per_sqkm": 21260
      }
    },
    {
      "type": "Feature",
      "geometry": {
        "type": "Point",
        "coordinates": [
          -118.304503,
          34.049029
        ]
      },
      "properties": {
        "tract_id": "06037213202",
        "population": 3679,
        "density_per_sqkm": 10887
      }
    },
    {
      "type": "Feature",
      "geometry": {
        "type": "Point",
        "coordinates": [
          -117.866021,
          34.160174
        ]
      },
      "properties": {
        "tract_id": "06037400501",
        "population": 2051,
        "density_per_sqkm": 175
      }
    },
    {
      "type": "Feature",
      "geometry": {
        "type": "Point",
        "coordinates": [
          -118.33099,
          34.181384
        ]
      },
      "properties": {
        "tract_id": "06037310900",
        "population": 6999,
        "density_per_sqkm": 3221
      }
    },
    {
      "type": "Feature",
      "geometry": {
        "type": "Point",
        "coordinates": [
          -118.370556,
          34.214214
        ]
      },
      "properties": {
        "tract_id": "06037122121",
        "population": 2629,
        "density_per_sqkm": 6382
      }
    },
    {
      "type": "Feature",
      "geometry": {
        "type": "Point",
        "coordinates": [
          -118.374655,
          34.173972
        ]
      },
      "properties": {
        "tract_id": "06037124204",
        "population": 2753,
        "density_per_sqkm": 8488
      }
    },
    {
      "type": "Feature",
      "geometry": {
        "type": "Point",
        "coordinates": [
          -118.249268,
          34.046001
        ]
      },
      "properties": {
        "tract_id": "06037207307",
        "population": 1160,
        "density_per_sqkm": 23741
      }
    },
    {
      "type": "Feature",
      "geometry": {
        "type": "Point",
        "coordinates": [
          -118.269697,
          33.821641
        ]
      },
      "properties": {
        "tract_id": "06037543701",
        "population": 2845,
        "density_per_sqkm": 4477
      }
    },
    {
      "type": "Feature",
      "geometry": {
        "type": "Point",
        "coordinates": [
          -118.286238,
          33.926133
        ]
      },
      "properties": {
        "tract_id": "06037241300",
        "population": 2262,
        "density_per_sqkm": 4332
      }
    },
    {
      "type": "Feature",
      "geometry": {
        "type": "Point",
        "coordinates": [
          -118.627442,
          34.18832
        ]
      },
      "properties": {
        "tract_id": "06037135201",
        "population": 2592,
        "density_per_sqkm": 1693
      }
    },
    {
      "type": "Feature",
      "geometry": {
        "type": "Point",
        "coordinates": [
          -118.435848,
          34.240097
        ]
      },
      "properties": {
        "tract_id": "06037119400",
        "population": 4881,
        "density_per_sqkm": 4369
      }
    },
    {
      "type": "Feature",
      "geometry": {
        "type": "Point",
        "coordinates": [
          -118.269113,
          34.01374
        ]
      },
      "properties": {
        "tract_id": "06037228410",
        "population": 3129,
        "density_per_sqkm": 11267
      }
    },
    {
      "type": "Feature",
      "geometry": {
        "type": "Point",
        "coordinates": [
          -118.13917,
          34.018705
        ]
      },
      "properties": {
        "tract_id": "06037531800",
        "population": 4740,
        "density_per_sqkm": 7631
      }
    },
    {
      "type": "Feature",
      "geometry": {
        "type": "Point",
        "coordinates": [
          -118.408472,
          34.406358
        ]
      },
      "properties": {
        "tract_id": "06037910809",
        "population": 2337,
        "density_per_sqkm": 240
      }
    },
    {
      "type": "Feature",
      "geometry": {
        "type": "Point",
        "coordinates": [
          -118.205076,
          34.043619
        ]
      },
      "properties": {
        "tract_id": "06037204200",
        "population": 3393,
        "density_per_sqkm": 11265
      }
    },
    {
      "type": "Feature",
      "geometry": {
        "type": "Point",
        "coordinates": [
          -118.278255,
          34.047213
        ]
      },
      "properties": {
        "tract_id": "06037209820",
        "population": 2732,
        "density_per_sqkm": 15253
      }
    },
    {
      "type": "Feature",
      "geometry": {
        "type": "Point",
        "coordinates": [
          -118.365644,
          34.072787
        ]
      },
      "properties": {
        "tract_id": "06037214600",
        "population": 2600,
        "density_per_sqkm": 4474
      }
    },
    {
      "type": "Feature",
      "geometry": {
        "type": "Point",
        "coordinates": [
          -118.302942,
          34.072636
        ]
      },
      "properties": {
        "tract_id": "06037211420",
        "population": 3479,
        "density_per_sqkm": 9129
      }
    },
    {
      "type": "Feature",
      "geometry": {
        "type": "Point",
        "coordinates": [
          -118.288033,
          34.066333
        ]
      },
      "properties": {
        "tract_id": "06037211124",
        "population": 4070,
        "density_per_sqkm": 10303
      }
    },
    {
      "type": "Feature",
      "geometry": {
        "type": "Point",
        "coordinates": [
          -118.49572,
          34.157343
        ]
      },
      "properties": {
        "tract_id": "06037139701",
        "population": 5438,
        "density_per_sqkm": 1601
      }
    },
    {
      "type": "Feature",
      "geometry": {
        "type": "Point",
        "coordinates": [
          -117.904658,
          34.078125
        ]
      },
      "properties": {
        "tract_id": "06037406201",
        "population": 3731,
        "density_per_sqkm": 4670
      }
    },
    {
      "type": "Feature",
      "geometry": {
        "type": "Point",
        "coordinates": [
          -118.132233,
          33.899064
        ]
      },
      "properties": {
        "tract_id": "06037554001",
        "population": 4426,
        "density_per_sqkm": 4088
      }
    },
    {
      "type": "Feature",
      "geometry": {
        "type": "Point",
        "coordinates": [
          -118.514657,
          34.430505
        ]
      },
      "properties": {
        "tract_id": "06037920013",
        "population": 7801,
        "density_per_sqkm": 956
      }
    },
    {
      "type": "Feature",
      "geometry": {
        "type": "Point",
        "coordinates": [
          -118.525757,
          34.358271
        ]
      },
      "properties": {
        "tract_id": "06037920312",
        "population": 5933,
        "density_per_sqkm": 436
      }
    },
    {
      "type": "Feature",
      "geometry": {
        "type": "Point",
        "coordinates": [
          -118.222111,
          33.961166
        ]
      },
      "properties": {
        "tract_id": "06037535501",
        "population": 3711,
        "density_per_sqkm": 7547
      }
    },
    {
      "type": "Feature",
      "geometry": {
        "type": "Point",
        "coordinates": [
          -118.311071,
          33.978283
        ]
      },
      "properties": {
        "tract_id": "06037237300",
        "population": 5531,
        "density_per_sqkm": 5544
      }
    },
    {
      "type": "Feature",
      "geometry": {
        "type": "Point",
        "coordinates": [
          -118.004353,
          34.015475
        ]
      },
      "properties": {
        "tract_id": "06037408402",
        "population": 6070,
        "density_per_sqkm": 525
      }
    },
    {
      "type": "Feature",
      "geometry": {
        "type": "Point",
        "coordinates": [
          -118.246997,
          34.018526
        ]
      },
      "properties": {
        "tract_id": "06037227010",
        "population": 4506,
        "density_per_sqkm": 7780
      }
    },
    {
      "type": "Feature",
      "geometry": {
        "type": "Point",
        "coordinates": [
          -118.33183,
          34.026759
        ]
      },
      "properties": {
        "tract_id": "06037219300",
        "population": 3757,
        "density_per_sqkm": 5764
      }
    },
    {
      "type": "Feature",
      "geometry": {
        "type": "Point",
        "coordinates": [
          -118.385726,
          34.074308
        ]
      },
      "properties": {
        "tract_id": "06037214904",
        "population": 1696,
        "density_per_sqkm": 9625
      }
    },
    {
      "type": "Feature",
      "geometry": {
        "type": "Point",
        "coordinates": [
          -118.607193,
          34.253391
        ]
      },
      "properties": {
        "tract_id": "06037113213",
        "population": 4589,
        "density_per_sqkm": 3528
      }
    },
    {
      "type": "Feature",
      "geometry": {
        "type": "Point",
        "coordinates": [
          -118.292362,
          33.739783
        ]
      },
      "properties": {
        "tract_id": "06037296600",
        "population": 5305,
        "density_per_sqkm": 6301
      }
    },
    {
      "type": "Feature",
      "geometry": {
        "type": "Point",
        "coordinates": [
          -118.185026,
          33.786226
        ]
      },
      "properties": {
        "tract_id": "06037575300",
        "population": 4545,
        "density_per_sqkm": 7013
      }
    },
    {
      "type": "Feature",
      "geometry": {
        "type": "Point",
        "coordinates": [
          -118.320676,
          34.043563
        ]
      },
      "properties": {
        "tract_id": "06037218120",
        "population": 4250,
        "density_per_sqkm": 9546
      }
    },
    {
      "type": "Feature",
      "geometry": {
        "type": "Point",
        "coordinates": [
          -118.273845,
          34.053133
        ]
      },
      "properties": {
        "tract_id": "06037209403",
        "population": 3850,
        "density_per_sqkm": 27859
      }
    },
    {
      "type": "Feature",
      "geometry": {
        "type": "Point",
        "coordinates": [
          -118.272372,
          34.056446
        ]
      },
      "properties": {
        "tract_id": "06037208902",
        "population": 2570,
        "density_per_sqkm": 13964
      }
    },
    {
      "type": "Feature",
      "geometry": {
        "type": "Point",
        "coordinates": [
          -118.290356,
          34.059762
        ]
      },
      "properties": {
        "tract_id": "06037212203",
        "population": 3216,
        "density_per_sqkm": 30251
      }
    },
    {
      "type": "Feature",
      "geometry": {
        "type": "Point",
        "coordinates": [
          -118.020091,
          34.058704
        ]
      },
      "properties": {
        "tract_id": "06037433901",
        "population": 5097,
        "density_per_sqkm": 7070
      }
    },
    {
      "type": "Feature",
      "geometry": {
        "type": "Point",
        "coordinates": [
          -118.355468,
          34.046524
        ]
      },
      "properties": {
        "tract_id": "06037217101",
        "population": 2520,
        "density_per_sqkm": 6365
      }
    },
    {
      "type": "Feature",
      "geometry": {
        "type": "Point",
        "coordinates": [
          -118.374996,
          34.103509
        ]
      },
      "properties": {
        "tract_id": "06037194200",
        "population": 3596,
        "density_per_sqkm": 1381
      }
    },
    {
      "type": "Feature",
      "geometry": {
        "type": "Point",
        "coordinates": [
          -117.904111,
          34.127527
        ]
      },
      "properties": {
        "tract_id": "06037404301",
        "population": 5460,
        "density_per_sqkm": 4930
      }
    },
    {
      "type": "Feature",
      "geometry": {
        "type": "Point",
        "coordinates": [
          -117.867898,
          34.102915
        ]
      },
      "properties": {
        "tract_id": "06037403801",
        "population": 6346,
        "density_per_sqkm": 3371
      }
    },
    {
      "type": "Feature",
      "geometry": {
        "type": "Point",
        "coordinates": [
          -117.898081,
          34.022451
        ]
      },
      "properties": {
        "tract_id": "06037408134",
        "population": 2640,
        "density_per_sqkm": 2986
      }
    },
    {
      "type": "Feature",
      "geometry": {
        "type": "Point",
        "coordinates": [
          -118.341673,
          33.912805
        ]
      },
      "properties": {
        "tract_id": "06037602510",
        "population": 3510,
        "density_per_sqkm": 10814
      }
    },
    {
      "type": "Feature",
      "geometry": {
        "type": "Point",
        "coordinates": [
          -118.07705,
          33.927849
        ]
      },
      "properties": {
        "tract_id": "06037550101",
        "population": 3974,
        "density_per_sqkm": 5534
      }
    },
    {
      "type": "Feature",
      "geometry": {
        "type": "Point",
        "coordinates": [
          -118.177543,
          34.162127
        ]
      },
      "properties": {
        "tract_id": "06037460800",
        "population": 3219,
        "density_per_sqkm": 481
      }
    },
    {
      "type": "Feature",
      "geometry": {
        "type": "Point",
        "coordinates": [
          -117.94906,
          33.99344
        ]
      },
      "properties": {
        "tract_id": "06037408624",
        "population": 3167,
        "density_per_sqkm": 2296
      }
    },
    {
      "type": "Feature",
      "geometry": {
        "type": "Point",
        "coordinates": [
          -118.649541,
          34.18909
        ]
      },
      "properties": {
        "tract_id": "06037135204",
        "population": 4791,
        "density_per_sqkm": 2579
      }
    },
    {
      "type": "Feature",
      "geometry": {
        "type": "Point",
        "coordinates": [
          -118.610148,
          34.184682
        ]
      },
      "properties": {
        "tract_id": "06037135115",
        "population": 4698,
        "density_per_sqkm": 14192
      }
    },
    {
      "type": "Feature",
      "geometry": {
        "type": "Point",
        "coordinates": [
          -118.527343,
          34.199257
        ]
      },
      "properties": {
        "tract_id": "06037132301",
        "population": 3577,
        "density_per_sqkm": 5669
      }
    },
    {
      "type": "Feature",
      "geometry": {
        "type": "Point",
        "coordinates": [
          -118.43283,
          34.250368
        ]
      },
      "properties": {
        "tract_id": "06037119003",
        "population": 3893,
        "density_per_sqkm": 4623
      }
    },
    {
      "type": "Feature",
      "geometry": {
        "type": "Point",
        "coordinates": [
          -118.042993,
          34.11017
        ]
      },
      "properties": {
        "tract_id": "06037431600",
        "population": 4173,
        "density_per_sqkm": 1960
      }
    },
    {
      "type": "Feature",
      "geometry": {
        "type": "Point",
        "coordinates": [
          -118.164161,
          34.158277
        ]
      },
      "properties": {
        "tract_id": "06037461700",
        "population": 1492,
        "density_per_sqkm": 683
      }
    },
    {
      "type": "Feature",
      "geometry": {
        "type": "Point",
        "coordinates": [
          -117.903464,
          34.117896
        ]
      },
      "properties": {
        "tract_id": "06037404302",
        "population": 2388,
        "density_per_sqkm": 3878
      }
    },
    {
      "type": "Feature",
      "geometry": {
        "type": "Point",
        "coordinates": [
          -117.916183,
          34.129228
        ]
      },
      "properties": {
        "tract_id": "06037404401",
        "population": 3838,
        "density_per_sqkm": 2646
      }
    },
    {
      "type": "Feature",
      "geometry": {
        "type": "Point",
        "coordinates": [
          -118.250437,
          34.092915
        ]
      },
      "properties": {
        "tract_id": "06037197410",
        "population": 3707,
        "density_per_sqkm": 2661
      }
    },
    {
      "type": "Feature",
      "geometry": {
        "type": "Point",
        "coordinates": [
          -118.3944,
          34.062083
        ]
      },
      "properties": {
        "tract_id": "06037700902",
        "population": 6561,
        "density_per_sqkm": 6874
      }
    },
    {
      "type": "Feature",
      "geometry": {
        "type": "Point",
        "coordinates": [
          -118.38309,
          34.062703
        ]
      },
      "properties": {
        "tract_id": "06037700901",
        "population": 3863,
        "density_per_sqkm": 3666
      }
    },
    {
      "type": "Feature",
      "geometry": {
        "type": "Point",
        "coordinates": [
          -118.058676,
          33.991206
        ]
      },
      "properties": {
        "tract_id": "06037501301",
        "population": 3020,
        "density_per_sqkm": 3497
      }
    },
    {
      "type": "Feature",
      "geometry": {
        "type": "Point",
        "coordinates": [
          -118.481502,
          34.05455
        ]
      },
      "properties": {
        "tract_id": "06037264000",
        "population": 3284,
        "density_per_sqkm": 1758
      }
    },
    {
      "type": "Feature",
      "geometry": {
        "type": "Point",
        "coordinates": [
          -118.250215,
          33.939282
        ]
      },
      "properties": {
        "tract_id": "06037242000",
        "population": 4459,
        "density_per_sqkm": 6895
      }
    },
    {
      "type": "Feature",
      "geometry": {
        "type": "Point",
        "coordinates": [
          -118.2937,
          34.050883
        ]
      },
      "properties": {
        "tract_id": "06037213320",
        "population": 3006,
        "density_per_sqkm": 9652
      }
    },
    {
      "type": "Feature",
      "geometry": {
        "type": "Point",
        "coordinates": [
          -118.340193,
          34.027841
        ]
      },
      "properties": {
        "tract_id": "06037220000",
        "population": 5420,
        "density_per_sqkm": 5577
      }
    },
    {
      "type": "Feature",
      "geometry": {
        "type": "Point",
        "coordinates": [
          -118.197185,
          33.968173
        ]
      },
      "properties": {
        "tract_id": "06037534403",
        "population": 2874,
        "density_per_sqkm": 8884
      }
    },
    {
      "type": "Feature",
      "geometry": {
        "type": "Point",
        "coordinates": [
          -118.303128,
          33.838731
        ]
      },
      "properties": {
        "tract_id": "06037292002",
        "population": 1688,
        "density_per_sqkm": 3621
      }
    },
    {
      "type": "Feature",
      "geometry": {
        "type": "Point",
        "coordinates": [
          -118.242649,
          33.936354
        ]
      },
      "properties": {
        "tract_id": "06037242700",
        "population": 5932,
        "density_per_sqkm": 5843
      }
    },
    {
      "type": "Feature",
      "geometry": {
        "type": "Point",
        "coordinates": [
          -118.232366,
          33.94563
        ]
      },
      "properties": {
        "tract_id": "06037242100",
        "population": 2497,
        "density_per_sqkm": 5433
      }
    },
    {
      "type": "Feature",
      "geometry": {
        "type": "Point",
        "coordinates": [
          -118.235142,
          33.932694
        ]
      },
      "properties": {
        "tract_id": "06037243100",
        "population": 5692,
        "density_per_sqkm": 9713
      }
    },
    {
      "type": "Feature",
      "geometry": {
        "type": "Point",
        "coordinates": [
          -118.443988,
          34.112677
        ]
      },
      "properties": {
        "tract_id": "06037261200",
        "population": 4329,
        "density_per_sqkm": 596
      }
    },
    {
      "type": "Feature",
      "geometry": {
        "type": "Point",
        "coordinates": [
          -118.111384,
          34.173771
        ]
      },
      "properties": {
        "tract_id": "06037461300",
        "population": 6533,
        "density_per_sqkm": 3353
      }
    },
    {
      "type": "Feature",
      "geometry": {
        "type": "Point",
        "coordinates": [
          -118.409502,
          33.966888
        ]
      },
      "properties": {
        "tract_id": "06037276400",
        "population": 4099,
        "density_per_sqkm": 3212
      }
    },
    {
      "type": "Feature",
      "geometry": {
        "type": "Point",
        "coordinates": [
          -118.418035,
          33.966541
        ]
      },
      "properties": {
        "tract_id": "06037276500",
        "population": 4982,
        "density_per_sqkm": 4180
      }
    },
    {
      "type": "Feature",
      "geometry": {
        "type": "Point",
        "coordinates": [
          -118.11415,
          33.906071
        ]
      },
      "properties": {
        "tract_id": "06037553202",
        "population": 3620,
        "density_per_sqkm": 4397
      }
    },
    {
      "type": "Feature",
      "geometry": {
        "type": "Point",
        "coordinates": [
          -118.126284,
          33.906034
        ]
      },
      "properties": {
        "tract_id": "06037553201",
        "population": 3756,
        "density_per_sqkm": 3622
      }
    },
    {
      "type": "Feature",
      "geometry": {
        "type": "Point",
        "coordinates": [
          -118.374348,
          33.949035
        ]
      },
      "properties": {
        "tract_id": "06037277400",
        "population": 3,
        "density_per_sqkm": 5
      }
    },
    {
      "type": "Feature",
      "geometry": {
        "type": "Point",
        "coordinates": [
          -118.263888,
          33.954264
        ]
      },
      "properties": {
        "tract_id": "06037240020",
        "population": 5294,
        "density_per_sqkm": 7355
      }
    },
    {
      "type": "Feature",
      "geometry": {
        "type": "Point",
        "coordinates": [
          -118.233263,
          33.977303
        ]
      },
      "properties": {
        "tract_id": "06037533103",
        "population": 3233,
        "density_per_sqkm": 5945
      }
    },
    {
      "type": "Feature",
      "geometry": {
        "type": "Point",
        "coordinates": [
          -118.072999,
          33.820796
        ]
      },
      "properties": {
        "tract_id": "06037555202",
        "population": 3551,
        "density_per_sqkm": 3326
      }
    },
    {
      "type": "Feature",
      "geometry": {
        "type": "Point",
        "coordinates": [
          -118.225168,
          33.984241
        ]
      },
      "properties": {
        "tract_id": "06037532605",
        "population": 3812,
        "density_per_sqkm": 7268
      }
    },
    {
      "type": "Feature",
      "geometry": {
        "type": "Point",
        "coordinates": [
          -118.242475,
          33.985616
        ]
      },
      "properties": {
        "tract_id": "06037532700",
        "population": 2878,
        "density_per_sqkm": 4942
      }
    },
    {
      "type": "Feature",
      "geometry": {
        "type": "Point",
        "coordinates": [
          -118.224409,
          33.97669
        ]
      },
      "properties": {
        "tract_id": "06037533104",
        "population": 3923,
        "density_per_sqkm": 11471
      }
    },
    {
      "type": "Feature",
      "geometry": {
        "type": "Point",
        "coordinates": [
          -118.208169,
          33.981916
        ]
      },
      "properties": {
        "tract_id": "06037533201",
        "population": 2602,
        "density_per_sqkm": 6978
      }
    },
    {
      "type": "Feature",
      "geometry": {
        "type": "Point",
        "coordinates": [
          -118.202405,
          33.992792
        ]
      },
      "properties": {
        "tract_id": "06037533300",
        "population": 3172,
        "density_per_sqkm": 9151
      }
    },
    {
      "type": "Feature",
      "geometry": {
        "type": "Point",
        "coordinates": [
          -118.245775,
          34.068543
        ]
      },
      "properties": {
        "tract_id": "06037197700",
        "population": 4565,
        "density_per_sqkm": 6505
      }
    },
    {
      "type": "Feature",
      "geometry": {
        "type": "Point",
        "coordinates": [
          -118.486143,
          34.00541
        ]
      },
      "properties": {
        "tract_id": "06037702002",
        "population": 5989,
        "density_per_sqkm": 5902
      }
    },
    {
      "type": "Feature",
      "geometry": {
        "type": "Point",
        "coordinates": [
          -118.413716,
          34.056456
        ]
      },
      "properties": {
        "tract_id": "06037267901",
        "population": 3293,
        "density_per_sqkm": 2941
      }
    },
    {
      "type": "Feature",
      "geometry": {
        "type": "Point",
        "coordinates": [
          -118.403175,
          34.024959
        ]
      },
      "properties": {
        "tract_id": "06037269906",
        "population": 3037,
        "density_per_sqkm": 14601
      }
    },
    {
      "type": "Feature",
      "geometry": {
        "type": "Point",
        "coordinates": [
          -118.576804,
          34.164934
        ]
      },
      "properties": {
        "tract_id": "06037137501",
        "population": 4662,
        "density_per_sqkm": 1854
      }
    },
    {
      "type": "Feature",
      "geometry": {
        "type": "Point",
        "coordinates": [
          -118.022756,
          34.115612
        ]
      },
      "properties": {
        "tract_id": "06037430803",
        "population": 5363,
        "density_per_sqkm": 2355
      }
    },
    {
      "type": "Feature",
      "geometry": {
        "type": "Point",
        "coordinates": [
          -118.262826,
          33.735597
        ]
      },
      "properties": {
        "tract_id": "06037980031",
        "population": 1748,
        "density_per_sqkm": 125
      }
    },
    {
      "type": "Feature",
      "geometry": {
        "type": "Point",
        "coordinates": [
          -118.485173,
          34.298698
        ]
      },
      "properties": {
        "tract_id": "06037980022",
        "population": 0,
        "density_per_sqkm": 0
      }
    },
    {
      "type": "Feature",
      "geometry": {
        "type": "Point",
        "coordinates": [
          -118.413543,
          33.939831
        ]
      },
      "properties": {
        "tract_id": "06037980028",
        "population": 11,
        "density_per_sqkm": 1
      }
    },
    {
      "type": "Feature",
      "geometry": {
        "type": "Point",
        "coordinates": [
          -117.888603,
          33.959217
        ]
      },
      "properties": {
        "tract_id": "06037408703",
        "population": 6069,
        "density_per_sqkm": 355
      }
    },
    {
      "type": "Feature",
      "geometry": {
        "type": "Point",
        "coordinates": [
          -118.065731,
          34.036093
        ]
      },
      "properties": {
        "tract_id": "06037980036",
        "population": 616,
        "density_per_sqkm": 78
      }
    },
    {
      "type": "Feature",
      "geometry": {
        "type": "Point",
        "coordinates": [
          -118.216858,
          33.747118
        ]
      },
      "properties": {
        "tract_id": "06037980033",
        "population": 89,
        "density_per_sqkm": 7
      }
    },
    {
      "type": "Feature",
      "geometry": {
        "type": "Point",
        "coordinates": [
          -118.358565,
          33.898118
        ]
      },
      "properties": {
        "tract_id": "06037603901",
        "population": 4013,
        "density_per_sqkm": 5455
      }
    },
    {
      "type": "Feature",
      "geometry": {
        "type": "Point",
        "coordinates": [
          -118.476127,
          34.157534
        ]
      },
      "properties": {
        "tract_id": "06037141400",
        "population": 4705,
        "density_per_sqkm": 2373
      }
    },
    {
      "type": "Feature",
      "geometry": {
        "type": "Point",
        "coordinates": [
          -118.195576,
          34.044986
        ]
      },
      "properties": {
        "tract_id": "06037203800",
        "population": 4502,
        "density_per_sqkm": 9237
      }
    },
    {
      "type": "Feature",
      "geometry": {
        "type": "Point",
        "coordinates": [
          -118.427337,
          34.064262
        ]
      },
      "properties": {
        "tract_id": "06037265702",
        "population": 2879,
        "density_per_sqkm": 7669
      }
    },
    {
      "type": "Feature",
      "geometry": {
        "type": "Point",
        "coordinates": [
          -118.281772,
          34.072159
        ]
      },
      "properties": {
        "tract_id": "06037208610",
        "population": 3878,
        "density_per_sqkm": 11076
      }
    },
    {
      "type": "Feature",
      "geometry": {
        "type": "Point",
        "coordinates": [
          -118.309312,
          34.111276
        ]
      },
      "properties": {
        "tract_id": "06037189300",
        "population": 3216,
        "density_per_sqkm": 1686
      }
    },
    {
      "type": "Feature",
      "geometry": {
        "type": "Point",
        "coordinates": [
          -118.211452,
          34.050847
        ]
      },
      "properties": {
        "tract_id": "06037203602",
        "population": 2124,
        "density_per_sqkm": 9507
      }
    },
    {
      "type": "Feature",
      "geometry": {
        "type": "Point",
        "coordinates": [
          -118.25769,
          34.072953
        ]
      },
      "properties": {
        "tract_id": "06037197500",
        "population": 3973,
        "density_per_sqkm": 6830
      }
    },
    {
      "type": "Feature",
      "geometry": {
        "type": "Point",
        "coordinates": [
          -118.610839,
          34.159146
        ]
      },
      "properties": {
        "tract_id": "06037137401",
        "population": 4708,
        "density_per_sqkm": 1980
      }
    },
    {
      "type": "Feature",
      "geometry": {
        "type": "Point",
        "coordinates": [
          -118.33903,
          33.875873
        ]
      },
      "properties": {
        "tract_id": "06037650003",
        "population": 3237,
        "density_per_sqkm": 6373
      }
    },
    {
      "type": "Feature",
      "geometry": {
        "type": "Point",
        "coordinates": [
          -118.494173,
          34.290563
        ]
      },
      "properties": {
        "tract_id": "06037106645",
        "population": 3501,
        "density_per_sqkm": 1385
      }
    },
    {
      "type": "Feature",
      "geometry": {
        "type": "Point",
        "coordinates": [
          -118.228855,
          34.112673
        ]
      },
      "properties": {
        "tract_id": "06037186302",
        "population": 5190,
        "density_per_sqkm": 3080
      }
    },
    {
      "type": "Feature",
      "geometry": {
        "type": "Point",
        "coordinates": [
          -118.303851,
          33.746558
        ]
      },
      "properties": {
        "tract_id": "06037296402",
        "population": 2971,
        "density_per_sqkm": 2840
      }
    },
    {
      "type": "Feature",
      "geometry": {
        "type": "Point",
        "coordinates": [
          -118.295642,
          33.734471
        ]
      },
      "properties": {
        "tract_id": "06037296902",
        "population": 3987,
        "density_per_sqkm": 8085
      }
    },
    {
      "type": "Feature",
      "geometry": {
        "type": "Point",
        "coordinates": [
          -118.299007,
          33.724735
        ]
      },
      "properties": {
        "tract_id": "06037297202",
        "population": 3546,
        "density_per_sqkm": 6159
      }
    },
    {
      "type": "Feature",
      "geometry": {
        "type": "Point",
        "coordinates": [
          -118.161596,
          34.711306
        ]
      },
      "properties": {
        "tract_id": "06037900807",
        "population": 4566,
        "density_per_sqkm": 3463
      }
    },
    {
      "type": "Feature",
      "geometry": {
        "type": "Point",
        "coordinates": [
          -118.172933,
          33.856156
        ]
      },
      "properties": {
        "tract_id": "06037570602",
        "population": 6557,
        "density_per_sqkm": 6289
      }
    },
    {
      "type": "Feature",
      "geometry": {
        "type": "Point",
        "coordinates": [
          -118.162321,
          33.857171
        ]
      },
      "properties": {
        "tract_id": "06037570603",
        "population": 5391,
        "density_per_sqkm": 7339
      }
    },
    {
      "type": "Feature",
      "geometry": {
        "type": "Point",
        "coordinates": [
          -118.149065,
          33.853903
        ]
      },
      "properties": {
        "tract_id": "06037570701",
        "population": 6993,
        "density_per_sqkm": 3935
      }
    },
    {
      "type": "Feature",
      "geometry": {
        "type": "Point",
        "coordinates": [
          -118.381432,
          34.242359
        ]
      },
      "properties": {
        "tract_id": "06037121102",
        "population": 2846,
        "density_per_sqkm": 381
      }
    },
    {
      "type": "Feature",
      "geometry": {
        "type": "Point",
        "coordinates": [
          -118.38341,
          34.184861
        ]
      },
      "properties": {
        "tract_id": "06037124104",
        "population": 2519,
        "density_per_sqkm": 7764
      }
    },
    {
      "type": "Feature",
      "geometry": {
        "type": "Point",
        "coordinates": [
          -118.187072,
          33.849946
        ]
      },
      "properties": {
        "tract_id": "06037571704",
        "population": 3947,
        "density_per_sqkm": 8196
      }
    },
    {
      "type": "Feature",
      "geometry": {
        "type": "Point",
        "coordinates": [
          -118.202245,
          33.79353
        ]
      },
      "properties": {
        "tract_id": "06037573003",
        "population": 1790,
        "density_per_sqkm": 4462
      }
    },
    {
      "type": "Feature",
      "geometry": {
        "type": "Point",
        "coordinates": [
          -118.516246,
          34.444123
        ]
      },
      "properties": {
        "tract_id": "06037920044",
        "population": 2737,
        "density_per_sqkm": 2814
      }
    },
    {
      "type": "Feature",
      "geometry": {
        "type": "Point",
        "coordinates": [
          -118.064525,
          34.702356
        ]
      },
      "properties": {
        "tract_id": "06037900301",
        "population": 3957,
        "density_per_sqkm": 597
      }
    },
    {
      "type": "Feature",
      "geometry": {
        "type": "Point",
        "coordinates": [
          -118.01832,
          34.576083
        ]
      },
      "properties": {
        "tract_id": "06037910719",
        "population": 4484,
        "density_per_sqkm": 2251
      }
    },
    {
      "type": "Feature",
      "geometry": {
        "type": "Point",
        "coordinates": [
          -118.371269,
          33.922243
        ]
      },
      "properties": {
        "tract_id": "06037602201",
        "population": 4552,
        "density_per_sqkm": 2820
      }
    },
    {
      "type": "Feature",
      "geometry": {
        "type": "Point",
        "coordinates": [
          -118.526227,
          34.260847
        ]
      },
      "properties": {
        "tract_id": "06037111304",
        "population": 3359,
        "density_per_sqkm": 7679
      }
    },
    {
      "type": "Feature",
      "geometry": {
        "type": "Point",
        "coordinates": [
          -118.292577,
          34.254329
        ]
      },
      "properties": {
        "tract_id": "06037101221",
        "population": 3444,
        "density_per_sqkm": 9724
      }
    },
    {
      "type": "Feature",
      "geometry": {
        "type": "Point",
        "coordinates": [
          -118.308348,
          34.255941
        ]
      },
      "properties": {
        "tract_id": "06037103402",
        "population": 4075,
        "density_per_sqkm": 3708
      }
    },
    {
      "type": "Feature",
      "geometry": {
        "type": "Point",
        "coordinates": [
          -118.003332,
          33.931987
        ]
      },
      "properties": {
        "tract_id": "06037503502",
        "population": 4297,
        "density_per_sqkm": 3513
      }
    },
    {
      "type": "Feature",
      "geometry": {
        "type": "Point",
        "coordinates": [
          -118.322926,
          34.027614
        ]
      },
      "properties": {
        "tract_id": "06037219010",
        "population": 2749,
        "density_per_sqkm": 6236
      }
    },
    {
      "type": "Feature",
      "geometry": {
        "type": "Point",
        "coordinates": [
          -118.1139,
          34.020714
        ]
      },
      "properties": {
        "tract_id": "06037530006",
        "population": 4295,
        "density_per_sqkm": 6517
      }
    },
    {
      "type": "Feature",
      "geometry": {
        "type": "Point",
        "coordinates": [
          -118.27695,
          34.050552
        ]
      },
      "properties": {
        "tract_id": "06037209520",
        "population": 2648,
        "density_per_sqkm": 11455
      }
    },
    {
      "type": "Feature",
      "geometry": {
        "type": "Point",
        "coordinates": [
          -118.281104,
          34.062763
        ]
      },
      "properties": {
        "tract_id": "06037208720",
        "population": 3810,
        "density_per_sqkm": 23128
      }
    },
    {
      "type": "Feature",
      "geometry": {
        "type": "Point",
        "coordinates": [
          -118.282541,
          34.065728
        ]
      },
      "properties": {
        "tract_id": "06037208710",
        "population": 4147,
        "density_per_sqkm": 24340
      }
    },
    {
      "type": "Feature",
      "geometry": {
        "type": "Point",
        "coordinates": [
          -117.979116,
          34.086998
        ]
      },
      "properties": {
        "tract_id": "06037404902",
        "population": 3832,
        "density_per_sqkm": 5538
      }
    },
    {
      "type": "Feature",
      "geometry": {
        "type": "Point",
        "coordinates": [
          -118.103975,
          34.083193
        ]
      },
      "properties": {
        "tract_id": "06037481401",
        "population": 5725,
        "density_per_sqkm": 4745
      }
    },
    {
      "type": "Feature",
      "geometry": {
        "type": "Point",
        "coordinates": [
          -118.312477,
          34.094422
        ]
      },
      "properties": {
        "tract_id": "06037190901",
        "population": 4016,
        "density_per_sqkm": 8193
      }
    },
    {
      "type": "Feature",
      "geometry": {
        "type": "Point",
        "coordinates": [
          -118.341024,
          34.112493
        ]
      },
      "properties": {
        "tract_id": "06037189702",
        "population": 2389,
        "density_per_sqkm": 1638
      }
    },
    {
      "type": "Feature",
      "geometry": {
        "type": "Point",
        "coordinates": [
          -118.356813,
          34.128982
        ]
      },
      "properties": {
        "tract_id": "06037143700",
        "population": 3800,
        "density_per_sqkm": 1156
      }
    },
    {
      "type": "Feature",
      "geometry": {
        "type": "Point",
        "coordinates": [
          -118.566704,
          34.280905
        ]
      },
      "properties": {
        "tract_id": "06037108204",
        "population": 1857,
        "density_per_sqkm": 1296
      }
    },
    {
      "type": "Feature",
      "geometry": {
        "type": "Point",
        "coordinates": [
          -118.218846,
          34.121312
        ]
      },
      "properties": {
        "tract_id": "06037186201",
        "population": 3085,
        "density_per_sqkm": 5910
      }
    },
    {
      "type": "Feature",
      "geometry": {
        "type": "Point",
        "coordinates": [
          -118.215342,
          34.115003
        ]
      },
      "properties": {
        "tract_id": "06037186203",
        "population": 2751,
        "density_per_sqkm": 3265
      }
    },
    {
      "type": "Feature",
      "geometry": {
        "type": "Point",
        "coordinates": [
          -118.194481,
          34.03338
        ]
      },
      "properties": {
        "tract_id": "06037203900",
        "population": 2611,
        "density_per_sqkm": 5822
      }
    },
    {
      "type": "Feature",
      "geometry": {
        "type": "Point",
        "coordinates": [
          -118.198714,
          34.038787
        ]
      },
      "properties": {
        "tract_id": "06037204110",
        "population": 2811,
        "density_per_sqkm": 4656
      }
    },
    {
      "type": "Feature",
      "geometry": {
        "type": "Point",
        "coordinates": [
          -118.448563,
          33.976493
        ]
      },
      "properties": {
        "tract_id": "06037702900",
        "population": 11373,
        "density_per_sqkm": 5147
      }
    },
    {
      "type": "Feature",
      "geometry": {
        "type": "Point",
        "coordinates": [
          -118.115744,
          33.782482
        ]
      },
      "properties": {
        "tract_id": "06037578100",
        "population": 2094,
        "density_per_sqkm": 1219
      }
    },
    {
      "type": "Feature",
      "geometry": {
        "type": "Point",
        "coordinates": [
          -118.201168,
          34.03389
        ]
      },
      "properties": {
        "tract_id": "06037204120",
        "population": 2368,
        "density_per_sqkm": 8990
      }
    },
    {
      "type": "Feature",
      "geometry": {
        "type": "Point",
        "coordinates": [
          -118.207872,
          34.038749
        ]
      },
      "properties": {
        "tract_id": "06037204300",
        "population": 4433,
        "density_per_sqkm": 6889
      }
    },
    {
      "type": "Feature",
      "geometry": {
        "type": "Point",
        "coordinates": [
          -118.216806,
          34.037087
        ]
      },
      "properties": {
        "tract_id": "06037204600",
        "population": 3740,
        "density_per_sqkm": 6629
      }
    },
    {
      "type": "Feature",
      "geometry": {
        "type": "Point",
        "coordinates": [
          -118.212452,
          34.030982
        ]
      },
      "properties": {
        "tract_id": "06037204700",
        "population": 4632,
        "density_per_sqkm": 4581
      }
    },
    {
      "type": "Feature",
      "geometry": {
        "type": "Point",
        "coordinates": [
          -118.277983,
          34.069709
        ]
      },
      "properties": {
        "tract_id": "06037208620",
        "population": 4052,
        "density_per_sqkm": 12493
      }
    },
    {
      "type": "Feature",
      "geometry": {
        "type": "Point",
        "coordinates": [
          -118.27336,
          34.0598
        ]
      },
      "properties": {
        "tract_id": "06037208903",
        "population": 3888,
        "density_per_sqkm": 24409
      }
    },
    {
      "type": "Feature",
      "geometry": {
        "type": "Point",
        "coordinates": [
          -118.448932,
          34.065734
        ]
      },
      "properties": {
        "tract_id": "06037265306",
        "population": 2081,
        "density_per_sqkm": 22317
      }
    },
    {
      "type": "Feature",
      "geometry": {
        "type": "Point",
        "coordinates": [
          -117.746539,
          34.069971
        ]
      },
      "properties": {
        "tract_id": "06037402602",
        "population": 4079,
        "density_per_sqkm": 3270
      }
    },
    {
      "type": "Feature",
      "geometry": {
        "type": "Point",
        "coordinates": [
          -118.268302,
          34.05073
        ]
      },
      "properties": {
        "tract_id": "06037209300",
        "population": 4712,
        "density_per_sqkm": 15383
      }
    },
    {
      "type": "Feature",
      "geometry": {
        "type": "Point",
        "coordinates": [
          -118.281958,
          34.052963
        ]
      },
      "properties": {
        "tract_id": "06037209510",
        "population": 2813,
        "density_per_sqkm": 15415
      }
    },
    {
      "type": "Feature",
      "geometry": {
        "type": "Point",
        "coordinates": [
          -118.27231,
          34.04685
        ]
      },
      "properties": {
        "tract_id": "06037210010",
        "population": 3190,
        "density_per_sqkm": 7800
      }
    },
    {
      "type": "Feature",
      "geometry": {
        "type": "Point",
        "coordinates": [
          -118.35532,
          34.083542
        ]
      },
      "properties": {
        "tract_id": "06037192002",
        "population": 2550,
        "density_per_sqkm": 2971
      }
    },
    {
      "type": "Feature",
      "geometry": {
        "type": "Point",
        "coordinates": [
          -118.364224,
          34.08431
        ]
      },
      "properties": {
        "tract_id": "06037194401",
        "population": 2559,
        "density_per_sqkm": 5494
      }
    },
    {
      "type": "Feature",
      "geometry": {
        "type": "Point",
        "coordinates": [
          -118.371901,
          34.085041
        ]
      },
      "properties": {
        "tract_id": "06037194402",
        "population": 3146,
        "density_per_sqkm": 5340
      }
    },
    {
      "type": "Feature",
      "geometry": {
        "type": "Point",
        "coordinates": [
          -118.278517,
          34.108742
        ]
      },
      "properties": {
        "tract_id": "06037195201",
        "population": 3080,
        "density_per_sqkm": 5126
      }
    },
    {
      "type": "Feature",
      "geometry": {
        "type": "Point",
        "coordinates": [
          -118.278541,
          34.102947
        ]
      },
      "properties": {
        "tract_id": "06037195202",
        "population": 3194,
        "density_per_sqkm": 3638
      }
    },
    {
      "type": "Feature",
      "geometry": {
        "type": "Point",
        "coordinates": [
          -118.272819,
          34.078774
        ]
      },
      "properties": {
        "tract_id": "06037195804",
        "population": 2459,
        "density_per_sqkm": 7322
      }
    },
    {
      "type": "Feature",
      "geometry": {
        "type": "Point",
        "coordinates": [
          -118.133783,
          33.853566
        ]
      },
      "properties": {
        "tract_id": "06037570800",
        "population": 5661,
        "density_per_sqkm": 2368
      }
    },
    {
      "type": "Feature",
      "geometry": {
        "type": "Point",
        "coordinates": [
          -118.108964,
          33.852433
        ]
      },
      "properties": {
        "tract_id": "06037570901",
        "population": 5747,
        "density_per_sqkm": 3165
      }
    },
    {
      "type": "Feature",
      "geometry": {
        "type": "Point",
        "coordinates": [
          -118.121079,
          33.853231
        ]
      },
      "properties": {
        "tract_id": "06037570902",
        "population": 3653,
        "density_per_sqkm": 3460
      }
    },
    {
      "type": "Feature",
      "geometry": {
        "type": "Point",
        "coordinates": [
          -118.101626,
          33.838832
        ]
      },
      "properties": {
        "tract_id": "06037571000",
        "population": 5792,
        "density_per_sqkm": 3302
      }
    },
    {
      "type": "Feature",
      "geometry": {
        "type": "Point",
        "coordinates": [
          -118.526454,
          34.036433
        ]
      },
      "properties": {
        "tract_id": "06037262706",
        "population": 3537,
        "density_per_sqkm": 1535
      }
    },
    {
      "type": "Feature",
      "geometry": {
        "type": "Point",
        "coordinates": [
          -118.089655,
          34.565955
        ]
      },
      "properties": {
        "tract_id": "06037910607",
        "population": 3946,
        "density_per_sqkm": 3222
      }
    },
    {
      "type": "Feature",
      "geometry": {
        "type": "Point",
        "coordinates": [
          -118.040854,
          33.971739
        ]
      },
      "properties": {
        "tract_id": "06037501803",
        "population": 4687,
        "density_per_sqkm": 7911
      }
    },
    {
      "type": "Feature",
      "geometry": {
        "type": "Point",
        "coordinates": [
          -118.034921,
          33.969882
        ]
      },
      "properties": {
        "tract_id": "06037501804",
        "population": 2247,
        "density_per_sqkm": 4221
      }
    },
    {
      "type": "Feature",
      "geometry": {
        "type": "Point",
        "coordinates": [
          -118.401979,
          33.957218
        ]
      },
      "properties": {
        "tract_id": "06037278001",
        "population": 2687,
        "density_per_sqkm": 1665
      }
    },
    {
      "type": "Feature",
      "geometry": {
        "type": "Point",
        "coordinates": [
          -118.434493,
          34.258795
        ]
      },
      "properties": {
        "tract_id": "06037104403",
        "population": 2947,
        "density_per_sqkm": 4252
      }
    },
    {
      "type": "Feature",
      "geometry": {
        "type": "Point",
        "coordinates": [
          -118.25325,
          34.630887
        ]
      },
      "properties": {
        "tract_id": "06037901218",
        "population": 2462,
        "density_per_sqkm": 237
      }
    },
    {
      "type": "Feature",
      "geometry": {
        "type": "Point",
        "coordinates": [
          -118.152696,
          34.711269
        ]
      },
      "properties": {
        "tract_id": "06037900808",
        "population": 4590,
        "density_per_sqkm": 3477
      }
    },
    {
      "type": "Feature",
      "geometry": {
        "type": "Point",
        "coordinates": [
          -118.311342,
          33.706062
        ]
      },
      "properties": {
        "tract_id": "06037990300",
        "population": 0,
        "density_per_sqkm": 0
      }
    },
    {
      "type": "Feature",
      "geometry": {
        "type": "Point",
        "coordinates": [
          -118.283722,
          33.706131
        ]
      },
      "properties": {
        "tract_id": "06037297601",
        "population": 2781,
        "density_per_sqkm": 3606
      }
    },
    {
      "type": "Feature",
      "geometry": {
        "type": "Point",
        "coordinates": [
          -118.290321,
          33.715902
        ]
      },
      "properties": {
        "tract_id": "06037297602",
        "population": 3579,
        "density_per_sqkm": 5753
      }
    },
    {
      "type": "Feature",
      "geometry": {
        "type": "Point",
        "coordinates": [
          -117.98551,
          33.914237
        ]
      },
      "properties": {
        "tract_id": "06037503705",
        "population": 3222,
        "density_per_sqkm": 2751
      }
    },
    {
      "type": "Feature",
      "geometry": {
        "type": "Point",
        "coordinates": [
          -118.395438,
          34.289364
        ]
      },
      "properties": {
        "tract_id": "06037104204",
        "population": 3304,
        "density_per_sqkm": 1240
      }
    },
    {
      "type": "Feature",
      "geometry": {
        "type": "Point",
        "coordinates": [
          -118.349849,
          33.9353
        ]
      },
      "properties": {
        "tract_id": "06037601700",
        "population": 4931,
        "density_per_sqkm": 6505
      }
    },
    {
      "type": "Feature",
      "geometry": {
        "type": "Point",
        "coordinates": [
          -118.193142,
          33.762514
        ]
      },
      "properties": {
        "tract_id": "06037576001",
        "population": 5921,
        "density_per_sqkm": 3294
      }
    },
    {
      "type": "Feature",
      "geometry": {
        "type": "Point",
        "coordinates": [
          -118.455834,
          34.293098
        ]
      },
      "properties": {
        "tract_id": "06037106648",
        "population": 4815,
        "density_per_sqkm": 6072
      }
    },
    {
      "type": "Feature",
      "geometry": {
        "type": "Point",
        "coordinates": [
          -118.465416,
          34.253652
        ]
      },
      "properties": {
        "tract_id": "06037109603",
        "population": 4203,
        "density_per_sqkm": 4208
      }
    },
    {
      "type": "Feature",
      "geometry": {
        "type": "Point",
        "coordinates": [
          -118.465352,
          34.261544
        ]
      },
      "properties": {
        "tract_id": "06037109604",
        "population": 2938,
        "density_per_sqkm": 2501
      }
    },
    {
      "type": "Feature",
      "geometry": {
        "type": "Point",
        "coordinates": [
          -118.534498,
          34.267547
        ]
      },
      "properties": {
        "tract_id": "06037111206",
        "population": 4716,
        "density_per_sqkm": 1806
      }
    },
    {
      "type": "Feature",
      "geometry": {
        "type": "Point",
        "coordinates": [
          -118.586892,
          34.264588
        ]
      },
      "properties": {
        "tract_id": "06037113101",
        "population": 3461,
        "density_per_sqkm": 1528
      }
    },
    {
      "type": "Feature",
      "geometry": {
        "type": "Point",
        "coordinates": [
          -118.085117,
          34.709439
        ]
      },
      "properties": {
        "tract_id": "06037900610",
        "population": 3929,
        "density_per_sqkm": 1193
      }
    },
    {
      "type": "Feature",
      "geometry": {
        "type": "Point",
        "coordinates": [
          -118.492869,
          33.913587
        ]
      },
      "properties": {
        "tract_id": "06037990200",
        "population": 0,
        "density_per_sqkm": 0
      }
    },
    {
      "type": "Feature",
      "geometry": {
        "type": "Point",
        "coordinates": [
          -117.745064,
          34.085088
        ]
      },
      "properties": {
        "tract_id": "06037402102",
        "population": 5118,
        "density_per_sqkm": 2239
      }
    },
    {
      "type": "Feature",
      "geometry": {
        "type": "Point",
        "coordinates": [
          -117.770088,
          34.068035
        ]
      },
      "properties": {
        "tract_id": "06037402301",
        "population": 5444,
        "density_per_sqkm": 4089
      }
    },
    {
      "type": "Feature",
      "geometry": {
        "type": "Point",
        "coordinates": [
          -117.725264,
          34.100922
        ]
      },
      "properties": {
        "tract_id": "06037401902",
        "population": 5747,
        "density_per_sqkm": 2163
      }
    },
    {
      "type": "Feature",
      "geometry": {
        "type": "Point",
        "coordinates": [
          -118.046922,
          34.154572
        ]
      },
      "properties": {
        "tract_id": "06037430600",
        "population": 4435,
        "density_per_sqkm": 1202
      }
    },
    {
      "type": "Feature",
      "geometry": {
        "type": "Point",
        "coordinates": [
          -118.260381,
          33.797978
        ]
      },
      "properties": {
        "tract_id": "06037294110",
        "population": 3876,
        "density_per_sqkm": 3921
      }
    },
    {
      "type": "Feature",
      "geometry": {
        "type": "Point",
        "coordinates": [
          -118.247563,
          33.79579
        ]
      },
      "properties": {
        "tract_id": "06037294120",
        "population": 2324,
        "density_per_sqkm": 1485
      }
    },
    {
      "type": "Feature",
      "geometry": {
        "type": "Point",
        "coordinates": [
          -118.269389,
          33.794838
        ]
      },
      "properties": {
        "tract_id": "06037294200",
        "population": 4658,
        "density_per_sqkm": 4884
      }
    },
    {
      "type": "Feature",
      "geometry": {
        "type": "Point",
        "coordinates": [
          -118.289893,
          33.794128
        ]
      },
      "properties": {
        "tract_id": "06037294410",
        "population": 5310,
        "density_per_sqkm": 6369
      }
    },
    {
      "type": "Feature",
      "geometry": {
        "type": "Point",
        "coordinates": [
          -118.303828,
          33.811177
        ]
      },
      "properties": {
        "tract_id": "06037293301",
        "population": 2793,
        "density_per_sqkm": 3305
      }
    },
    {
      "type": "Feature",
      "geometry": {
        "type": "Point",
        "coordinates": [
          -117.708699,
          34.100707
        ]
      },
      "properties": {
        "tract_id": "06037401901",
        "population": 5428,
        "density_per_sqkm": 3161
      }
    },
    {
      "type": "Feature",
      "geometry": {
        "type": "Point",
        "coordinates": [
          -118.014181,
          34.052163
        ]
      },
      "properties": {
        "tract_id": "06037434001",
        "population": 4715,
        "density_per_sqkm": 4394
      }
    },
    {
      "type": "Feature",
      "geometry": {
        "type": "Point",
        "coordinates": [
          -118.222626,
          34.092203
        ]
      },
      "properties": {
        "tract_id": "06037185310",
        "population": 2724,
        "density_per_sqkm": 6469
      }
    },
    {
      "type": "Feature",
      "geometry": {
        "type": "Point",
        "coordinates": [
          -118.363587,
          34.047556
        ]
      },
      "properties": {
        "tract_id": "06037216901",
        "population": 2888,
        "density_per_sqkm": 4107
      }
    },
    {
      "type": "Feature",
      "geometry": {
        "type": "Point",
        "coordinates": [
          -118.636908,
          34.188818
        ]
      },
      "properties": {
        "tract_id": "06037135202",
        "population": 4399,
        "density_per_sqkm": 2496
      }
    },
    {
      "type": "Feature",
      "geometry": {
        "type": "Point",
        "coordinates": [
          -117.754273,
          34.04746
        ]
      },
      "properties": {
        "tract_id": "06037402504",
        "population": 2902,
        "density_per_sqkm": 4834
      }
    },
    {
      "type": "Feature",
      "geometry": {
        "type": "Point",
        "coordinates": [
          -118.09907,
          34.074105
        ]
      },
      "properties": {
        "tract_id": "06037482301",
        "population": 4989,
        "density_per_sqkm": 5711
      }
    },
    {
      "type": "Feature",
      "geometry": {
        "type": "Point",
        "coordinates": [
          -118.098741,
          34.06911
        ]
      },
      "properties": {
        "tract_id": "06037482303",
        "population": 5482,
        "density_per_sqkm": 5578
      }
    },
    {
      "type": "Feature",
      "geometry": {
        "type": "Point",
        "coordinates": [
          -117.93147,
          34.025854
        ]
      },
      "properties": {
        "tract_id": "06037407802",
        "population": 3336,
        "density_per_sqkm": 1065
      }
    },
    {
      "type": "Feature",
      "geometry": {
        "type": "Point",
        "coordinates": [
          -118.40671,
          34.028047
        ]
      },
      "properties": {
        "tract_id": "06037269907",
        "population": 2671,
        "density_per_sqkm": 9650
      }
    },
    {
      "type": "Feature",
      "geometry": {
        "type": "Point",
        "coordinates": [
          -118.005297,
          34.081471
        ]
      },
      "properties": {
        "tract_id": "06037432602",
        "population": 4504,
        "density_per_sqkm": 4231
      }
    },
    {
      "type": "Feature",
      "geometry": {
        "type": "Point",
        "coordinates": [
          -118.034403,
          34.075959
        ]
      },
      "properties": {
        "tract_id": "06037432700",
        "population": 5363,
        "density_per_sqkm": 2938
      }
    },
    {
      "type": "Feature",
      "geometry": {
        "type": "Point",
        "coordinates": [
          -118.046845,
          34.077032
        ]
      },
      "properties": {
        "tract_id": "06037432801",
        "population": 2620,
        "density_per_sqkm": 3310
      }
    },
    {
      "type": "Feature",
      "geometry": {
        "type": "Point",
        "coordinates": [
          -118.44128,
          34.227837
        ]
      },
      "properties": {
        "tract_id": "06037119900",
        "population": 4774,
        "density_per_sqkm": 4537
      }
    },
    {
      "type": "Feature",
      "geometry": {
        "type": "Point",
        "coordinates": [
          -118.454814,
          34.218597
        ]
      },
      "properties": {
        "tract_id": "06037120020",
        "population": 4037,
        "density_per_sqkm": 7786
      }
    },
    {
      "type": "Feature",
      "geometry": {
        "type": "Point",
        "coordinates": [
          -118.451868,
          34.215108
        ]
      },
      "properties": {
        "tract_id": "06037120030",
        "population": 2591,
        "density_per_sqkm": 6860
      }
    },
    {
      "type": "Feature",
      "geometry": {
        "type": "Point",
        "coordinates": [
          -118.498742,
          34.238143
        ]
      },
      "properties": {
        "tract_id": "06037117302",
        "population": 5414,
        "density_per_sqkm": 2639
      }
    },
    {
      "type": "Feature",
      "geometry": {
        "type": "Point",
        "coordinates": [
          -118.491281,
          34.22811
        ]
      },
      "properties": {
        "tract_id": "06037117303",
        "population": 3647,
        "density_per_sqkm": 2025
      }
    },
    {
      "type": "Feature",
      "geometry": {
        "type": "Point",
        "coordinates": [
          -118.463266,
          34.23004
        ]
      },
      "properties": {
        "tract_id": "06037117520",
        "population": 3961,
        "density_per_sqkm": 12313
      }
    },
    {
      "type": "Feature",
      "geometry": {
        "type": "Point",
        "coordinates": [
          -118.46369,
          34.224854
        ]
      },
      "properties": {
        "tract_id": "06037117530",
        "population": 5888,
        "density_per_sqkm": 10813
      }
    },
    {
      "type": "Feature",
      "geometry": {
        "type": "Point",
        "coordinates": [
          -118.115489,
          34.048281
        ]
      },
      "properties": {
        "tract_id": "06037482600",
        "population": 7182,
        "density_per_sqkm": 2646
      }
    },
    {
      "type": "Feature",
      "geometry": {
        "type": "Point",
        "coordinates": [
          -118.372017,
          34.144487
        ]
      },
      "properties": {
        "tract_id": "06037143603",
        "population": 2482,
        "density_per_sqkm": 5050
      }
    },
    {
      "type": "Feature",
      "geometry": {
        "type": "Point",
        "coordinates": [
          -118.190939,
          34.125432
        ]
      },
      "properties": {
        "tract_id": "06037183221",
        "population": 2901,
        "density_per_sqkm": 4105
      }
    },
    {
      "type": "Feature",
      "geometry": {
        "type": "Point",
        "coordinates": [
          -118.197335,
          34.129182
        ]
      },
      "properties": {
        "tract_id": "06037183222",
        "population": 3303,
        "density_per_sqkm": 3557
      }
    },
    {
      "type": "Feature",
      "geometry": {
        "type": "Point",
        "coordinates": [
          -118.209226,
          34.121666
        ]
      },
      "properties": {
        "tract_id": "06037183401",
        "population": 2226,
        "density_per_sqkm": 4587
      }
    },
    {
      "type": "Feature",
      "geometry": {
        "type": "Point",
        "coordinates": [
          -118.597693,
          34.163452
        ]
      },
      "properties": {
        "tract_id": "06037137502",
        "population": 4441,
        "density_per_sqkm": 2125
      }
    },
    {
      "type": "Feature",
      "geometry": {
        "type": "Point",
        "coordinates": [
          -117.980001,
          34.002098
        ]
      },
      "properties": {
        "tract_id": "06037408505",
        "population": 2711,
        "density_per_sqkm": 1362
      }
    },
    {
      "type": "Feature",
      "geometry": {
        "type": "Point",
        "coordinates": [
          -117.958366,
          34.000289
        ]
      },
      "properties": {
        "tract_id": "06037408631",
        "population": 5023,
        "density_per_sqkm": 3402
      }
    },
    {
      "type": "Feature",
      "geometry": {
        "type": "Point",
        "coordinates": [
          -118.302787,
          34.103572
        ]
      },
      "properties": {
        "tract_id": "06037190401",
        "population": 2857,
        "density_per_sqkm": 17115
      }
    },
    {
      "type": "Feature",
      "geometry": {
        "type": "Point",
        "coordinates": [
          -118.307151,
          34.103549
        ]
      },
      "properties": {
        "tract_id": "06037190402",
        "population": 2388,
        "density_per_sqkm": 15196
      }
    },
    {
      "type": "Feature",
      "geometry": {
        "type": "Point",
        "coordinates": [
          -118.324459,
          34.094377
        ]
      },
      "properties": {
        "tract_id": "06037190801",
        "population": 2500,
        "density_per_sqkm": 7711
      }
    },
    {
      "type": "Feature",
      "geometry": {
        "type": "Point",
        "coordinates": [
          -118.252967,
          34.056442
        ]
      },
      "properties": {
        "tract_id": "06037207501",
        "population": 2489,
        "density_per_sqkm": 18529
      }
    },
    {
      "type": "Feature",
      "geometry": {
        "type": "Point",
        "coordinates": [
          -118.497369,
          34.202097
        ]
      },
      "properties": {
        "tract_id": "06037132102",
        "population": 5618,
        "density_per_sqkm": 4096
      }
    },
    {
      "type": "Feature",
      "geometry": {
        "type": "Point",
        "coordinates": [
          -118.548705,
          34.197432
        ]
      },
      "properties": {
        "tract_id": "06037132501",
        "population": 4357,
        "density_per_sqkm": 6220
      }
    },
    {
      "type": "Feature",
      "geometry": {
        "type": "Point",
        "coordinates": [
          -118.54845,
          34.190811
        ]
      },
      "properties": {
        "tract_id": "06037132502",
        "population": 4252,
        "density_per_sqkm": 6920
      }
    },
    {
      "type": "Feature",
      "geometry": {
        "type": "Point",
        "coordinates": [
          -118.585633,
          34.201674
        ]
      },
      "properties": {
        "tract_id": "06037134002",
        "population": 3483,
        "density_per_sqkm": 4702
      }
    },
    {
      "type": "Feature",
      "geometry": {
        "type": "Point",
        "coordinates": [
          -118.633434,
          34.214052
        ]
      },
      "properties": {
        "tract_id": "06037134423",
        "population": 3338,
        "density_per_sqkm": 2139
      }
    },
    {
      "type": "Feature",
      "geometry": {
        "type": "Point",
        "coordinates": [
          -118.580534,
          34.191126
        ]
      },
      "properties": {
        "tract_id": "06037134904",
        "population": 4368,
        "density_per_sqkm": 4233
      }
    },
    {
      "type": "Feature",
      "geometry": {
        "type": "Point",
        "coordinates": [
          -118.306607,
          34.067162
        ]
      },
      "properties": {
        "tract_id": "06037211804",
        "population": 3247,
        "density_per_sqkm": 17461
      }
    },
    {
      "type": "Feature",
      "geometry": {
        "type": "Point",
        "coordinates": [
          -118.294141,
          34.063596
        ]
      },
      "properties": {
        "tract_id": "06037212101",
        "population": 3146,
        "density_per_sqkm": 16934
      }
    },
    {
      "type": "Feature",
      "geometry": {
        "type": "Point",
        "coordinates": [
          -118.387504,
          34.145119
        ]
      },
      "properties": {
        "tract_id": "06037143602",
        "population": 4740,
        "density_per_sqkm": 4133
      }
    },
    {
      "type": "Feature",
      "geometry": {
        "type": "Point",
        "coordinates": [
          -118.011457,
          34.141643
        ]
      },
      "properties": {
        "tract_id": "06037430901",
        "population": 4459,
        "density_per_sqkm": 3829
      }
    },
    {
      "type": "Feature",
      "geometry": {
        "type": "Point",
        "coordinates": [
          -118.450505,
          34.24539
        ]
      },
      "properties": {
        "tract_id": "06037119310",
        "population": 3983,
        "density_per_sqkm": 9369
      }
    },
    {
      "type": "Feature",
      "geometry": {
        "type": "Point",
        "coordinates": [
          -118.374676,
          34.184866
        ]
      },
      "properties": {
        "tract_id": "06037124201",
        "population": 3391,
        "density_per_sqkm": 3487
      }
    },
    {
      "type": "Feature",
      "geometry": {
        "type": "Point",
        "coordinates": [
          -118.364296,
          34.175738
        ]
      },
      "properties": {
        "tract_id": "06037124300",
        "population": 3830,
        "density_per_sqkm": 4299
      }
    },
    {
      "type": "Feature",
      "geometry": {
        "type": "Point",
        "coordinates": [
          -118.409547,
          34.173973
        ]
      },
      "properties": {
        "tract_id": "06037124400",
        "population": 4308,
        "density_per_sqkm": 4481
      }
    },
    {
      "type": "Feature",
      "geometry": {
        "type": "Point",
        "coordinates": [
          -118.615261,
          34.266077
        ]
      },
      "properties": {
        "tract_id": "06037113211",
        "population": 4275,
        "density_per_sqkm": 587
      }
    },
    {
      "type": "Feature",
      "geometry": {
        "type": "Point",
        "coordinates": [
          -118.602426,
          34.260683
        ]
      },
      "properties": {
        "tract_id": "06037113212",
        "population": 3211,
        "density_per_sqkm": 3216
      }
    },
    {
      "type": "Feature",
      "geometry": {
        "type": "Point",
        "coordinates": [
          -118.114323,
          33.941424
        ]
      },
      "properties": {
        "tract_id": "06037551002",
        "population": 3765,
        "density_per_sqkm": 3874
      }
    },
    {
      "type": "Feature",
      "geometry": {
        "type": "Point",
        "coordinates": [
          -118.053306,
          34.078871
        ]
      },
      "properties": {
        "tract_id": "06037432802",
        "population": 5540,
        "density_per_sqkm": 9347
      }
    },
    {
      "type": "Feature",
      "geometry": {
        "type": "Point",
        "coordinates": [
          -118.059942,
          34.078723
        ]
      },
      "properties": {
        "tract_id": "06037432902",
        "population": 3358,
        "density_per_sqkm": 3085
      }
    },
    {
      "type": "Feature",
      "geometry": {
        "type": "Point",
        "coordinates": [
          -118.259006,
          34.039834
        ]
      },
      "properties": {
        "tract_id": "06037207902",
        "population": 7405,
        "density_per_sqkm": 10582
      }
    },
    {
      "type": "Feature",
      "geometry": {
        "type": "Point",
        "coordinates": [
          -118.06727,
          34.561849
        ]
      },
      "properties": {
        "tract_id": "06037910606",
        "population": 3222,
        "density_per_sqkm": 2360
      }
    },
    {
      "type": "Feature",
      "geometry": {
        "type": "Point",
        "coordinates": [
          -118.094859,
          34.058625
        ]
      },
      "properties": {
        "tract_id": "06037482503",
        "population": 3957,
        "density_per_sqkm": 5423
      }
    },
    {
      "type": "Feature",
      "geometry": {
        "type": "Point",
        "coordinates": [
          -118.233531,
          34.048174
        ]
      },
      "properties": {
        "tract_id": "06037206052",
        "population": 3296,
        "density_per_sqkm": 3631
      }
    },
    {
      "type": "Feature",
      "geometry": {
        "type": "Point",
        "coordinates": [
          -118.245638,
          34.042696
        ]
      },
      "properties": {
        "tract_id": "06037206302",
        "population": 1375,
        "density_per_sqkm": 29620
      }
    },
    {
      "type": "Feature",
      "geometry": {
        "type": "Point",
        "coordinates": [
          -118.139748,
          34.037622
        ]
      },
      "properties": {
        "tract_id": "06037482701",
        "population": 4096,
        "density_per_sqkm": 3332
      }
    },
    {
      "type": "Feature",
      "geometry": {
        "type": "Point",
        "coordinates": [
          -118.481597,
          34.253712
        ]
      },
      "properties": {
        "tract_id": "06037109800",
        "population": 4679,
        "density_per_sqkm": 3344
      }
    },
    {
      "type": "Feature",
      "geometry": {
        "type": "Point",
        "coordinates": [
          -118.404639,
          34.239423
        ]
      },
      "properties": {
        "tract_id": "06037121210",
        "population": 3182,
        "density_per_sqkm": 1593
      }
    },
    {
      "type": "Feature",
      "geometry": {
        "type": "Point",
        "coordinates": [
          -118.410591,
          34.211068
        ]
      },
      "properties": {
        "tract_id": "06037121600",
        "population": 2996,
        "density_per_sqkm": 2629
      }
    },
    {
      "type": "Feature",
      "geometry": {
        "type": "Point",
        "coordinates": [
          -118.404936,
          34.162502
        ]
      },
      "properties": {
        "tract_id": "06037124000",
        "population": 4786,
        "density_per_sqkm": 3589
      }
    },
    {
      "type": "Feature",
      "geometry": {
        "type": "Point",
        "coordinates": [
          -118.383399,
          34.175782
        ]
      },
      "properties": {
        "tract_id": "06037124102",
        "population": 3627,
        "density_per_sqkm": 5587
      }
    },
    {
      "type": "Feature",
      "geometry": {
        "type": "Point",
        "coordinates": [
          -118.345398,
          34.216179
        ]
      },
      "properties": {
        "tract_id": "06037102104",
        "population": 3906,
        "density_per_sqkm": 2355
      }
    },
    {
      "type": "Feature",
      "geometry": {
        "type": "Point",
        "coordinates": [
          -118.612708,
          34.244177
        ]
      },
      "properties": {
        "tract_id": "06037113237",
        "population": 3921,
        "density_per_sqkm": 828
      }
    },
    {
      "type": "Feature",
      "geometry": {
        "type": "Point",
        "coordinates": [
          -117.858005,
          33.985195
        ]
      },
      "properties": {
        "tract_id": "06037408707",
        "population": 6542,
        "density_per_sqkm": 1322
      }
    },
    {
      "type": "Feature",
      "geometry": {
        "type": "Point",
        "coordinates": [
          -118.285753,
          33.933431
        ]
      },
      "properties": {
        "tract_id": "06037241202",
        "population": 5148,
        "density_per_sqkm": 4426
      }
    },
    {
      "type": "Feature",
      "geometry": {
        "type": "Point",
        "coordinates": [
          -118.610307,
          34.192301
        ]
      },
      "properties": {
        "tract_id": "06037135111",
        "population": 3118,
        "density_per_sqkm": 3042
      }
    },
    {
      "type": "Feature",
      "geometry": {
        "type": "Point",
        "coordinates": [
          -118.400588,
          34.255225
        ]
      },
      "properties": {
        "tract_id": "06037104703",
        "population": 2572,
        "density_per_sqkm": 2202
      }
    },
    {
      "type": "Feature",
      "geometry": {
        "type": "Point",
        "coordinates": [
          -118.408862,
          34.26253
        ]
      },
      "properties": {
        "tract_id": "06037104704",
        "population": 4760,
        "density_per_sqkm": 2862
      }
    },
    {
      "type": "Feature",
      "geometry": {
        "type": "Point",
        "coordinates": [
          -118.448286,
          34.314686
        ]
      },
      "properties": {
        "tract_id": "06037106405",
        "population": 3968,
        "density_per_sqkm": 3386
      }
    },
    {
      "type": "Feature",
      "geometry": {
        "type": "Point",
        "coordinates": [
          -118.436557,
          34.310574
        ]
      },
      "properties": {
        "tract_id": "06037106407",
        "population": 2909,
        "density_per_sqkm": 12531
      }
    },
    {
      "type": "Feature",
      "geometry": {
        "type": "Point",
        "coordinates": [
          -118.235429,
          34.10676
        ]
      },
      "properties": {
        "tract_id": "06037186404",
        "population": 2266,
        "density_per_sqkm": 5649
      }
    },
    {
      "type": "Feature",
      "geometry": {
        "type": "Point",
        "coordinates": [
          -118.25906,
          34.11545
        ]
      },
      "properties": {
        "tract_id": "06037187101",
        "population": 3011,
        "density_per_sqkm": 3959
      }
    },
    {
      "type": "Feature",
      "geometry": {
        "type": "Point",
        "coordinates": [
          -118.27225,
          34.111835
        ]
      },
      "properties": {
        "tract_id": "06037188201",
        "population": 3378,
        "density_per_sqkm": 4485
      }
    },
    {
      "type": "Feature",
      "geometry": {
        "type": "Point",
        "coordinates": [
          -118.288505,
          34.104737
        ]
      },
      "properties": {
        "tract_id": "06037189101",
        "population": 2589,
        "density_per_sqkm": 6551
      }
    },
    {
      "type": "Feature",
      "geometry": {
        "type": "Point",
        "coordinates": [
          -118.413009,
          34.248965
        ]
      },
      "properties": {
        "tract_id": "06037104823",
        "population": 3024,
        "density_per_sqkm": 5691
      }
    },
    {
      "type": "Feature",
      "geometry": {
        "type": "Point",
        "coordinates": [
          -118.348142,
          33.920058
        ]
      },
      "properties": {
        "tract_id": "06037602105",
        "population": 4302,
        "density_per_sqkm": 6737
      }
    },
    {
      "type": "Feature",
      "geometry": {
        "type": "Point",
        "coordinates": [
          -118.792188,
          33.999191
        ]
      },
      "properties": {
        "tract_id": "06037990100",
        "population": 0,
        "density_per_sqkm": 0
      }
    },
    {
      "type": "Feature",
      "geometry": {
        "type": "Point",
        "coordinates": [
          -118.125518,
          34.579648
        ]
      },
      "properties": {
        "tract_id": "06037910405",
        "population": 6149,
        "density_per_sqkm": 2561
      }
    },
    {
      "type": "Feature",
      "geometry": {
        "type": "Point",
        "coordinates": [
          -118.42665,
          34.151546
        ]
      },
      "properties": {
        "tract_id": "06037141101",
        "population": 4903,
        "density_per_sqkm": 6655
      }
    },
    {
      "type": "Feature",
      "geometry": {
        "type": "Point",
        "coordinates": [
          -118.223443,
          34.682128
        ]
      },
      "properties": {
        "tract_id": "06037901012",
        "population": 5314,
        "density_per_sqkm": 1370
      }
    },
    {
      "type": "Feature",
      "geometry": {
        "type": "Point",
        "coordinates": [
          -118.396738,
          34.014928
        ]
      },
      "properties": {
        "tract_id": "06037702501",
        "population": 4952,
        "density_per_sqkm": 3712
      }
    },
    {
      "type": "Feature",
      "geometry": {
        "type": "Point",
        "coordinates": [
          -118.433093,
          33.995638
        ]
      },
      "properties": {
        "tract_id": "06037702803",
        "population": 2986,
        "density_per_sqkm": 3525
      }
    },
    {
      "type": "Feature",
      "geometry": {
        "type": "Point",
        "coordinates": [
          -117.786777,
          34.017085
        ]
      },
      "properties": {
        "tract_id": "06037403321",
        "population": 5275,
        "density_per_sqkm": 829
      }
    },
    {
      "type": "Feature",
      "geometry": {
        "type": "Point",
        "coordinates": [
          -117.915601,
          34.079624
        ]
      },
      "properties": {
        "tract_id": "06037405600",
        "population": 5645,
        "density_per_sqkm": 2687
      }
    },
    {
      "type": "Feature",
      "geometry": {
        "type": "Point",
        "coordinates": [
          -118.479627,
          34.039257
        ]
      },
      "properties": {
        "tract_id": "06037701601",
        "population": 4175,
        "density_per_sqkm": 3430
      }
    },
    {
      "type": "Feature",
      "geometry": {
        "type": "Point",
        "coordinates": [
          -118.475427,
          34.035009
        ]
      },
      "properties": {
        "tract_id": "06037701602",
        "population": 4356,
        "density_per_sqkm": 6595
      }
    },
    {
      "type": "Feature",
      "geometry": {
        "type": "Point",
        "coordinates": [
          -118.472253,
          34.032337
        ]
      },
      "properties": {
        "tract_id": "06037701701",
        "population": 3543,
        "density_per_sqkm": 5396
      }
    },
    {
      "type": "Feature",
      "geometry": {
        "type": "Point",
        "coordinates": [
          -118.139205,
          33.950804
        ]
      },
      "properties": {
        "tract_id": "06037550801",
        "population": 4684,
        "density_per_sqkm": 2951
      }
    },
    {
      "type": "Feature",
      "geometry": {
        "type": "Point",
        "coordinates": [
          -118.094635,
          33.956246
        ]
      },
      "properties": {
        "tract_id": "06037502604",
        "population": 3662,
        "density_per_sqkm": 4300
      }
    },
    {
      "type": "Feature",
      "geometry": {
        "type": "Point",
        "coordinates": [
          -118.136996,
          34.163401
        ]
      },
      "properties": {
        "tract_id": "06037462100",
        "population": 4877,
        "density_per_sqkm": 4672
      }
    },
    {
      "type": "Feature",
      "geometry": {
        "type": "Point",
        "coordinates": [
          -118.126694,
          34.163519
        ]
      },
      "properties": {
        "tract_id": "06037462400",
        "population": 4040,
        "density_per_sqkm": 3095
      }
    },
    {
      "type": "Feature",
      "geometry": {
        "type": "Point",
        "coordinates": [
          -117.961691,
          34.095831
        ]
      },
      "properties": {
        "tract_id": "06037405101",
        "population": 5057,
        "density_per_sqkm": 4510
      }
    },
    {
      "type": "Feature",
      "geometry": {
        "type": "Point",
        "coordinates": [
          -118.322673,
          34.022208
        ]
      },
      "properties": {
        "tract_id": "06037219020",
        "population": 4590,
        "density_per_sqkm": 6318
      }
    },
    {
      "type": "Feature",
      "geometry": {
        "type": "Point",
        "coordinates": [
          -118.426045,
          34.025606
        ]
      },
      "properties": {
        "tract_id": "06037271702",
        "population": 4527,
        "density_per_sqkm": 6488
      }
    },
    {
      "type": "Feature",
      "geometry": {
        "type": "Point",
        "coordinates": [
          -118.036995,
          33.979251
        ]
      },
      "properties": {
        "tract_id": "06037501504",
        "population": 3580,
        "density_per_sqkm": 4802
      }
    },
    {
      "type": "Feature",
      "geometry": {
        "type": "Point",
        "coordinates": [
          -118.029252,
          33.967912
        ]
      },
      "properties": {
        "tract_id": "06037501802",
        "population": 3438,
        "density_per_sqkm": 4434
      }
    },
    {
      "type": "Feature",
      "geometry": {
        "type": "Point",
        "coordinates": [
          -118.297873,
          34.001724
        ]
      },
      "properties": {
        "tract_id": "06037232200",
        "population": 3204,
        "density_per_sqkm": 6127
      }
    },
    {
      "type": "Feature",
      "geometry": {
        "type": "Point",
        "coordinates": [
          -118.013387,
          33.933028
        ]
      },
      "properties": {
        "tract_id": "06037503501",
        "population": 6485,
        "density_per_sqkm": 4208
      }
    },
    {
      "type": "Feature",
      "geometry": {
        "type": "Point",
        "coordinates": [
          -117.995413,
          34.123444
        ]
      },
      "properties": {
        "tract_id": "06037431200",
        "population": 6202,
        "density_per_sqkm": 4168
      }
    },
    {
      "type": "Feature",
      "geometry": {
        "type": "Point",
        "coordinates": [
          -118.317788,
          33.912825
        ]
      },
      "properties": {
        "tract_id": "06037602601",
        "population": 4784,
        "density_per_sqkm": 3775
      }
    },
    {
      "type": "Feature",
      "geometry": {
        "type": "Point",
        "coordinates": [
          -118.495741,
          34.261173
        ]
      },
      "properties": {
        "tract_id": "06037111402",
        "population": 5333,
        "density_per_sqkm": 5491
      }
    },
    {
      "type": "Feature",
      "geometry": {
        "type": "Point",
        "coordinates": [
          -118.576265,
          34.446412
        ]
      },
      "properties": {
        "tract_id": "06037920121",
        "population": 10332,
        "density_per_sqkm": 847
      }
    },
    {
      "type": "Feature",
      "geometry": {
        "type": "Point",
        "coordinates": [
          -118.276138,
          33.998303
        ]
      },
      "properties": {
        "tract_id": "06037231901",
        "population": 2741,
        "density_per_sqkm": 11199
      }
    },
    {
      "type": "Feature",
      "geometry": {
        "type": "Point",
        "coordinates": [
          -118.288117,
          34.088762
        ]
      },
      "properties": {
        "tract_id": "06037191410",
        "population": 3924,
        "density_per_sqkm": 12602
      }
    },
    {
      "type": "Feature",
      "geometry": {
        "type": "Point",
        "coordinates": [
          -118.388662,
          33.985818
        ]
      },
      "properties": {
        "tract_id": "06037703003",
        "population": 6037,
        "density_per_sqkm": 2996
      }
    },
    {
      "type": "Feature",
      "geometry": {
        "type": "Point",
        "coordinates": [
          -118.709874,
          34.134549
        ]
      },
      "properties": {
        "tract_id": "06037800337",
        "population": 3373,
        "density_per_sqkm": 1211
      }
    },
    {
      "type": "Feature",
      "geometry": {
        "type": "Point",
        "coordinates": [
          -118.040941,
          33.945977
        ]
      },
      "properties": {
        "tract_id": "06037502901",
        "population": 5449,
        "density_per_sqkm": 4369
      }
    },
    {
      "type": "Feature",
      "geometry": {
        "type": "Point",
        "coordinates": [
          -118.036862,
          34.067817
        ]
      },
      "properties": {
        "tract_id": "06037433200",
        "population": 6088,
        "density_per_sqkm": 3406
      }
    },
    {
      "type": "Feature",
      "geometry": {
        "type": "Point",
        "coordinates": [
          -118.014388,
          34.063003
        ]
      },
      "properties": {
        "tract_id": "06037433302",
        "population": 1701,
        "density_per_sqkm": 1991
      }
    },
    {
      "type": "Feature",
      "geometry": {
        "type": "Point",
        "coordinates": [
          -118.027038,
          34.062756
        ]
      },
      "properties": {
        "tract_id": "06037433403",
        "population": 4783,
        "density_per_sqkm": 6767
      }
    },
    {
      "type": "Feature",
      "geometry": {
        "type": "Point",
        "coordinates": [
          -118.161378,
          34.109437
        ]
      },
      "properties": {
        "tract_id": "06037480703",
        "population": 3410,
        "density_per_sqkm": 3007
      }
    },
    {
      "type": "Feature",
      "geometry": {
        "type": "Point",
        "coordinates": [
          -118.479077,
          34.228479
        ]
      },
      "properties": {
        "tract_id": "06037117404",
        "population": 4548,
        "density_per_sqkm": 2576
      }
    },
    {
      "type": "Feature",
      "geometry": {
        "type": "Point",
        "coordinates": [
          -118.39113,
          34.196242
        ]
      },
      "properties": {
        "tract_id": "06037123203",
        "population": 3508,
        "density_per_sqkm": 6010
      }
    },
    {
      "type": "Feature",
      "geometry": {
        "type": "Point",
        "coordinates": [
          -118.555066,
          34.280458
        ]
      },
      "properties": {
        "tract_id": "06037108102",
        "population": 3795,
        "density_per_sqkm": 1738
      }
    },
    {
      "type": "Feature",
      "geometry": {
        "type": "Point",
        "coordinates": [
          -117.720513,
          34.071631
        ]
      },
      "properties": {
        "tract_id": "06037402706",
        "population": 3962,
        "density_per_sqkm": 3731
      }
    },
    {
      "type": "Feature",
      "geometry": {
        "type": "Point",
        "coordinates": [
          -117.745305,
          34.047849
        ]
      },
      "properties": {
        "tract_id": "06037402803",
        "population": 3273,
        "density_per_sqkm": 5193
      }
    },
    {
      "type": "Feature",
      "geometry": {
        "type": "Point",
        "coordinates": [
          -117.732189,
          34.048375
        ]
      },
      "properties": {
        "tract_id": "06037402804",
        "population": 4027,
        "density_per_sqkm": 3055
      }
    },
    {
      "type": "Feature",
      "geometry": {
        "type": "Point",
        "coordinates": [
          -117.73359,
          34.039388
        ]
      },
      "properties": {
        "tract_id": "06037402903",
        "population": 4324,
        "density_per_sqkm": 2729
      }
    },
    {
      "type": "Feature",
      "geometry": {
        "type": "Point",
        "coordinates": [
          -118.39857,
          34.27315
        ]
      },
      "properties": {
        "tract_id": "06037104108",
        "population": 5829,
        "density_per_sqkm": 5315
      }
    },
    {
      "type": "Feature",
      "geometry": {
        "type": "Point",
        "coordinates": [
          -118.35476,
          34.029939
        ]
      },
      "properties": {
        "tract_id": "06037219800",
        "population": 2931,
        "density_per_sqkm": 6570
      }
    },
    {
      "type": "Feature",
      "geometry": {
        "type": "Point",
        "coordinates": [
          -118.340565,
          34.020919
        ]
      },
      "properties": {
        "tract_id": "06037219500",
        "population": 1783,
        "density_per_sqkm": 3198
      }
    },
    {
      "type": "Feature",
      "geometry": {
        "type": "Point",
        "coordinates": [
          -118.283931,
          33.999675
        ]
      },
      "properties": {
        "tract_id": "06037232120",
        "population": 5019,
        "density_per_sqkm": 9617
      }
    },
    {
      "type": "Feature",
      "geometry": {
        "type": "Point",
        "coordinates": [
          -118.154754,
          34.038869
        ]
      },
      "properties": {
        "tract_id": "06037530400",
        "population": 4066,
        "density_per_sqkm": 2655
      }
    },
    {
      "type": "Feature",
      "geometry": {
        "type": "Point",
        "coordinates": [
          -117.915673,
          34.037975
        ]
      },
      "properties": {
        "tract_id": "06037408004",
        "population": 2544,
        "density_per_sqkm": 4093
      }
    },
    {
      "type": "Feature",
      "geometry": {
        "type": "Point",
        "coordinates": [
          -118.356853,
          33.909162
        ]
      },
      "properties": {
        "tract_id": "06037602402",
        "population": 6812,
        "density_per_sqkm": 5157
      }
    },
    {
      "type": "Feature",
      "geometry": {
        "type": "Point",
        "coordinates": [
          -118.348118,
          33.913074
        ]
      },
      "properties": {
        "tract_id": "06037602403",
        "population": 5172,
        "density_per_sqkm": 8830
      }
    },
    {
      "type": "Feature",
      "geometry": {
        "type": "Point",
        "coordinates": [
          -118.348153,
          33.906025
        ]
      },
      "properties": {
        "tract_id": "06037602404",
        "population": 5848,
        "density_per_sqkm": 9056
      }
    },
    {
      "type": "Feature",
      "geometry": {
        "type": "Point",
        "coordinates": [
          -118.03219,
          34.04022
        ]
      },
      "properties": {
        "tract_id": "06037434004",
        "population": 2746,
        "density_per_sqkm": 4012
      }
    },
    {
      "type": "Feature",
      "geometry": {
        "type": "Point",
        "coordinates": [
          -117.923374,
          34.039096
        ]
      },
      "properties": {
        "tract_id": "06037407902",
        "population": 1922,
        "density_per_sqkm": 4085
      }
    },
    {
      "type": "Feature",
      "geometry": {
        "type": "Point",
        "coordinates": [
          -118.186764,
          33.772384
        ]
      },
      "properties": {
        "tract_id": "06037576200",
        "population": 7148,
        "density_per_sqkm": 10260
      }
    },
    {
      "type": "Feature",
      "geometry": {
        "type": "Point",
        "coordinates": [
          -118.295455,
          33.886783
        ]
      },
      "properties": {
        "tract_id": "06037603101",
        "population": 4448,
        "density_per_sqkm": 5046
      }
    },
    {
      "type": "Feature",
      "geometry": {
        "type": "Point",
        "coordinates": [
          -118.300491,
          33.869363
        ]
      },
      "properties": {
        "tract_id": "06037603200",
        "population": 3199,
        "density_per_sqkm": 2893
      }
    },
    {
      "type": "Feature",
      "geometry": {
        "type": "Point",
        "coordinates": [
          -118.306213,
          33.884099
        ]
      },
      "properties": {
        "tract_id": "06037603301",
        "population": 3914,
        "density_per_sqkm": 4015
      }
    },
    {
      "type": "Feature",
      "geometry": {
        "type": "Point",
        "coordinates": [
          -118.306734,
          33.876774
        ]
      },
      "properties": {
        "tract_id": "06037603302",
        "population": 4454,
        "density_per_sqkm": 3961
      }
    },
    {
      "type": "Feature",
      "geometry": {
        "type": "Point",
        "coordinates": [
          -118.313434,
          33.893472
        ]
      },
      "properties": {
        "tract_id": "06037603400",
        "population": 4504,
        "density_per_sqkm": 3971
      }
    },
    {
      "type": "Feature",
      "geometry": {
        "type": "Point",
        "coordinates": [
          -118.320956,
          33.898669
        ]
      },
      "properties": {
        "tract_id": "06037603500",
        "population": 3083,
        "density_per_sqkm": 3880
      }
    },
    {
      "type": "Feature",
      "geometry": {
        "type": "Point",
        "coordinates": [
          -118.322347,
          33.889392
        ]
      },
      "properties": {
        "tract_id": "06037603600",
        "population": 3963,
        "density_per_sqkm": 4227
      }
    },
    {
      "type": "Feature",
      "geometry": {
        "type": "Point",
        "coordinates": [
          -118.591049,
          34.148801
        ]
      },
      "properties": {
        "tract_id": "06037138000",
        "population": 4575,
        "density_per_sqkm": 1023
      }
    },
    {
      "type": "Feature",
      "geometry": {
        "type": "Point",
        "coordinates": [
          -118.524645,
          34.175696
        ]
      },
      "properties": {
        "tract_id": "06037139200",
        "population": 5519,
        "density_per_sqkm": 4791
      }
    },
    {
      "type": "Feature",
      "geometry": {
        "type": "Point",
        "coordinates": [
          -118.096712,
          33.994865
        ]
      },
      "properties": {
        "tract_id": "06037500700",
        "population": 6582,
        "density_per_sqkm": 2536
      }
    },
    {
      "type": "Feature",
      "geometry": {
        "type": "Point",
        "coordinates": [
          -118.076382,
          34.003602
        ]
      },
      "properties": {
        "tract_id": "06037500402",
        "population": 4566,
        "density_per_sqkm": 3418
      }
    },
    {
      "type": "Feature",
      "geometry": {
        "type": "Point",
        "coordinates": [
          -118.077411,
          33.85208
        ]
      },
      "properties": {
        "tract_id": "06037554515",
        "population": 3641,
        "density_per_sqkm": 3012
      }
    },
    {
      "type": "Feature",
      "geometry": {
        "type": "Point",
        "coordinates": [
          -118.079235,
          33.861264
        ]
      },
      "properties": {
        "tract_id": "06037554900",
        "population": 7069,
        "density_per_sqkm": 4022
      }
    },
    {
      "type": "Feature",
      "geometry": {
        "type": "Point",
        "coordinates": [
          -118.088814,
          33.843128
        ]
      },
      "properties": {
        "tract_id": "06037555001",
        "population": 5579,
        "density_per_sqkm": 4419
      }
    },
    {
      "type": "Feature",
      "geometry": {
        "type": "Point",
        "coordinates": [
          -118.30453,
          34.052656
        ]
      },
      "properties": {
        "tract_id": "06037213201",
        "population": 4330,
        "density_per_sqkm": 12928
      }
    },
    {
      "type": "Feature",
      "geometry": {
        "type": "Point",
        "coordinates": [
          -118.258263,
          33.890668
        ]
      },
      "properties": {
        "tract_id": "06037543000",
        "population": 4684,
        "density_per_sqkm": 3562
      }
    },
    {
      "type": "Feature",
      "geometry": {
        "type": "Point",
        "coordinates": [
          -118.174162,
          33.778976
        ]
      },
      "properties": {
        "tract_id": "06037576402",
        "population": 4705,
        "density_per_sqkm": 14502
      }
    },
    {
      "type": "Feature",
      "geometry": {
        "type": "Point",
        "coordinates": [
          -118.257189,
          33.828909
        ]
      },
      "properties": {
        "tract_id": "06037543903",
        "population": 4090,
        "density_per_sqkm": 3049
      }
    },
    {
      "type": "Feature",
      "geometry": {
        "type": "Point",
        "coordinates": [
          -118.116338,
          33.835967
        ]
      },
      "properties": {
        "tract_id": "06037571102",
        "population": 4006,
        "density_per_sqkm": 3186
      }
    },
    {
      "type": "Feature",
      "geometry": {
        "type": "Point",
        "coordinates": [
          -118.02398,
          33.909286
        ]
      },
      "properties": {
        "tract_id": "06037504002",
        "population": 5327,
        "density_per_sqkm": 3451
      }
    },
    {
      "type": "Feature",
      "geometry": {
        "type": "Point",
        "coordinates": [
          -118.033332,
          33.909911
        ]
      },
      "properties": {
        "tract_id": "06037504101",
        "population": 5095,
        "density_per_sqkm": 4166
      }
    },
    {
      "type": "Feature",
      "geometry": {
        "type": "Point",
        "coordinates": [
          -118.141262,
          33.749789
        ]
      },
      "properties": {
        "tract_id": "06037577300",
        "population": 5535,
        "density_per_sqkm": 6109
      }
    },
    {
      "type": "Feature",
      "geometry": {
        "type": "Point",
        "coordinates": [
          -118.135114,
          33.762906
        ]
      },
      "properties": {
        "tract_id": "06037577400",
        "population": 3173,
        "density_per_sqkm": 4917
      }
    },
    {
      "type": "Feature",
      "geometry": {
        "type": "Point",
        "coordinates": [
          -118.593905,
          34.190992
        ]
      },
      "properties": {
        "tract_id": "06037134907",
        "population": 2953,
        "density_per_sqkm": 7543
      }
    },
    {
      "type": "Feature",
      "geometry": {
        "type": "Point",
        "coordinates": [
          -118.111429,
          34.028274
        ]
      },
      "properties": {
        "tract_id": "06037530005",
        "population": 4191,
        "density_per_sqkm": 1834
      }
    },
    {
      "type": "Feature",
      "geometry": {
        "type": "Point",
        "coordinates": [
          -118.12646,
          34.026648
        ]
      },
      "properties": {
        "tract_id": "06037530203",
        "population": 3357,
        "density_per_sqkm": 4558
      }
    },
    {
      "type": "Feature",
      "geometry": {
        "type": "Point",
        "coordinates": [
          -118.128327,
          34.019069
        ]
      },
      "properties": {
        "tract_id": "06037530204",
        "population": 3528,
        "density_per_sqkm": 5266
      }
    },
    {
      "type": "Feature",
      "geometry": {
        "type": "Point",
        "coordinates": [
          -118.293514,
          34.059763
        ]
      },
      "properties": {
        "tract_id": "06037212303",
        "population": 3486,
        "density_per_sqkm": 22397
      }
    },
    {
      "type": "Feature",
      "geometry": {
        "type": "Point",
        "coordinates": [
          -118.121802,
          34.101245
        ]
      },
      "properties": {
        "tract_id": "06037480302",
        "population": 4380,
        "density_per_sqkm": 4170
      }
    },
    {
      "type": "Feature",
      "geometry": {
        "type": "Point",
        "coordinates": [
          -118.296054,
          34.077672
        ]
      },
      "properties": {
        "tract_id": "06037192620",
        "population": 3260,
        "density_per_sqkm": 13385
      }
    },
    {
      "type": "Feature",
      "geometry": {
        "type": "Point",
        "coordinates": [
          -118.059783,
          34.102159
        ]
      },
      "properties": {
        "tract_id": "06037432002",
        "population": 5358,
        "density_per_sqkm": 3549
      }
    },
    {
      "type": "Feature",
      "geometry": {
        "type": "Point",
        "coordinates": [
          -118.343824,
          34.18495
        ]
      },
      "properties": {
        "tract_id": "06037311000",
        "population": 3872,
        "density_per_sqkm": 2929
      }
    },
    {
      "type": "Feature",
      "geometry": {
        "type": "Point",
        "coordinates": [
          -118.354627,
          34.18569
        ]
      },
      "properties": {
        "tract_id": "06037311100",
        "population": 4010,
        "density_per_sqkm": 2352
      }
    },
    {
      "type": "Feature",
      "geometry": {
        "type": "Point",
        "coordinates": [
          -118.210904,
          33.892362
        ]
      },
      "properties": {
        "tract_id": "06037542401",
        "population": 5049,
        "density_per_sqkm": 3904
      }
    },
    {
      "type": "Feature",
      "geometry": {
        "type": "Point",
        "coordinates": [
          -118.212173,
          33.881457
        ]
      },
      "properties": {
        "tract_id": "06037542402",
        "population": 3127,
        "density_per_sqkm": 1877
      }
    },
    {
      "type": "Feature",
      "geometry": {
        "type": "Point",
        "coordinates": [
          -118.353119,
          34.172007
        ]
      },
      "properties": {
        "tract_id": "06037311200",
        "population": 3270,
        "density_per_sqkm": 3306
      }
    },
    {
      "type": "Feature",
      "geometry": {
        "type": "Point",
        "coordinates": [
          -118.343101,
          34.174146
        ]
      },
      "properties": {
        "tract_id": "06037311300",
        "population": 3874,
        "density_per_sqkm": 3171
      }
    },
    {
      "type": "Feature",
      "geometry": {
        "type": "Point",
        "coordinates": [
          -118.270093,
          34.059568
        ]
      },
      "properties": {
        "tract_id": "06037208904",
        "population": 3882,
        "density_per_sqkm": 34628
      }
    },
    {
      "type": "Feature",
      "geometry": {
        "type": "Point",
        "coordinates": [
          -118.115476,
          34.015353
        ]
      },
      "properties": {
        "tract_id": "06037530102",
        "population": 4994,
        "density_per_sqkm": 3777
      }
    },
    {
      "type": "Feature",
      "geometry": {
        "type": "Point",
        "coordinates": [
          -118.131271,
          33.964179
        ]
      },
      "properties": {
        "tract_id": "06037550700",
        "population": 7215,
        "density_per_sqkm": 3341
      }
    },
    {
      "type": "Feature",
      "geometry": {
        "type": "Point",
        "coordinates": [
          -118.78019,
          34.150837
        ]
      },
      "properties": {
        "tract_id": "06037800324",
        "population": 6763,
        "density_per_sqkm": 1915
      }
    },
    {
      "type": "Feature",
      "geometry": {
        "type": "Point",
        "coordinates": [
          -118.187768,
          34.068911
        ]
      },
      "properties": {
        "tract_id": "06037201402",
        "population": 4046,
        "density_per_sqkm": 2084
      }
    },
    {
      "type": "Feature",
      "geometry": {
        "type": "Point",
        "coordinates": [
          -118.202318,
          33.779147
        ]
      },
      "properties": {
        "tract_id": "06037575801",
        "population": 1961,
        "density_per_sqkm": 5100
      }
    },
    {
      "type": "Feature",
      "geometry": {
        "type": "Point",
        "coordinates": [
          -118.355007,
          33.821891
        ]
      },
      "properties": {
        "tract_id": "06037651221",
        "population": 3412,
        "density_per_sqkm": 4901
      }
    },
    {
      "type": "Feature",
      "geometry": {
        "type": "Point",
        "coordinates": [
          -118.089279,
          33.883641
        ]
      },
      "properties": {
        "tract_id": "06037554600",
        "population": 4311,
        "density_per_sqkm": 4088
      }
    },
    {
      "type": "Feature",
      "geometry": {
        "type": "Point",
        "coordinates": [
          -118.123057,
          33.814817
        ]
      },
      "properties": {
        "tract_id": "06037574100",
        "population": 5251,
        "density_per_sqkm": 2870
      }
    },
    {
      "type": "Feature",
      "geometry": {
        "type": "Point",
        "coordinates": [
          -118.362249,
          34.054212
        ]
      },
      "properties": {
        "tract_id": "06037216902",
        "population": 2331,
        "density_per_sqkm": 5956
      }
    },
    {
      "type": "Feature",
      "geometry": {
        "type": "Point",
        "coordinates": [
          -118.298281,
          34.093066
        ]
      },
      "properties": {
        "tract_id": "06037191204",
        "population": 1862,
        "density_per_sqkm": 9260
      }
    },
    {
      "type": "Feature",
      "geometry": {
        "type": "Point",
        "coordinates": [
          -118.397391,
          34.132509
        ]
      },
      "properties": {
        "tract_id": "06037143901",
        "population": 4319,
        "density_per_sqkm": 818
      }
    },
    {
      "type": "Feature",
      "geometry": {
        "type": "Point",
        "coordinates": [
          -118.556356,
          34.142865
        ]
      },
      "properties": {
        "tract_id": "06037139802",
        "population": 3858,
        "density_per_sqkm": 635
      }
    },
    {
      "type": "Feature",
      "geometry": {
        "type": "Point",
        "coordinates": [
          -118.208983,
          33.976187
        ]
      },
      "properties": {
        "tract_id": "06037533204",
        "population": 4143,
        "density_per_sqkm": 5821
      }
    },
    {
      "type": "Feature",
      "geometry": {
        "type": "Point",
        "coordinates": [
          -118.197192,
          34.193354
        ]
      },
      "properties": {
        "tract_id": "06037460700",
        "population": 5035,
        "density_per_sqkm": 677
      }
    },
    {
      "type": "Feature",
      "geometry": {
        "type": "Point",
        "coordinates": [
          -118.374572,
          34.202744
        ]
      },
      "properties": {
        "tract_id": "06037123010",
        "population": 4253,
        "density_per_sqkm": 4187
      }
    },
    {
      "type": "Feature",
      "geometry": {
        "type": "Point",
        "coordinates": [
          -118.568812,
          34.204645
        ]
      },
      "properties": {
        "tract_id": "06037134720",
        "population": 5011,
        "density_per_sqkm": 5064
      }
    },
    {
      "type": "Feature",
      "geometry": {
        "type": "Point",
        "coordinates": [
          -118.194772,
          34.617355
        ]
      },
      "properties": {
        "tract_id": "06037910210",
        "population": 7399,
        "density_per_sqkm": 2335
      }
    },
    {
      "type": "Feature",
      "geometry": {
        "type": "Point",
        "coordinates": [
          -118.434834,
          33.956471
        ]
      },
      "properties": {
        "tract_id": "06037276605",
        "population": 2093,
        "density_per_sqkm": 8802
      }
    },
    {
      "type": "Feature",
      "geometry": {
        "type": "Point",
        "coordinates": [
          -118.451182,
          34.438805
        ]
      },
      "properties": {
        "tract_id": "06037920034",
        "population": 4152,
        "density_per_sqkm": 461
      }
    },
    {
      "type": "Feature",
      "geometry": {
        "type": "Point",
        "coordinates": [
          -118.389949,
          34.461899
        ]
      },
      "properties": {
        "tract_id": "06037910808",
        "population": 3494,
        "density_per_sqkm": 323
      }
    },
    {
      "type": "Feature",
      "geometry": {
        "type": "Point",
        "coordinates": [
          -118.282721,
          34.044384
        ]
      },
      "properties": {
        "tract_id": "06037224310",
        "population": 2090,
        "density_per_sqkm": 11560
      }
    },
    {
      "type": "Feature",
      "geometry": {
        "type": "Point",
        "coordinates": [
          -118.650659,
          34.226657
        ]
      },
      "properties": {
        "tract_id": "06037113231",
        "population": 2254,
        "density_per_sqkm": 545
      }
    },
    {
      "type": "Feature",
      "geometry": {
        "type": "Point",
        "coordinates": [
          -118.220287,
          34.184817
        ]
      },
      "properties": {
        "tract_id": "06037300800",
        "population": 7100,
        "density_per_sqkm": 1165
      }
    },
    {
      "type": "Feature",
      "geometry": {
        "type": "Point",
        "coordinates": [
          -118.196493,
          33.901222
        ]
      },
      "properties": {
        "tract_id": "06037542103",
        "population": 4019,
        "density_per_sqkm": 7034
      }
    },
    {
      "type": "Feature",
      "geometry": {
        "type": "Point",
        "coordinates": [
          -118.303552,
          33.787377
        ]
      },
      "properties": {
        "tract_id": "06037293307",
        "population": 2460,
        "density_per_sqkm": 7259
      }
    },
    {
      "type": "Feature",
      "geometry": {
        "type": "Point",
        "coordinates": [
          -118.23866,
          33.810326
        ]
      },
      "properties": {
        "tract_id": "06037980002",
        "population": 9,
        "density_per_sqkm": 1
      }
    },
    {
      "type": "Feature",
      "geometry": {
        "type": "Point",
        "coordinates": [
          -118.090753,
          34.632437
        ]
      },
      "properties": {
        "tract_id": "06037980004",
        "population": 0,
        "density_per_sqkm": 0
      }
    },
    {
      "type": "Feature",
      "geometry": {
        "type": "Point",
        "coordinates": [
          -118.584948,
          34.173764
        ]
      },
      "properties": {
        "tract_id": "06037137104",
        "population": 2725,
        "density_per_sqkm": 1062
      }
    },
    {
      "type": "Feature",
      "geometry": {
        "type": "Point",
        "coordinates": [
          -118.511718,
          34.175411
        ]
      },
      "properties": {
        "tract_id": "06037139001",
        "population": 5125,
        "density_per_sqkm": 4134
      }
    },
    {
      "type": "Feature",
      "geometry": {
        "type": "Point",
        "coordinates": [
          -118.551778,
          34.167765
        ]
      },
      "properties": {
        "tract_id": "06037139402",
        "population": 2782,
        "density_per_sqkm": 1138
      }
    },
    {
      "type": "Feature",
      "geometry": {
        "type": "Point",
        "coordinates": [
          -118.137718,
          34.095142
        ]
      },
      "properties": {
        "tract_id": "06037480303",
        "population": 3806,
        "density_per_sqkm": 8427
      }
    },
    {
      "type": "Feature",
      "geometry": {
        "type": "Point",
        "coordinates": [
          -118.051909,
          34.550406
        ]
      },
      "properties": {
        "tract_id": "06037910712",
        "population": 3155,
        "density_per_sqkm": 1530
      }
    },
    {
      "type": "Feature",
      "geometry": {
        "type": "Point",
        "coordinates": [
          -118.038388,
          34.572635
        ]
      },
      "properties": {
        "tract_id": "06037910713",
        "population": 6055,
        "density_per_sqkm": 3064
      }
    },
    {
      "type": "Feature",
      "geometry": {
        "type": "Point",
        "coordinates": [
          -118.469751,
          34.218416
        ]
      },
      "properties": {
        "tract_id": "06037127520",
        "population": 4226,
        "density_per_sqkm": 11619
      }
    },
    {
      "type": "Feature",
      "geometry": {
        "type": "Point",
        "coordinates": [
          -118.516899,
          34.453393
        ]
      },
      "properties": {
        "tract_id": "06037920045",
        "population": 4438,
        "density_per_sqkm": 2373
      }
    },
    {
      "type": "Feature",
      "geometry": {
        "type": "Point",
        "coordinates": [
          -118.357537,
          34.199715
        ]
      },
      "properties": {
        "tract_id": "06037980001",
        "population": 28,
        "density_per_sqkm": 12
      }
    },
    {
      "type": "Feature",
      "geometry": {
        "type": "Point",
        "coordinates": [
          -118.203,
          34.028556
        ]
      },
      "properties": {
        "tract_id": "06037204810",
        "population": 5166,
        "density_per_sqkm": 6708
      }
    },
    {
      "type": "Feature",
      "geometry": {
        "type": "Point",
        "coordinates": [
          -118.205841,
          34.023815
        ]
      },
      "properties": {
        "tract_id": "06037204820",
        "population": 2055,
        "density_per_sqkm": 6419
      }
    },
    {
      "type": "Feature",
      "geometry": {
        "type": "Point",
        "coordinates": [
          -118.19557,
          34.024883
        ]
      },
      "properties": {
        "tract_id": "06037204910",
        "population": 3184,
        "density_per_sqkm": 6143
      }
    },
    {
      "type": "Feature",
      "geometry": {
        "type": "Point",
        "coordinates": [
          -118.426932,
          34.162069
        ]
      },
      "properties": {
        "tract_id": "06037124600",
        "population": 3223,
        "density_per_sqkm": 2878
      }
    },
    {
      "type": "Feature",
      "geometry": {
        "type": "Point",
        "coordinates": [
          -118.111795,
          33.997467
        ]
      },
      "properties": {
        "tract_id": "06037532102",
        "population": 3835,
        "density_per_sqkm": 3819
      }
    },
    {
      "type": "Feature",
      "geometry": {
        "type": "Point",
        "coordinates": [
          -118.418424,
          34.214788
        ]
      },
      "properties": {
        "tract_id": "06037122000",
        "population": 5289,
        "density_per_sqkm": 1644
      }
    },
    {
      "type": "Feature",
      "geometry": {
        "type": "Point",
        "coordinates": [
          -118.339274,
          34.074664
        ]
      },
      "properties": {
        "tract_id": "06037214100",
        "population": 4111,
        "density_per_sqkm": 3709
      }
    },
    {
      "type": "Feature",
      "geometry": {
        "type": "Point",
        "coordinates": [
          -118.296037,
          34.087261
        ]
      },
      "properties": {
        "tract_id": "06037191500",
        "population": 4980,
        "density_per_sqkm": 7764
      }
    },
    {
      "type": "Feature",
      "geometry": {
        "type": "Point",
        "coordinates": [
          -118.305957,
          34.086385
        ]
      },
      "properties": {
        "tract_id": "06037191610",
        "population": 4271,
        "density_per_sqkm": 10220
      }
    },
    {
      "type": "Feature",
      "geometry": {
        "type": "Point",
        "coordinates": [
          -118.302721,
          34.088585
        ]
      },
      "properties": {
        "tract_id": "06037191620",
        "population": 2628,
        "density_per_sqkm": 11484
      }
    },
    {
      "type": "Feature",
      "geometry": {
        "type": "Point",
        "coordinates": [
          -118.316957,
          34.086513
        ]
      },
      "properties": {
        "tract_id": "06037191710",
        "population": 2576,
        "density_per_sqkm": 3652
      }
    },
    {
      "type": "Feature",
      "geometry": {
        "type": "Point",
        "coordinates": [
          -118.327705,
          34.085296
        ]
      },
      "properties": {
        "tract_id": "06037191820",
        "population": 3279,
        "density_per_sqkm": 8102
      }
    },
    {
      "type": "Feature",
      "geometry": {
        "type": "Point",
        "coordinates": [
          -117.944702,
          34.030988
        ]
      },
      "properties": {
        "tract_id": "06037407602",
        "population": 3732,
        "density_per_sqkm": 3997
      }
    },
    {
      "type": "Feature",
      "geometry": {
        "type": "Point",
        "coordinates": [
          -118.548732,
          34.204698
        ]
      },
      "properties": {
        "tract_id": "06037131702",
        "population": 3602,
        "density_per_sqkm": 5028
      }
    },
    {
      "type": "Feature",
      "geometry": {
        "type": "Point",
        "coordinates": [
          -118.507196,
          34.194895
        ]
      },
      "properties": {
        "tract_id": "06037132002",
        "population": 3193,
        "density_per_sqkm": 1995
      }
    },
    {
      "type": "Feature",
      "geometry": {
        "type": "Point",
        "coordinates": [
          -118.495655,
          34.190263
        ]
      },
      "properties": {
        "tract_id": "06037132101",
        "population": 4330,
        "density_per_sqkm": 5342
      }
    },
    {
      "type": "Feature",
      "geometry": {
        "type": "Point",
        "coordinates": [
          -118.471906,
          33.987074
        ]
      },
      "properties": {
        "tract_id": "06037273502",
        "population": 2680,
        "density_per_sqkm": 4519
      }
    },
    {
      "type": "Feature",
      "geometry": {
        "type": "Point",
        "coordinates": [
          -118.223259,
          34.102905
        ]
      },
      "properties": {
        "tract_id": "06037185204",
        "population": 1977,
        "density_per_sqkm": 2052
      }
    },
    {
      "type": "Feature",
      "geometry": {
        "type": "Point",
        "coordinates": [
          -118.285411,
          34.07301
        ]
      },
      "properties": {
        "tract_id": "06037211121",
        "population": 2431,
        "density_per_sqkm": 11364
      }
    },
    {
      "type": "Feature",
      "geometry": {
        "type": "Point",
        "coordinates": [
          -118.294113,
          34.074521
        ]
      },
      "properties": {
        "tract_id": "06037211202",
        "population": 2693,
        "density_per_sqkm": 15031
      }
    },
    {
      "type": "Feature",
      "geometry": {
        "type": "Point",
        "coordinates": [
          -118.101739,
          33.814474
        ]
      },
      "properties": {
        "tract_id": "06037574000",
        "population": 5322,
        "density_per_sqkm": 2924
      }
    },
    {
      "type": "Feature",
      "geometry": {
        "type": "Point",
        "coordinates": [
          -118.370604,
          34.055784
        ]
      },
      "properties": {
        "tract_id": "06037216800",
        "population": 3566,
        "density_per_sqkm": 4820
      }
    },
    {
      "type": "Feature",
      "geometry": {
        "type": "Point",
        "coordinates": [
          -118.232469,
          34.027485
        ]
      },
      "properties": {
        "tract_id": "06037206051",
        "population": 2591,
        "density_per_sqkm": 704
      }
    },
    {
      "type": "Feature",
      "geometry": {
        "type": "Point",
        "coordinates": [
          -118.352226,
          34.015427
        ]
      },
      "properties": {
        "tract_id": "06037236205",
        "population": 3403,
        "density_per_sqkm": 20378
      }
    },
    {
      "type": "Feature",
      "geometry": {
        "type": "Point",
        "coordinates": [
          -118.374712,
          34.003831
        ]
      },
      "properties": {
        "tract_id": "06037980038",
        "population": 4,
        "density_per_sqkm": 1
      }
    },
    {
      "type": "Feature",
      "geometry": {
        "type": "Point",
        "coordinates": [
          -118.174262,
          34.595304
        ]
      },
      "properties": {
        "tract_id": "06037910214",
        "population": 6336,
        "density_per_sqkm": 1444
      }
    },
    {
      "type": "Feature",
      "geometry": {
        "type": "Point",
        "coordinates": [
          -118.126802,
          34.149051
        ]
      },
      "properties": {
        "tract_id": "06037462302",
        "population": 3314,
        "density_per_sqkm": 4728
      }
    },
    {
      "type": "Feature",
      "geometry": {
        "type": "Point",
        "coordinates": [
          -118.145893,
          34.140805
        ]
      },
      "properties": {
        "tract_id": "06037463602",
        "population": 5728,
        "density_per_sqkm": 6175
      }
    },
    {
      "type": "Feature",
      "geometry": {
        "type": "Point",
        "coordinates": [
          -118.466045,
          34.051449
        ]
      },
      "properties": {
        "tract_id": "06037264303",
        "population": 2733,
        "density_per_sqkm": 12626
      }
    },
    {
      "type": "Feature",
      "geometry": {
        "type": "Point",
        "coordinates": [
          -118.317855,
          34.199148
        ]
      },
      "properties": {
        "tract_id": "06037310300",
        "population": 3132,
        "density_per_sqkm": 2951
      }
    },
    {
      "type": "Feature",
      "geometry": {
        "type": "Point",
        "coordinates": [
          -118.441488,
          34.056369
        ]
      },
      "properties": {
        "tract_id": "06037265522",
        "population": 2090,
        "density_per_sqkm": 8278
      }
    },
    {
      "type": "Feature",
      "geometry": {
        "type": "Point",
        "coordinates": [
          -118.26775,
          34.057648
        ]
      },
      "properties": {
        "tract_id": "06037209105",
        "population": 2665,
        "density_per_sqkm": 32021
      }
    },
    {
      "type": "Feature",
      "geometry": {
        "type": "Point",
        "coordinates": [
          -118.347703,
          34.059399
        ]
      },
      "properties": {
        "tract_id": "06037216201",
        "population": 2701,
        "density_per_sqkm": 5848
      }
    },
    {
      "type": "Feature",
      "geometry": {
        "type": "Point",
        "coordinates": [
          -118.350189,
          34.067121
        ]
      },
      "properties": {
        "tract_id": "06037214504",
        "population": 3871,
        "density_per_sqkm": 28929
      }
    },
    {
      "type": "Feature",
      "geometry": {
        "type": "Point",
        "coordinates": [
          -118.209645,
          34.072167
        ]
      },
      "properties": {
        "tract_id": "06037199802",
        "population": 2144,
        "density_per_sqkm": 7001
      }
    },
    {
      "type": "Feature",
      "geometry": {
        "type": "Point",
        "coordinates": [
          -118.389191,
          34.074247
        ]
      },
      "properties": {
        "tract_id": "06037214903",
        "population": 1542,
        "density_per_sqkm": 11299
      }
    },
    {
      "type": "Feature",
      "geometry": {
        "type": "Point",
        "coordinates": [
          -117.860999,
          34.07588
        ]
      },
      "properties": {
        "tract_id": "06037403601",
        "population": 7102,
        "density_per_sqkm": 1451
      }
    },
    {
      "type": "Feature",
      "geometry": {
        "type": "Point",
        "coordinates": [
          -118.637711,
          34.092358
        ]
      },
      "properties": {
        "tract_id": "06037800104",
        "population": 3795,
        "density_per_sqkm": 111
      }
    },
    {
      "type": "Feature",
      "geometry": {
        "type": "Point",
        "coordinates": [
          -118.251497,
          34.046301
        ]
      },
      "properties": {
        "tract_id": "06037207304",
        "population": 2124,
        "density_per_sqkm": 42212
      }
    },
    {
      "type": "Feature",
      "geometry": {
        "type": "Point",
        "coordinates": [
          -118.153705,
          34.10578
        ]
      },
      "properties": {
        "tract_id": "06037480704",
        "population": 4843,
        "density_per_sqkm": 4529
      }
    },
    {
      "type": "Feature",
      "geometry": {
        "type": "Point",
        "coordinates": [
          -118.152618,
          34.082055
        ]
      },
      "properties": {
        "tract_id": "06037480802",
        "population": 3079,
        "density_per_sqkm": 1789
      }
    },
    {
      "type": "Feature",
      "geometry": {
        "type": "Point",
        "coordinates": [
          -117.922031,
          34.110925
        ]
      },
      "properties": {
        "tract_id": "06037404501",
        "population": 2720,
        "density_per_sqkm": 3378
      }
    },
    {
      "type": "Feature",
      "geometry": {
        "type": "Point",
        "coordinates": [
          -118.074058,
          34.118032
        ]
      },
      "properties": {
        "tract_id": "06037480012",
        "population": 4917,
        "density_per_sqkm": 3833
      }
    },
    {
      "type": "Feature",
      "geometry": {
        "type": "Point",
        "coordinates": [
          -118.006675,
          34.125127
        ]
      },
      "properties": {
        "tract_id": "06037431300",
        "population": 2611,
        "density_per_sqkm": 3197
      }
    },
    {
      "type": "Feature",
      "geometry": {
        "type": "Point",
        "coordinates": [
          -118.183977,
          34.059213
        ]
      },
      "properties": {
        "tract_id": "06037530700",
        "population": 2175,
        "density_per_sqkm": 2057
      }
    },
    {
      "type": "Feature",
      "geometry": {
        "type": "Point",
        "coordinates": [
          -118.2466,
          34.162315
        ]
      },
      "properties": {
        "tract_id": "06037301100",
        "population": 6571,
        "density_per_sqkm": 4940
      }
    },
    {
      "type": "Feature",
      "geometry": {
        "type": "Point",
        "coordinates": [
          -118.259744,
          34.161482
        ]
      },
      "properties": {
        "tract_id": "06037301204",
        "population": 4934,
        "density_per_sqkm": 12066
      }
    },
    {
      "type": "Feature",
      "geometry": {
        "type": "Point",
        "coordinates": [
          -118.075304,
          33.967393
        ]
      },
      "properties": {
        "tract_id": "06037502303",
        "population": 8396,
        "density_per_sqkm": 3601
      }
    },
    {
      "type": "Feature",
      "geometry": {
        "type": "Point",
        "coordinates": [
          -118.140161,
          34.086981
        ]
      },
      "properties": {
        "tract_id": "06037480901",
        "population": 4611,
        "density_per_sqkm": 4847
      }
    },
    {
      "type": "Feature",
      "geometry": {
        "type": "Point",
        "coordinates": [
          -118.424844,
          34.113201
        ]
      },
      "properties": {
        "tract_id": "06037261102",
        "population": 4072,
        "density_per_sqkm": 512
      }
    },
    {
      "type": "Feature",
      "geometry": {
        "type": "Point",
        "coordinates": [
          -118.229981,
          34.128463
        ]
      },
      "properties": {
        "tract_id": "06037186100",
        "population": 4678,
        "density_per_sqkm": 3473
      }
    },
    {
      "type": "Feature",
      "geometry": {
        "type": "Point",
        "coordinates": [
          -118.272401,
          34.163161
        ]
      },
      "properties": {
        "tract_id": "06037301206",
        "population": 5275,
        "density_per_sqkm": 6368
      }
    },
    {
      "type": "Feature",
      "geometry": {
        "type": "Point",
        "coordinates": [
          -118.252047,
          34.081137
        ]
      },
      "properties": {
        "tract_id": "06037197300",
        "population": 3650,
        "density_per_sqkm": 5579
      }
    },
    {
      "type": "Feature",
      "geometry": {
        "type": "Point",
        "coordinates": [
          -118.21054,
          34.001933
        ]
      },
      "properties": {
        "tract_id": "06037980016",
        "population": 222,
        "density_per_sqkm": 17
      }
    },
    {
      "type": "Feature",
      "geometry": {
        "type": "Point",
        "coordinates": [
          -118.600495,
          34.23199
        ]
      },
      "properties": {
        "tract_id": "06037113239",
        "population": 2259,
        "density_per_sqkm": 5202
      }
    },
    {
      "type": "Feature",
      "geometry": {
        "type": "Point",
        "coordinates": [
          -118.551123,
          34.371578
        ]
      },
      "properties": {
        "tract_id": "06037920313",
        "population": 5304,
        "density_per_sqkm": 1854
      }
    },
    {
      "type": "Feature",
      "geometry": {
        "type": "Point",
        "coordinates": [
          -118.549097,
          34.382643
        ]
      },
      "properties": {
        "tract_id": "06037920322",
        "population": 2998,
        "density_per_sqkm": 2869
      }
    },
    {
      "type": "Feature",
      "geometry": {
        "type": "Point",
        "coordinates": [
          -118.022658,
          34.046546
        ]
      },
      "properties": {
        "tract_id": "06037434003",
        "population": 4093,
        "density_per_sqkm": 4248
      }
    },
    {
      "type": "Feature",
      "geometry": {
        "type": "Point",
        "coordinates": [
          -118.531696,
          34.214592
        ]
      },
      "properties": {
        "tract_id": "06037131400",
        "population": 6149,
        "density_per_sqkm": 5554
      }
    },
    {
      "type": "Feature",
      "geometry": {
        "type": "Point",
        "coordinates": [
          -118.55337,
          34.214265
        ]
      },
      "properties": {
        "tract_id": "06037131600",
        "population": 5366,
        "density_per_sqkm": 2456
      }
    },
    {
      "type": "Feature",
      "geometry": {
        "type": "Point",
        "coordinates": [
          -118.509859,
          34.204719
        ]
      },
      "properties": {
        "tract_id": "06037131900",
        "population": 4382,
        "density_per_sqkm": 3324
      }
    },
    {
      "type": "Feature",
      "geometry": {
        "type": "Point",
        "coordinates": [
          -118.267435,
          34.054262
        ]
      },
      "properties": {
        "tract_id": "06037209106",
        "population": 2632,
        "density_per_sqkm": 11876
      }
    },
    {
      "type": "Feature",
      "geometry": {
        "type": "Point",
        "coordinates": [
          -118.044358,
          34.102629
        ]
      },
      "properties": {
        "tract_id": "06037432001",
        "population": 2627,
        "density_per_sqkm": 3597
      }
    },
    {
      "type": "Feature",
      "geometry": {
        "type": "Point",
        "coordinates": [
          -118.33592,
          34.096182
        ]
      },
      "properties": {
        "tract_id": "06037190702",
        "population": 1420,
        "density_per_sqkm": 7100
      }
    },
    {
      "type": "Feature",
      "geometry": {
        "type": "Point",
        "coordinates": [
          -118.098412,
          33.824212
        ]
      },
      "properties": {
        "tract_id": "06037573800",
        "population": 4371,
        "density_per_sqkm": 2849
      }
    },
    {
      "type": "Feature",
      "geometry": {
        "type": "Point",
        "coordinates": [
          -118.077399,
          33.813925
        ]
      },
      "properties": {
        "tract_id": "06037573902",
        "population": 2263,
        "density_per_sqkm": 3232
      }
    },
    {
      "type": "Feature",
      "geometry": {
        "type": "Point",
        "coordinates": [
          -118.271946,
          34.069532
        ]
      },
      "properties": {
        "tract_id": "06037208501",
        "population": 2283,
        "density_per_sqkm": 9387
      }
    },
    {
      "type": "Feature",
      "geometry": {
        "type": "Point",
        "coordinates": [
          -118.231688,
          34.100127
        ]
      },
      "properties": {
        "tract_id": "06037185203",
        "population": 2651,
        "density_per_sqkm": 4837
      }
    },
    {
      "type": "Feature",
      "geometry": {
        "type": "Point",
        "coordinates": [
          -118.061621,
          34.119802
        ]
      },
      "properties": {
        "tract_id": "06037431800",
        "population": 5246,
        "density_per_sqkm": 3852
      }
    },
    {
      "type": "Feature",
      "geometry": {
        "type": "Point",
        "coordinates": [
          -117.752269,
          34.102137
        ]
      },
      "properties": {
        "tract_id": "06037401706",
        "population": 4522,
        "density_per_sqkm": 3648
      }
    },
    {
      "type": "Feature",
      "geometry": {
        "type": "Point",
        "coordinates": [
          -118.444825,
          34.056703
        ]
      },
      "properties": {
        "tract_id": "06037265521",
        "population": 1948,
        "density_per_sqkm": 14871
      }
    },
    {
      "type": "Feature",
      "geometry": {
        "type": "Point",
        "coordinates": [
          -118.21729,
          34.076813
        ]
      },
      "properties": {
        "tract_id": "06037199001",
        "population": 2552,
        "density_per_sqkm": 10214
      }
    },
    {
      "type": "Feature",
      "geometry": {
        "type": "Point",
        "coordinates": [
          -118.086298,
          33.983912
        ]
      },
      "properties": {
        "tract_id": "06037500800",
        "population": 5333,
        "density_per_sqkm": 2922
      }
    },
    {
      "type": "Feature",
      "geometry": {
        "type": "Point",
        "coordinates": [
          -118.079726,
          33.993115
        ]
      },
      "properties": {
        "tract_id": "06037500900",
        "population": 5602,
        "density_per_sqkm": 3803
      }
    },
    {
      "type": "Feature",
      "geometry": {
        "type": "Point",
        "coordinates": [
          -118.373052,
          34.071389
        ]
      },
      "properties": {
        "tract_id": "06037214800",
        "population": 2843,
        "density_per_sqkm": 4927
      }
    },
    {
      "type": "Feature",
      "geometry": {
        "type": "Point",
        "coordinates": [
          -118.337972,
          34.056925
        ]
      },
      "properties": {
        "tract_id": "06037216100",
        "population": 2465,
        "density_per_sqkm": 3652
      }
    },
    {
      "type": "Feature",
      "geometry": {
        "type": "Point",
        "coordinates": [
          -117.83475,
          34.124165
        ]
      },
      "properties": {
        "tract_id": "06037401201",
        "population": 3188,
        "density_per_sqkm": 1361
      }
    },
    {
      "type": "Feature",
      "geometry": {
        "type": "Point",
        "coordinates": [
          -118.102524,
          34.139222
        ]
      },
      "properties": {
        "tract_id": "06037463300",
        "population": 2101,
        "density_per_sqkm": 3185
      }
    },
    {
      "type": "Feature",
      "geometry": {
        "type": "Point",
        "coordinates": [
          -118.112821,
          34.140928
        ]
      },
      "properties": {
        "tract_id": "06037463400",
        "population": 5918,
        "density_per_sqkm": 3072
      }
    },
    {
      "type": "Feature",
      "geometry": {
        "type": "Point",
        "coordinates": [
          -118.126958,
          34.138435
        ]
      },
      "properties": {
        "tract_id": "06037463500",
        "population": 5523,
        "density_per_sqkm": 3284
      }
    },
    {
      "type": "Feature",
      "geometry": {
        "type": "Point",
        "coordinates": [
          -118.297892,
          34.050874
        ]
      },
      "properties": {
        "tract_id": "06037213310",
        "population": 3323,
        "density_per_sqkm": 10648
      }
    },
    {
      "type": "Feature",
      "geometry": {
        "type": "Point",
        "coordinates": [
          -118.589933,
          34.192503
        ]
      },
      "properties": {
        "tract_id": "06037134906",
        "population": 3115,
        "density_per_sqkm": 18007
      }
    },
    {
      "type": "Feature",
      "geometry": {
        "type": "Point",
        "coordinates": [
          -118.371949,
          34.048245
        ]
      },
      "properties": {
        "tract_id": "06037216700",
        "population": 3938,
        "density_per_sqkm": 5062
      }
    },
    {
      "type": "Feature",
      "geometry": {
        "type": "Point",
        "coordinates": [
          -118.214757,
          33.968291
        ]
      },
      "properties": {
        "tract_id": "06037534700",
        "population": 4108,
        "density_per_sqkm": 7379
      }
    },
    {
      "type": "Feature",
      "geometry": {
        "type": "Point",
        "coordinates": [
          -117.979848,
          34.077434
        ]
      },
      "properties": {
        "tract_id": "06037404804",
        "population": 4404,
        "density_per_sqkm": 4649
      }
    },
    {
      "type": "Feature",
      "geometry": {
        "type": "Point",
        "coordinates": [
          -118.260866,
          34.003693
        ]
      },
      "properties": {
        "tract_id": "06037228600",
        "population": 4882,
        "density_per_sqkm": 9264
      }
    },
    {
      "type": "Feature",
      "geometry": {
        "type": "Point",
        "coordinates": [
          -118.295871,
          34.021842
        ]
      },
      "properties": {
        "tract_id": "06037222600",
        "population": 5141,
        "density_per_sqkm": 7886
      }
    },
    {
      "type": "Feature",
      "geometry": {
        "type": "Point",
        "coordinates": [
          -117.972326,
          34.047865
        ]
      },
      "properties": {
        "tract_id": "06037407101",
        "population": 4645,
        "density_per_sqkm": 4092
      }
    },
    {
      "type": "Feature",
      "geometry": {
        "type": "Point",
        "coordinates": [
          -118.103764,
          34.058982
        ]
      },
      "properties": {
        "tract_id": "06037482502",
        "population": 3213,
        "density_per_sqkm": 5015
      }
    },
    {
      "type": "Feature",
      "geometry": {
        "type": "Point",
        "coordinates": [
          -118.059175,
          34.067913
        ]
      },
      "properties": {
        "tract_id": "06037433103",
        "population": 6692,
        "density_per_sqkm": 3304
      }
    },
    {
      "type": "Feature",
      "geometry": {
        "type": "Point",
        "coordinates": [
          -118.172771,
          33.886212
        ]
      },
      "properties": {
        "tract_id": "06037553802",
        "population": 6601,
        "density_per_sqkm": 3810
      }
    },
    {
      "type": "Feature",
      "geometry": {
        "type": "Point",
        "coordinates": [
          -118.151424,
          33.892804
        ]
      },
      "properties": {
        "tract_id": "06037553901",
        "population": 6709,
        "density_per_sqkm": 5252
      }
    },
    {
      "type": "Feature",
      "geometry": {
        "type": "Point",
        "coordinates": [
          -118.133632,
          33.892272
        ]
      },
      "properties": {
        "tract_id": "06037554002",
        "population": 6135,
        "density_per_sqkm": 4832
      }
    },
    {
      "type": "Feature",
      "geometry": {
        "type": "Point",
        "coordinates": [
          -118.123601,
          33.892811
        ]
      },
      "properties": {
        "tract_id": "06037554101",
        "population": 3778,
        "density_per_sqkm": 7972
      }
    },
    {
      "type": "Feature",
      "geometry": {
        "type": "Point",
        "coordinates": [
          -118.067279,
          33.855314
        ]
      },
      "properties": {
        "tract_id": "06037554516",
        "population": 3821,
        "density_per_sqkm": 2628
      }
    },
    {
      "type": "Feature",
      "geometry": {
        "type": "Point",
        "coordinates": [
          -118.038943,
          33.867835
        ]
      },
      "properties": {
        "tract_id": "06037554518",
        "population": 5365,
        "density_per_sqkm": 3067
      }
    },
    {
      "type": "Feature",
      "geometry": {
        "type": "Point",
        "coordinates": [
          -118.056239,
          33.853309
        ]
      },
      "properties": {
        "tract_id": "06037554519",
        "population": 3489,
        "density_per_sqkm": 2123
      }
    },
    {
      "type": "Feature",
      "geometry": {
        "type": "Point",
        "coordinates": [
          -118.020256,
          34.1261
        ]
      },
      "properties": {
        "tract_id": "06037430802",
        "population": 4248,
        "density_per_sqkm": 2286
      }
    },
    {
      "type": "Feature",
      "geometry": {
        "type": "Point",
        "coordinates": [
          -118.289309,
          33.978302
        ]
      },
      "properties": {
        "tract_id": "06037237500",
        "population": 2856,
        "density_per_sqkm": 8467
      }
    },
    {
      "type": "Feature",
      "geometry": {
        "type": "Point",
        "coordinates": [
          -118.003438,
          34.154787
        ]
      },
      "properties": {
        "tract_id": "06037430302",
        "population": 5831,
        "density_per_sqkm": 3010
      }
    },
    {
      "type": "Feature",
      "geometry": {
        "type": "Point",
        "coordinates": [
          -118.252034,
          33.97905
        ]
      },
      "properties": {
        "tract_id": "06037532900",
        "population": 6358,
        "density_per_sqkm": 8287
      }
    },
    {
      "type": "Feature",
      "geometry": {
        "type": "Point",
        "coordinates": [
          -118.219978,
          34.080803
        ]
      },
      "properties": {
        "tract_id": "06037199002",
        "population": 2913,
        "density_per_sqkm": 2271
      }
    },
    {
      "type": "Feature",
      "geometry": {
        "type": "Point",
        "coordinates": [
          -117.810125,
          34.072429
        ]
      },
      "properties": {
        "tract_id": "06037401303",
        "population": 2235,
        "density_per_sqkm": 385
      }
    },
    {
      "type": "Feature",
      "geometry": {
        "type": "Point",
        "coordinates": [
          -117.817591,
          34.084368
        ]
      },
      "properties": {
        "tract_id": "06037401304",
        "population": 5683,
        "density_per_sqkm": 639
      }
    },
    {
      "type": "Feature",
      "geometry": {
        "type": "Point",
        "coordinates": [
          -118.182849,
          33.778972
        ]
      },
      "properties": {
        "tract_id": "06037576302",
        "population": 3901,
        "density_per_sqkm": 12051
      }
    },
    {
      "type": "Feature",
      "geometry": {
        "type": "Point",
        "coordinates": [
          -118.17942,
          34.216718
        ]
      },
      "properties": {
        "tract_id": "06037460401",
        "population": 1063,
        "density_per_sqkm": 200
      }
    },
    {
      "type": "Feature",
      "geometry": {
        "type": "Point",
        "coordinates": [
          -117.907368,
          34.534015
        ]
      },
      "properties": {
        "tract_id": "06037910002",
        "population": 7697,
        "density_per_sqkm": 106
      }
    },
    {
      "type": "Feature",
      "geometry": {
        "type": "Point",
        "coordinates": [
          -118.087879,
          33.835056
        ]
      },
      "properties": {
        "tract_id": "06037555002",
        "population": 3563,
        "density_per_sqkm": 4023
      }
    },
    {
      "type": "Feature",
      "geometry": {
        "type": "Point",
        "coordinates": [
          -117.966512,
          34.057856
        ]
      },
      "properties": {
        "tract_id": "06037406903",
        "population": 7777,
        "density_per_sqkm": 3973
      }
    },
    {
      "type": "Feature",
      "geometry": {
        "type": "Point",
        "coordinates": [
          -118.250528,
          34.149169
        ]
      },
      "properties": {
        "tract_id": "06037302002",
        "population": 3998,
        "density_per_sqkm": 7952
      }
    },
    {
      "type": "Feature",
      "geometry": {
        "type": "Point",
        "coordinates": [
          -118.421854,
          34.053967
        ]
      },
      "properties": {
        "tract_id": "06037267102",
        "population": 3163,
        "density_per_sqkm": 5105
      }
    },
    {
      "type": "Feature",
      "geometry": {
        "type": "Point",
        "coordinates": [
          -117.968132,
          34.070999
        ]
      },
      "properties": {
        "tract_id": "06037404806",
        "population": 5937,
        "density_per_sqkm": 3924
      }
    },
    {
      "type": "Feature",
      "geometry": {
        "type": "Point",
        "coordinates": [
          -118.403825,
          33.92747
        ]
      },
      "properties": {
        "tract_id": "06037620001",
        "population": 4029,
        "density_per_sqkm": 3404
      }
    },
    {
      "type": "Feature",
      "geometry": {
        "type": "Point",
        "coordinates": [
          -118.224104,
          33.950673
        ]
      },
      "properties": {
        "tract_id": "06037535604",
        "population": 4213,
        "density_per_sqkm": 9527
      }
    },
    {
      "type": "Feature",
      "geometry": {
        "type": "Point",
        "coordinates": [
          -117.885742,
          34.125057
        ]
      },
      "properties": {
        "tract_id": "06037404203",
        "population": 3899,
        "density_per_sqkm": 6046
      }
    },
    {
      "type": "Feature",
      "geometry": {
        "type": "Point",
        "coordinates": [
          -118.158923,
          34.140577
        ]
      },
      "properties": {
        "tract_id": "06037463700",
        "population": 3912,
        "density_per_sqkm": 2267
      }
    },
    {
      "type": "Feature",
      "geometry": {
        "type": "Point",
        "coordinates": [
          -118.03438,
          33.951697
        ]
      },
      "properties": {
        "tract_id": "06037502005",
        "population": 4382,
        "density_per_sqkm": 4203
      }
    },
    {
      "type": "Feature",
      "geometry": {
        "type": "Point",
        "coordinates": [
          -118.365733,
          33.950944
        ]
      },
      "properties": {
        "tract_id": "06037601402",
        "population": 4782,
        "density_per_sqkm": 4863
      }
    },
    {
      "type": "Feature",
      "geometry": {
        "type": "Point",
        "coordinates": [
          -118.359234,
          34.036928
        ]
      },
      "properties": {
        "tract_id": "06037218400",
        "population": 4364,
        "density_per_sqkm": 6646
      }
    },
    {
      "type": "Feature",
      "geometry": {
        "type": "Point",
        "coordinates": [
          -118.043959,
          33.900458
        ]
      },
      "properties": {
        "tract_id": "06037980034",
        "population": 110,
        "density_per_sqkm": 17
      }
    },
    {
      "type": "Feature",
      "geometry": {
        "type": "Point",
        "coordinates": [
          -118.228338,
          34.210944
        ]
      },
      "properties": {
        "tract_id": "06037300503",
        "population": 5321,
        "density_per_sqkm": 4911
      }
    },
    {
      "type": "Feature",
      "geometry": {
        "type": "Point",
        "coordinates": [
          -118.449693,
          34.045204
        ]
      },
      "properties": {
        "tract_id": "06037267300",
        "population": 4408,
        "density_per_sqkm": 10244
      }
    },
    {
      "type": "Feature",
      "geometry": {
        "type": "Point",
        "coordinates": [
          -118.323009,
          34.03778
        ]
      },
      "properties": {
        "tract_id": "06037218800",
        "population": 2633,
        "density_per_sqkm": 6396
      }
    },
    {
      "type": "Feature",
      "geometry": {
        "type": "Point",
        "coordinates": [
          -118.141976,
          34.69644
        ]
      },
      "properties": {
        "tract_id": "06037900806",
        "population": 4562,
        "density_per_sqkm": 2540
      }
    },
    {
      "type": "Feature",
      "geometry": {
        "type": "Point",
        "coordinates": [
          -118.223659,
          34.136085
        ]
      },
      "properties": {
        "tract_id": "06037181300",
        "population": 3613,
        "density_per_sqkm": 2507
      }
    },
    {
      "type": "Feature",
      "geometry": {
        "type": "Point",
        "coordinates": [
          -118.206075,
          34.169006
        ]
      },
      "properties": {
        "tract_id": "06037300901",
        "population": 6478,
        "density_per_sqkm": 932
      }
    },
    {
      "type": "Feature",
      "geometry": {
        "type": "Point",
        "coordinates": [
          -118.244416,
          33.84207
        ]
      },
      "properties": {
        "tract_id": "06037980025",
        "population": 518,
        "density_per_sqkm": 135
      }
    },
    {
      "type": "Feature",
      "geometry": {
        "type": "Point",
        "coordinates": [
          -118.414223,
          33.909734
        ]
      },
      "properties": {
        "tract_id": "06037980030",
        "population": 0,
        "density_per_sqkm": 0
      }
    },
    {
      "type": "Feature",
      "geometry": {
        "type": "Point",
        "coordinates": [
          -118.3395,
          33.842262
        ]
      },
      "properties": {
        "tract_id": "06037650401",
        "population": 4450,
        "density_per_sqkm": 1269
      }
    },
    {
      "type": "Feature",
      "geometry": {
        "type": "Point",
        "coordinates": [
          -118.31813,
          33.838237
        ]
      },
      "properties": {
        "tract_id": "06037650901",
        "population": 5976,
        "density_per_sqkm": 1686
      }
    },
    {
      "type": "Feature",
      "geometry": {
        "type": "Point",
        "coordinates": [
          -118.082542,
          34.677587
        ]
      },
      "properties": {
        "tract_id": "06037900510",
        "population": 4015,
        "density_per_sqkm": 1751
      }
    },
    {
      "type": "Feature",
      "geometry": {
        "type": "Point",
        "coordinates": [
          -118.052615,
          34.564823
        ]
      },
      "properties": {
        "tract_id": "06037910720",
        "population": 5194,
        "density_per_sqkm": 3128
      }
    },
    {
      "type": "Feature",
      "geometry": {
        "type": "Point",
        "coordinates": [
          -118.279979,
          34.035137
        ]
      },
      "properties": {
        "tract_id": "06037224410",
        "population": 2906,
        "density_per_sqkm": 6411
      }
    },
    {
      "type": "Feature",
      "geometry": {
        "type": "Point",
        "coordinates": [
          -118.460533,
          34.045631
        ]
      },
      "properties": {
        "tract_id": "06037267404",
        "population": 3403,
        "density_per_sqkm": 11964
      }
    },
    {
      "type": "Feature",
      "geometry": {
        "type": "Point",
        "coordinates": [
          -118.397472,
          33.772579
        ]
      },
      "properties": {
        "tract_id": "06037670413",
        "population": 4825,
        "density_per_sqkm": 2206
      }
    },
    {
      "type": "Feature",
      "geometry": {
        "type": "Point",
        "coordinates": [
          -118.508257,
          34.042226
        ]
      },
      "properties": {
        "tract_id": "06037262802",
        "population": 3907,
        "density_per_sqkm": 1174
      }
    },
    {
      "type": "Feature",
      "geometry": {
        "type": "Point",
        "coordinates": [
          -118.45663,
          34.047494
        ]
      },
      "properties": {
        "tract_id": "06037267403",
        "population": 3093,
        "density_per_sqkm": 13205
      }
    },
    {
      "type": "Feature",
      "geometry": {
        "type": "Point",
        "coordinates": [
          -118.337332,
          33.905548
        ]
      },
      "properties": {
        "tract_id": "06037602504",
        "population": 4670,
        "density_per_sqkm": 14528
      }
    },
    {
      "type": "Feature",
      "geometry": {
        "type": "Point",
        "coordinates": [
          -118.261402,
          33.925262
        ]
      },
      "properties": {
        "tract_id": "06037241002",
        "population": 3941,
        "density_per_sqkm": 5572
      }
    },
    {
      "type": "Feature",
      "geometry": {
        "type": "Point",
        "coordinates": [
          -118.548413,
          34.05132
        ]
      },
      "properties": {
        "tract_id": "06037262604",
        "population": 6116,
        "density_per_sqkm": 1079
      }
    },
    {
      "type": "Feature",
      "geometry": {
        "type": "Point",
        "coordinates": [
          -118.416558,
          34.080521
        ]
      },
      "properties": {
        "tract_id": "06037700700",
        "population": 3111,
        "density_per_sqkm": 881
      }
    },
    {
      "type": "Feature",
      "geometry": {
        "type": "Point",
        "coordinates": [
          -118.10572,
          34.663534
        ]
      },
      "properties": {
        "tract_id": "06037900504",
        "population": 7557,
        "density_per_sqkm": 715
      }
    },
    {
      "type": "Feature",
      "geometry": {
        "type": "Point",
        "coordinates": [
          -118.340243,
          33.927248
        ]
      },
      "properties": {
        "tract_id": "06037602002",
        "population": 3007,
        "density_per_sqkm": 5665
      }
    },
    {
      "type": "Feature",
      "geometry": {
        "type": "Point",
        "coordinates": [
          -118.156674,
          34.660286
        ]
      },
      "properties": {
        "tract_id": "06037900705",
        "population": 4939,
        "density_per_sqkm": 936
      }
    },
    {
      "type": "Feature",
      "geometry": {
        "type": "Point",
        "coordinates": [
          -118.356738,
          33.928306
        ]
      },
      "properties": {
        "tract_id": "06037602103",
        "population": 6931,
        "density_per_sqkm": 8292
      }
    },
    {
      "type": "Feature",
      "geometry": {
        "type": "Point",
        "coordinates": [
          -118.348419,
          33.927947
        ]
      },
      "properties": {
        "tract_id": "06037602104",
        "population": 5541,
        "density_per_sqkm": 7450
      }
    },
    {
      "type": "Feature",
      "geometry": {
        "type": "Point",
        "coordinates": [
          -118.347164,
          33.760016
        ]
      },
      "properties": {
        "tract_id": "06037670500",
        "population": 1739,
        "density_per_sqkm": 224
      }
    },
    {
      "type": "Feature",
      "geometry": {
        "type": "Point",
        "coordinates": [
          -118.313207,
          33.761096
        ]
      },
      "properties": {
        "tract_id": "06037670701",
        "population": 6524,
        "density_per_sqkm": 2263
      }
    },
    {
      "type": "Feature",
      "geometry": {
        "type": "Point",
        "coordinates": [
          -118.149053,
          34.572495
        ]
      },
      "properties": {
        "tract_id": "06037910401",
        "population": 6368,
        "density_per_sqkm": 679
      }
    },
    {
      "type": "Feature",
      "geometry": {
        "type": "Point",
        "coordinates": [
          -118.350432,
          33.940011
        ]
      },
      "properties": {
        "tract_id": "06037601802",
        "population": 3896,
        "density_per_sqkm": 8048
      }
    },
    {
      "type": "Feature",
      "geometry": {
        "type": "Point",
        "coordinates": [
          -118.027489,
          33.998585
        ]
      },
      "properties": {
        "tract_id": "06037501501",
        "population": 2411,
        "density_per_sqkm": 381
      }
    },
    {
      "type": "Feature",
      "geometry": {
        "type": "Point",
        "coordinates": [
          -118.155189,
          34.029461
        ]
      },
      "properties": {
        "tract_id": "06037530301",
        "population": 2308,
        "density_per_sqkm": 3950
      }
    },
    {
      "type": "Feature",
      "geometry": {
        "type": "Point",
        "coordinates": [
          -117.796427,
          34.049021
        ]
      },
      "properties": {
        "tract_id": "06037409000",
        "population": 7033,
        "density_per_sqkm": 895
      }
    },
    {
      "type": "Feature",
      "geometry": {
        "type": "Point",
        "coordinates": [
          -118.009755,
          33.978543
        ]
      },
      "properties": {
        "tract_id": "06037501600",
        "population": 6863,
        "density_per_sqkm": 666
      }
    },
    {
      "type": "Feature",
      "geometry": {
        "type": "Point",
        "coordinates": [
          -118.060108,
          33.937566
        ]
      },
      "properties": {
        "tract_id": "06037504200",
        "population": 7528,
        "density_per_sqkm": 976
      }
    },
    {
      "type": "Feature",
      "geometry": {
        "type": "Point",
        "coordinates": [
          -118.087384,
          34.695815
        ]
      },
      "properties": {
        "tract_id": "06037900611",
        "population": 4352,
        "density_per_sqkm": 2206
      }
    },
    {
      "type": "Feature",
      "geometry": {
        "type": "Point",
        "coordinates": [
          -118.433342,
          34.418053
        ]
      },
      "properties": {
        "tract_id": "06037920041",
        "population": 1473,
        "density_per_sqkm": 818
      }
    },
    {
      "type": "Feature",
      "geometry": {
        "type": "Point",
        "coordinates": [
          -117.946173,
          34.03841
        ]
      },
      "properties": {
        "tract_id": "06037407601",
        "population": 4288,
        "density_per_sqkm": 5489
      }
    },
    {
      "type": "Feature",
      "geometry": {
        "type": "Point",
        "coordinates": [
          -117.851864,
          34.062541
        ]
      },
      "properties": {
        "tract_id": "06037403500",
        "population": 1828,
        "density_per_sqkm": 372
      }
    },
    {
      "type": "Feature",
      "geometry": {
        "type": "Point",
        "coordinates": [
          -118.684,
          34.114996
        ]
      },
      "properties": {
        "tract_id": "06037800202",
        "population": 6044,
        "density_per_sqkm": 221
      }
    },
    {
      "type": "Feature",
      "geometry": {
        "type": "Point",
        "coordinates": [
          -118.306488,
          33.832344
        ]
      },
      "properties": {
        "tract_id": "06037293203",
        "population": 3337,
        "density_per_sqkm": 7203
      }
    },
    {
      "type": "Feature",
      "geometry": {
        "type": "Point",
        "coordinates": [
          -118.433514,
          33.964189
        ]
      },
      "properties": {
        "tract_id": "06037276601",
        "population": 4058,
        "density_per_sqkm": 1818
      }
    },
    {
      "type": "Feature",
      "geometry": {
        "type": "Point",
        "coordinates": [
          -118.400334,
          33.971367
        ]
      },
      "properties": {
        "tract_id": "06037277000",
        "population": 5637,
        "density_per_sqkm": 2452
      }
    },
    {
      "type": "Feature",
      "geometry": {
        "type": "Point",
        "coordinates": [
          -118.48665,
          34.439592
        ]
      },
      "properties": {
        "tract_id": "06037920028",
        "population": 8017,
        "density_per_sqkm": 3114
      }
    },
    {
      "type": "Feature",
      "geometry": {
        "type": "Point",
        "coordinates": [
          -118.132975,
          34.534412
        ]
      },
      "properties": {
        "tract_id": "06037910213",
        "population": 1285,
        "density_per_sqkm": 46
      }
    },
    {
      "type": "Feature",
      "geometry": {
        "type": "Point",
        "coordinates": [
          -118.446966,
          34.423668
        ]
      },
      "properties": {
        "tract_id": "06037920038",
        "population": 2629,
        "density_per_sqkm": 2647
      }
    },
    {
      "type": "Feature",
      "geometry": {
        "type": "Point",
        "coordinates": [
          -118.586373,
          34.253613
        ]
      },
      "properties": {
        "tract_id": "06037113324",
        "population": 2072,
        "density_per_sqkm": 6386
      }
    },
    {
      "type": "Feature",
      "geometry": {
        "type": "Point",
        "coordinates": [
          -118.3435,
          34.274936
        ]
      },
      "properties": {
        "tract_id": "06037103202",
        "population": 2026,
        "density_per_sqkm": 428
      }
    },
    {
      "type": "Feature",
      "geometry": {
        "type": "Point",
        "coordinates": [
          -118.340163,
          33.998588
        ]
      },
      "properties": {
        "tract_id": "06037703200",
        "population": 5800,
        "density_per_sqkm": 2753
      }
    },
    {
      "type": "Feature",
      "geometry": {
        "type": "Point",
        "coordinates": [
          -118.081,
          34.565035
        ]
      },
      "properties": {
        "tract_id": "06037910608",
        "population": 3550,
        "density_per_sqkm": 2525
      }
    },
    {
      "type": "Feature",
      "geometry": {
        "type": "Point",
        "coordinates": [
          -117.978919,
          34.609955
        ]
      },
      "properties": {
        "tract_id": "06037911100",
        "population": 7827,
        "density_per_sqkm": 48
      }
    },
    {
      "type": "Feature",
      "geometry": {
        "type": "Point",
        "coordinates": [
          -118.284858,
          34.677664
        ]
      },
      "properties": {
        "tract_id": "06037901216",
        "population": 2733,
        "density_per_sqkm": 66
      }
    },
    {
      "type": "Feature",
      "geometry": {
        "type": "Point",
        "coordinates": [
          -118.227506,
          34.660221
        ]
      },
      "properties": {
        "tract_id": "06037901101",
        "population": 6257,
        "density_per_sqkm": 1198
      }
    },
    {
      "type": "Feature",
      "geometry": {
        "type": "Point",
        "coordinates": [
          -118.210115,
          34.660438
        ]
      },
      "properties": {
        "tract_id": "06037901102",
        "population": 5703,
        "density_per_sqkm": 1117
      }
    },
    {
      "type": "Feature",
      "geometry": {
        "type": "Point",
        "coordinates": [
          -118.790652,
          34.016698
        ]
      },
      "properties": {
        "tract_id": "06037800412",
        "population": 3437,
        "density_per_sqkm": 479
      }
    },
    {
      "type": "Feature",
      "geometry": {
        "type": "Point",
        "coordinates": [
          -118.143204,
          34.710969
        ]
      },
      "properties": {
        "tract_id": "06037900804",
        "population": 3895,
        "density_per_sqkm": 2640
      }
    },
    {
      "type": "Feature",
      "geometry": {
        "type": "Point",
        "coordinates": [
          -118.156932,
          34.696681
        ]
      },
      "properties": {
        "tract_id": "06037900805",
        "population": 5626,
        "density_per_sqkm": 2133
      }
    },
    {
      "type": "Feature",
      "geometry": {
        "type": "Point",
        "coordinates": [
          -118.27146,
          34.17508
        ]
      },
      "properties": {
        "tract_id": "06037301300",
        "population": 2070,
        "density_per_sqkm": 1777
      }
    },
    {
      "type": "Feature",
      "geometry": {
        "type": "Point",
        "coordinates": [
          -117.836363,
          34.015368
        ]
      },
      "properties": {
        "tract_id": "06037403327",
        "population": 2813,
        "density_per_sqkm": 321
      }
    },
    {
      "type": "Feature",
      "geometry": {
        "type": "Point",
        "coordinates": [
          -118.418822,
          34.024987
        ]
      },
      "properties": {
        "tract_id": "06037271703",
        "population": 3191,
        "density_per_sqkm": 7039
      }
    },
    {
      "type": "Feature",
      "geometry": {
        "type": "Point",
        "coordinates": [
          -118.097291,
          34.108901
        ]
      },
      "properties": {
        "tract_id": "06037480202",
        "population": 2518,
        "density_per_sqkm": 1662
      }
    },
    {
      "type": "Feature",
      "geometry": {
        "type": "Point",
        "coordinates": [
          -118.18325,
          34.65304
        ]
      },
      "properties": {
        "tract_id": "06037901007",
        "population": 2127,
        "density_per_sqkm": 408
      }
    },
    {
      "type": "Feature",
      "geometry": {
        "type": "Point",
        "coordinates": [
          -117.951036,
          34.084941
        ]
      },
      "properties": {
        "tract_id": "06037405201",
        "population": 5392,
        "density_per_sqkm": 3977
      }
    },
    {
      "type": "Feature",
      "geometry": {
        "type": "Point",
        "coordinates": [
          -117.9632,
          34.080849
        ]
      },
      "properties": {
        "tract_id": "06037405202",
        "population": 4894,
        "density_per_sqkm": 5134
      }
    },
    {
      "type": "Feature",
      "geometry": {
        "type": "Point",
        "coordinates": [
          -117.956961,
          34.076261
        ]
      },
      "properties": {
        "tract_id": "06037405203",
        "population": 3285,
        "density_per_sqkm": 4568
      }
    },
    {
      "type": "Feature",
      "geometry": {
        "type": "Point",
        "coordinates": [
          -117.744957,
          34.034005
        ]
      },
      "properties": {
        "tract_id": "06037402902",
        "population": 6856,
        "density_per_sqkm": 3716
      }
    },
    {
      "type": "Feature",
      "geometry": {
        "type": "Point",
        "coordinates": [
          -117.757204,
          34.037493
        ]
      },
      "properties": {
        "tract_id": "06037403000",
        "population": 6757,
        "density_per_sqkm": 2796
      }
    },
    {
      "type": "Feature",
      "geometry": {
        "type": "Point",
        "coordinates": [
          -118.549649,
          34.455861
        ]
      },
      "properties": {
        "tract_id": "06037920109",
        "population": 5766,
        "density_per_sqkm": 2629
      }
    },
    {
      "type": "Feature",
      "geometry": {
        "type": "Point",
        "coordinates": [
          -117.981925,
          34.018275
        ]
      },
      "properties": {
        "tract_id": "06037408401",
        "population": 4377,
        "density_per_sqkm": 3777
      }
    },
    {
      "type": "Feature",
      "geometry": {
        "type": "Point",
        "coordinates": [
          -118.160749,
          34.176361
        ]
      },
      "properties": {
        "tract_id": "06037460900",
        "population": 6893,
        "density_per_sqkm": 2832
      }
    },
    {
      "type": "Feature",
      "geometry": {
        "type": "Point",
        "coordinates": [
          -118.140899,
          34.185241
        ]
      },
      "properties": {
        "tract_id": "06037461100",
        "population": 4894,
        "density_per_sqkm": 2510
      }
    },
    {
      "type": "Feature",
      "geometry": {
        "type": "Point",
        "coordinates": [
          -118.182746,
          34.016887
        ]
      },
      "properties": {
        "tract_id": "06037531302",
        "population": 6411,
        "density_per_sqkm": 7167
      }
    },
    {
      "type": "Feature",
      "geometry": {
        "type": "Point",
        "coordinates": [
          -118.261783,
          34.140326
        ]
      },
      "properties": {
        "tract_id": "06037302302",
        "population": 5417,
        "density_per_sqkm": 8557
      }
    },
    {
      "type": "Feature",
      "geometry": {
        "type": "Point",
        "coordinates": [
          -118.287888,
          34.049841
        ]
      },
      "properties": {
        "tract_id": "06037213402",
        "population": 5119,
        "density_per_sqkm": 13064
      }
    },
    {
      "type": "Feature",
      "geometry": {
        "type": "Point",
        "coordinates": [
          -118.357328,
          34.078167
        ]
      },
      "properties": {
        "tract_id": "06037214400",
        "population": 2980,
        "density_per_sqkm": 8656
      }
    },
    {
      "type": "Feature",
      "geometry": {
        "type": "Point",
        "coordinates": [
          -118.110631,
          34.10816
        ]
      },
      "properties": {
        "tract_id": "06037480201",
        "population": 3923,
        "density_per_sqkm": 2562
      }
    },
    {
      "type": "Feature",
      "geometry": {
        "type": "Point",
        "coordinates": [
          -117.962706,
          34.089191
        ]
      },
      "properties": {
        "tract_id": "06037405102",
        "population": 4793,
        "density_per_sqkm": 4983
      }
    },
    {
      "type": "Feature",
      "geometry": {
        "type": "Point",
        "coordinates": [
          -118.473683,
          34.304432
        ]
      },
      "properties": {
        "tract_id": "06037106604",
        "population": 5378,
        "density_per_sqkm": 2059
      }
    },
    {
      "type": "Feature",
      "geometry": {
        "type": "Point",
        "coordinates": [
          -118.508433,
          34.298469
        ]
      },
      "properties": {
        "tract_id": "06037106641",
        "population": 2330,
        "density_per_sqkm": 2052
      }
    },
    {
      "type": "Feature",
      "geometry": {
        "type": "Point",
        "coordinates": [
          -118.067168,
          34.569296
        ]
      },
      "properties": {
        "tract_id": "06037910605",
        "population": 5134,
        "density_per_sqkm": 3822
      }
    },
    {
      "type": "Feature",
      "geometry": {
        "type": "Point",
        "coordinates": [
          -118.038406,
          34.561677
        ]
      },
      "properties": {
        "tract_id": "06037910714",
        "population": 3934,
        "density_per_sqkm": 3921
      }
    },
    {
      "type": "Feature",
      "geometry": {
        "type": "Point",
        "coordinates": [
          -117.966561,
          34.1031
        ]
      },
      "properties": {
        "tract_id": "06037405001",
        "population": 5761,
        "density_per_sqkm": 3434
      }
    },
    {
      "type": "Feature",
      "geometry": {
        "type": "Point",
        "coordinates": [
          -117.949001,
          34.103274
        ]
      },
      "properties": {
        "tract_id": "06037405002",
        "population": 2971,
        "density_per_sqkm": 3357
      }
    },
    {
      "type": "Feature",
      "geometry": {
        "type": "Point",
        "coordinates": [
          -118.539987,
          34.204721
        ]
      },
      "properties": {
        "tract_id": "06037131023",
        "population": 2628,
        "density_per_sqkm": 4500
      }
    },
    {
      "type": "Feature",
      "geometry": {
        "type": "Point",
        "coordinates": [
          -118.060504,
          34.110174
        ]
      },
      "properties": {
        "tract_id": "06037431900",
        "population": 3652,
        "density_per_sqkm": 3655
      }
    },
    {
      "type": "Feature",
      "geometry": {
        "type": "Point",
        "coordinates": [
          -117.942945,
          33.960508
        ]
      },
      "properties": {
        "tract_id": "06037500100",
        "population": 3729,
        "density_per_sqkm": 371
      }
    },
    {
      "type": "Feature",
      "geometry": {
        "type": "Point",
        "coordinates": [
          -118.484844,
          34.323593
        ]
      },
      "properties": {
        "tract_id": "06037106510",
        "population": 5791,
        "density_per_sqkm": 1000
      }
    },
    {
      "type": "Feature",
      "geometry": {
        "type": "Point",
        "coordinates": [
          -118.461352,
          34.308857
        ]
      },
      "properties": {
        "tract_id": "06037106520",
        "population": 5670,
        "density_per_sqkm": 2570
      }
    },
    {
      "type": "Feature",
      "geometry": {
        "type": "Point",
        "coordinates": [
          -117.824095,
          34.135642
        ]
      },
      "properties": {
        "tract_id": "06037400402",
        "population": 4370,
        "density_per_sqkm": 997
      }
    },
    {
      "type": "Feature",
      "geometry": {
        "type": "Point",
        "coordinates": [
          -118.082654,
          34.087421
        ]
      },
      "properties": {
        "tract_id": "06037432201",
        "population": 4235,
        "density_per_sqkm": 3483
      }
    },
    {
      "type": "Feature",
      "geometry": {
        "type": "Point",
        "coordinates": [
          -118.070948,
          34.085319
        ]
      },
      "properties": {
        "tract_id": "06037432202",
        "population": 4212,
        "density_per_sqkm": 3192
      }
    },
    {
      "type": "Feature",
      "geometry": {
        "type": "Point",
        "coordinates": [
          -118.160529,
          34.186464
        ]
      },
      "properties": {
        "tract_id": "06037461000",
        "population": 5817,
        "density_per_sqkm": 3287
      }
    },
    {
      "type": "Feature",
      "geometry": {
        "type": "Point",
        "coordinates": [
          -118.339552,
          33.898257
        ]
      },
      "properties": {
        "tract_id": "06037603703",
        "population": 2572,
        "density_per_sqkm": 3945
      }
    },
    {
      "type": "Feature",
      "geometry": {
        "type": "Point",
        "coordinates": [
          -118.124676,
          34.17232
        ]
      },
      "properties": {
        "tract_id": "06037461400",
        "population": 2939,
        "density_per_sqkm": 2891
      }
    },
    {
      "type": "Feature",
      "geometry": {
        "type": "Point",
        "coordinates": [
          -118.156822,
          34.162512
        ]
      },
      "properties": {
        "tract_id": "06037461600",
        "population": 5435,
        "density_per_sqkm": 3271
      }
    },
    {
      "type": "Feature",
      "geometry": {
        "type": "Point",
        "coordinates": [
          -118.01434,
          34.082003
        ]
      },
      "properties": {
        "tract_id": "06037432601",
        "population": 6374,
        "density_per_sqkm": 4537
      }
    },
    {
      "type": "Feature",
      "geometry": {
        "type": "Point",
        "coordinates": [
          -118.115529,
          34.192567
        ]
      },
      "properties": {
        "tract_id": "06037460101",
        "population": 5846,
        "density_per_sqkm": 1029
      }
    },
    {
      "type": "Feature",
      "geometry": {
        "type": "Point",
        "coordinates": [
          -118.432657,
          34.299278
        ]
      },
      "properties": {
        "tract_id": "06037320101",
        "population": 3632,
        "density_per_sqkm": 5337
      }
    },
    {
      "type": "Feature",
      "geometry": {
        "type": "Point",
        "coordinates": [
          -118.313573,
          33.998535
        ]
      },
      "properties": {
        "tract_id": "06037232402",
        "population": 3163,
        "density_per_sqkm": 5822
      }
    },
    {
      "type": "Feature",
      "geometry": {
        "type": "Point",
        "coordinates": [
          -118.227868,
          34.696737
        ]
      },
      "properties": {
        "tract_id": "06037901003",
        "population": 3278,
        "density_per_sqkm": 1259
      }
    },
    {
      "type": "Feature",
      "geometry": {
        "type": "Point",
        "coordinates": [
          -118.178506,
          33.778974
        ]
      },
      "properties": {
        "tract_id": "06037576401",
        "population": 4060,
        "density_per_sqkm": 12530
      }
    },
    {
      "type": "Feature",
      "geometry": {
        "type": "Point",
        "coordinates": [
          -118.166802,
          33.86747
        ]
      },
      "properties": {
        "tract_id": "06037570502",
        "population": 6558,
        "density_per_sqkm": 3283
      }
    },
    {
      "type": "Feature",
      "geometry": {
        "type": "Point",
        "coordinates": [
          -118.236569,
          33.892233
        ]
      },
      "properties": {
        "tract_id": "06037542501",
        "population": 4283,
        "density_per_sqkm": 7417
      }
    },
    {
      "type": "Feature",
      "geometry": {
        "type": "Point",
        "coordinates": [
          -118.274053,
          34.091692
        ]
      },
      "properties": {
        "tract_id": "06037195400",
        "population": 4244,
        "density_per_sqkm": 4119
      }
    },
    {
      "type": "Feature",
      "geometry": {
        "type": "Point",
        "coordinates": [
          -118.533307,
          34.176284
        ]
      },
      "properties": {
        "tract_id": "06037139303",
        "population": 4481,
        "density_per_sqkm": 10783
      }
    },
    {
      "type": "Feature",
      "geometry": {
        "type": "Point",
        "coordinates": [
          -118.421632,
          34.197967
        ]
      },
      "properties": {
        "tract_id": "06037123410",
        "population": 3967,
        "density_per_sqkm": 8117
      }
    },
    {
      "type": "Feature",
      "geometry": {
        "type": "Point",
        "coordinates": [
          -118.462623,
          34.217889
        ]
      },
      "properties": {
        "tract_id": "06037120010",
        "population": 2892,
        "density_per_sqkm": 5220
      }
    },
    {
      "type": "Feature",
      "geometry": {
        "type": "Point",
        "coordinates": [
          -118.292428,
          33.83166
        ]
      },
      "properties": {
        "tract_id": "06037543503",
        "population": 6080,
        "density_per_sqkm": 3655
      }
    },
    {
      "type": "Feature",
      "geometry": {
        "type": "Point",
        "coordinates": [
          -118.281422,
          33.821642
        ]
      },
      "properties": {
        "tract_id": "06037543601",
        "population": 3887,
        "density_per_sqkm": 5982
      }
    },
    {
      "type": "Feature",
      "geometry": {
        "type": "Point",
        "coordinates": [
          -118.449258,
          34.415428
        ]
      },
      "properties": {
        "tract_id": "06037920046",
        "population": 2914,
        "density_per_sqkm": 6852
      }
    },
    {
      "type": "Feature",
      "geometry": {
        "type": "Point",
        "coordinates": [
          -118.239338,
          34.080042
        ]
      },
      "properties": {
        "tract_id": "06037980010",
        "population": 144,
        "density_per_sqkm": 38
      }
    },
    {
      "type": "Feature",
      "geometry": {
        "type": "Point",
        "coordinates": [
          -118.387146,
          33.916497
        ]
      },
      "properties": {
        "tract_id": "06037980013",
        "population": 62,
        "density_per_sqkm": 12
      }
    },
    {
      "type": "Feature",
      "geometry": {
        "type": "Point",
        "coordinates": [
          -117.968363,
          34.153442
        ]
      },
      "properties": {
        "tract_id": "06037430200",
        "population": 1264,
        "density_per_sqkm": 245
      }
    },
    {
      "type": "Feature",
      "geometry": {
        "type": "Point",
        "coordinates": [
          -118.507174,
          34.370966
        ]
      },
      "properties": {
        "tract_id": "06037920343",
        "population": 4297,
        "density_per_sqkm": 4301
      }
    },
    {
      "type": "Feature",
      "geometry": {
        "type": "Point",
        "coordinates": [
          -118.044341,
          34.039639
        ]
      },
      "properties": {
        "tract_id": "06037433803",
        "population": 3037,
        "density_per_sqkm": 2555
      }
    },
    {
      "type": "Feature",
      "geometry": {
        "type": "Point",
        "coordinates": [
          -118.357896,
          33.788573
        ]
      },
      "properties": {
        "tract_id": "06037670202",
        "population": 2626,
        "density_per_sqkm": 880
      }
    },
    {
      "type": "Feature",
      "geometry": {
        "type": "Point",
        "coordinates": [
          -118.596415,
          34.386064
        ]
      },
      "properties": {
        "tract_id": "06037920338",
        "population": 5642,
        "density_per_sqkm": 1515
      }
    },
    {
      "type": "Feature",
      "geometry": {
        "type": "Point",
        "coordinates": [
          -118.527826,
          34.183476
        ]
      },
      "properties": {
        "tract_id": "06037132900",
        "population": 3538,
        "density_per_sqkm": 2986
      }
    },
    {
      "type": "Feature",
      "geometry": {
        "type": "Point",
        "coordinates": [
          -118.557733,
          34.195335
        ]
      },
      "properties": {
        "tract_id": "06037133000",
        "population": 4424,
        "density_per_sqkm": 4436
      }
    },
    {
      "type": "Feature",
      "geometry": {
        "type": "Point",
        "coordinates": [
          -118.579905,
          34.216259
        ]
      },
      "properties": {
        "tract_id": "06037134103",
        "population": 4294,
        "density_per_sqkm": 4125
      }
    },
    {
      "type": "Feature",
      "geometry": {
        "type": "Point",
        "coordinates": [
          -118.198528,
          33.868699
        ]
      },
      "properties": {
        "tract_id": "06037570402",
        "population": 3391,
        "density_per_sqkm": 2391
      }
    },
    {
      "type": "Feature",
      "geometry": {
        "type": "Point",
        "coordinates": [
          -118.090211,
          34.680576
        ]
      },
      "properties": {
        "tract_id": "06037900509",
        "population": 4693,
        "density_per_sqkm": 2846
      }
    },
    {
      "type": "Feature",
      "geometry": {
        "type": "Point",
        "coordinates": [
          -118.417329,
          33.893152
        ]
      },
      "properties": {
        "tract_id": "06037620305",
        "population": 6114,
        "density_per_sqkm": 4831
      }
    },
    {
      "type": "Feature",
      "geometry": {
        "type": "Point",
        "coordinates": [
          -118.418076,
          33.77232
        ]
      },
      "properties": {
        "tract_id": "06037670328",
        "population": 4485,
        "density_per_sqkm": 1251
      }
    },
    {
      "type": "Feature",
      "geometry": {
        "type": "Point",
        "coordinates": [
          -118.057772,
          33.906519
        ]
      },
      "properties": {
        "tract_id": "06037552302",
        "population": 3599,
        "density_per_sqkm": 3743
      }
    },
    {
      "type": "Feature",
      "geometry": {
        "type": "Point",
        "coordinates": [
          -118.154119,
          33.913046
        ]
      },
      "properties": {
        "tract_id": "06037553503",
        "population": 2730,
        "density_per_sqkm": 6450
      }
    },
    {
      "type": "Feature",
      "geometry": {
        "type": "Point",
        "coordinates": [
          -118.398886,
          33.857648
        ]
      },
      "properties": {
        "tract_id": "06037621104",
        "population": 6786,
        "density_per_sqkm": 6470
      }
    },
    {
      "type": "Feature",
      "geometry": {
        "type": "Point",
        "coordinates": [
          -118.317976,
          34.192071
        ]
      },
      "properties": {
        "tract_id": "06037310602",
        "population": 2956,
        "density_per_sqkm": 3318
      }
    },
    {
      "type": "Feature",
      "geometry": {
        "type": "Point",
        "coordinates": [
          -118.238359,
          33.782557
        ]
      },
      "properties": {
        "tract_id": "06037980014",
        "population": 150,
        "density_per_sqkm": 23
      }
    },
    {
      "type": "Feature",
      "geometry": {
        "type": "Point",
        "coordinates": [
          -118.313278,
          34.021891
        ]
      },
      "properties": {
        "tract_id": "06037222002",
        "population": 4648,
        "density_per_sqkm": 7089
      }
    },
    {
      "type": "Feature",
      "geometry": {
        "type": "Point",
        "coordinates": [
          -118.250271,
          34.02448
        ]
      },
      "properties": {
        "tract_id": "06037226001",
        "population": 2632,
        "density_per_sqkm": 2544
      }
    },
    {
      "type": "Feature",
      "geometry": {
        "type": "Point",
        "coordinates": [
          -118.183974,
          33.974807
        ]
      },
      "properties": {
        "tract_id": "06037533803",
        "population": 6152,
        "density_per_sqkm": 7810
      }
    },
    {
      "type": "Feature",
      "geometry": {
        "type": "Point",
        "coordinates": [
          -118.210002,
          33.899344
        ]
      },
      "properties": {
        "tract_id": "06037541605",
        "population": 5132,
        "density_per_sqkm": 5880
      }
    },
    {
      "type": "Feature",
      "geometry": {
        "type": "Point",
        "coordinates": [
          -118.194675,
          33.911804
        ]
      },
      "properties": {
        "tract_id": "06037541801",
        "population": 5529,
        "density_per_sqkm": 7733
      }
    },
    {
      "type": "Feature",
      "geometry": {
        "type": "Point",
        "coordinates": [
          -118.108049,
          34.682244
        ]
      },
      "properties": {
        "tract_id": "06037900505",
        "population": 4548,
        "density_per_sqkm": 3469
      }
    },
    {
      "type": "Feature",
      "geometry": {
        "type": "Point",
        "coordinates": [
          -118.099141,
          34.682335
        ]
      },
      "properties": {
        "tract_id": "06037900506",
        "population": 4944,
        "density_per_sqkm": 3781
      }
    },
    {
      "type": "Feature",
      "geometry": {
        "type": "Point",
        "coordinates": [
          -118.108165,
          34.696812
        ]
      },
      "properties": {
        "tract_id": "06037900608",
        "population": 3845,
        "density_per_sqkm": 2874
      }
    },
    {
      "type": "Feature",
      "geometry": {
        "type": "Point",
        "coordinates": [
          -118.179137,
          33.975268
        ]
      },
      "properties": {
        "tract_id": "06037533804",
        "population": 4331,
        "density_per_sqkm": 8411
      }
    },
    {
      "type": "Feature",
      "geometry": {
        "type": "Point",
        "coordinates": [
          -118.21641,
          34.125721
        ]
      },
      "properties": {
        "tract_id": "06037183402",
        "population": 2997,
        "density_per_sqkm": 5837
      }
    },
    {
      "type": "Feature",
      "geometry": {
        "type": "Point",
        "coordinates": [
          -118.18786,
          34.109306
        ]
      },
      "properties": {
        "tract_id": "06037183701",
        "population": 3838,
        "density_per_sqkm": 6967
      }
    },
    {
      "type": "Feature",
      "geometry": {
        "type": "Point",
        "coordinates": [
          -118.421011,
          33.99549
        ]
      },
      "properties": {
        "tract_id": "06037275200",
        "population": 3850,
        "density_per_sqkm": 8318
      }
    },
    {
      "type": "Feature",
      "geometry": {
        "type": "Point",
        "coordinates": [
          -118.218656,
          33.821322
        ]
      },
      "properties": {
        "tract_id": "06037572301",
        "population": 3840,
        "density_per_sqkm": 4687
      }
    },
    {
      "type": "Feature",
      "geometry": {
        "type": "Point",
        "coordinates": [
          -118.213931,
          33.808013
        ]
      },
      "properties": {
        "tract_id": "06037572600",
        "population": 5276,
        "density_per_sqkm": 4313
      }
    },
    {
      "type": "Feature",
      "geometry": {
        "type": "Point",
        "coordinates": [
          -118.212577,
          33.800756
        ]
      },
      "properties": {
        "tract_id": "06037572700",
        "population": 5405,
        "density_per_sqkm": 5393
      }
    },
    {
      "type": "Feature",
      "geometry": {
        "type": "Point",
        "coordinates": [
          -118.185316,
          33.800619
        ]
      },
      "properties": {
        "tract_id": "06037573201",
        "population": 4606,
        "density_per_sqkm": 7659
      }
    },
    {
      "type": "Feature",
      "geometry": {
        "type": "Point",
        "coordinates": [
          -118.175727,
          33.793299
        ]
      },
      "properties": {
        "tract_id": "06037573300",
        "population": 4068,
        "density_per_sqkm": 5178
      }
    },
    {
      "type": "Feature",
      "geometry": {
        "type": "Point",
        "coordinates": [
          -118.439637,
          34.286034
        ]
      },
      "properties": {
        "tract_id": "06037320201",
        "population": 3818,
        "density_per_sqkm": 4153
      }
    },
    {
      "type": "Feature",
      "geometry": {
        "type": "Point",
        "coordinates": [
          -118.434509,
          34.289747
        ]
      },
      "properties": {
        "tract_id": "06037320202",
        "population": 5693,
        "density_per_sqkm": 3525
      }
    },
    {
      "type": "Feature",
      "geometry": {
        "type": "Point",
        "coordinates": [
          -118.451697,
          34.41162
        ]
      },
      "properties": {
        "tract_id": "06037920047",
        "population": 6676,
        "density_per_sqkm": 12935
      }
    },
    {
      "type": "Feature",
      "geometry": {
        "type": "Point",
        "coordinates": [
          -118.531519,
          34.382219
        ]
      },
      "properties": {
        "tract_id": "06037920341",
        "population": 3287,
        "density_per_sqkm": 5622
      }
    },
    {
      "type": "Feature",
      "geometry": {
        "type": "Point",
        "coordinates": [
          -118.540431,
          34.243007
        ]
      },
      "properties": {
        "tract_id": "06037115204",
        "population": 4228,
        "density_per_sqkm": 5549
      }
    },
    {
      "type": "Feature",
      "geometry": {
        "type": "Point",
        "coordinates": [
          -118.593443,
          34.253555
        ]
      },
      "properties": {
        "tract_id": "06037113323",
        "population": 3927,
        "density_per_sqkm": 5425
      }
    },
    {
      "type": "Feature",
      "geometry": {
        "type": "Point",
        "coordinates": [
          -118.446533,
          34.231071
        ]
      },
      "properties": {
        "tract_id": "06037120105",
        "population": 2855,
        "density_per_sqkm": 5182
      }
    },
    {
      "type": "Feature",
      "geometry": {
        "type": "Point",
        "coordinates": [
          -118.537583,
          34.169696
        ]
      },
      "properties": {
        "tract_id": "06037139401",
        "population": 2894,
        "density_per_sqkm": 3190
      }
    },
    {
      "type": "Feature",
      "geometry": {
        "type": "Point",
        "coordinates": [
          -118.374888,
          33.767099
        ]
      },
      "properties": {
        "tract_id": "06037670405",
        "population": 2957,
        "density_per_sqkm": 1971
      }
    },
    {
      "type": "Feature",
      "geometry": {
        "type": "Point",
        "coordinates": [
          -118.073204,
          33.89859
        ]
      },
      "properties": {
        "tract_id": "06037552700",
        "population": 6885,
        "density_per_sqkm": 5006
      }
    },
    {
      "type": "Feature",
      "geometry": {
        "type": "Point",
        "coordinates": [
          -118.091192,
          33.898477
        ]
      },
      "properties": {
        "tract_id": "06037552800",
        "population": 6267,
        "density_per_sqkm": 4844
      }
    },
    {
      "type": "Feature",
      "geometry": {
        "type": "Point",
        "coordinates": [
          -118.104073,
          33.894597
        ]
      },
      "properties": {
        "tract_id": "06037553000",
        "population": 4866,
        "density_per_sqkm": 3830
      }
    },
    {
      "type": "Feature",
      "geometry": {
        "type": "Point",
        "coordinates": [
          -118.1739,
          34.040765
        ]
      },
      "properties": {
        "tract_id": "06037531000",
        "population": 5109,
        "density_per_sqkm": 5110
      }
    },
    {
      "type": "Feature",
      "geometry": {
        "type": "Point",
        "coordinates": [
          -118.181582,
          34.03684
        ]
      },
      "properties": {
        "tract_id": "06037531102",
        "population": 3233,
        "density_per_sqkm": 6487
      }
    },
    {
      "type": "Feature",
      "geometry": {
        "type": "Point",
        "coordinates": [
          -118.186068,
          34.029737
        ]
      },
      "properties": {
        "tract_id": "06037531201",
        "population": 4855,
        "density_per_sqkm": 8742
      }
    },
    {
      "type": "Feature",
      "geometry": {
        "type": "Point",
        "coordinates": [
          -118.182234,
          34.021743
        ]
      },
      "properties": {
        "tract_id": "06037531301",
        "population": 5365,
        "density_per_sqkm": 6768
      }
    },
    {
      "type": "Feature",
      "geometry": {
        "type": "Point",
        "coordinates": [
          -118.48996,
          34.415146
        ]
      },
      "properties": {
        "tract_id": "06037920030",
        "population": 5399,
        "density_per_sqkm": 2039
      }
    },
    {
      "type": "Feature",
      "geometry": {
        "type": "Point",
        "coordinates": [
          -118.248556,
          34.140753
        ]
      },
      "properties": {
        "tract_id": "06037302202",
        "population": 4933,
        "density_per_sqkm": 9643
      }
    },
    {
      "type": "Feature",
      "geometry": {
        "type": "Point",
        "coordinates": [
          -118.532078,
          34.144579
        ]
      },
      "properties": {
        "tract_id": "06037139703",
        "population": 2693,
        "density_per_sqkm": 569
      }
    },
    {
      "type": "Feature",
      "geometry": {
        "type": "Point",
        "coordinates": [
          -118.0533,
          34.161919
        ]
      },
      "properties": {
        "tract_id": "06037430502",
        "population": 7114,
        "density_per_sqkm": 2417
      }
    },
    {
      "type": "Feature",
      "geometry": {
        "type": "Point",
        "coordinates": [
          -118.040874,
          33.927922
        ]
      },
      "properties": {
        "tract_id": "06037503103",
        "population": 4774,
        "density_per_sqkm": 4398
      }
    },
    {
      "type": "Feature",
      "geometry": {
        "type": "Point",
        "coordinates": [
          -118.350426,
          33.943636
        ]
      },
      "properties": {
        "tract_id": "06037601801",
        "population": 3462,
        "density_per_sqkm": 7113
      }
    },
    {
      "type": "Feature",
      "geometry": {
        "type": "Point",
        "coordinates": [
          -118.260125,
          34.185323
        ]
      },
      "properties": {
        "tract_id": "06037300702",
        "population": 5725,
        "density_per_sqkm": 501
      }
    },
    {
      "type": "Feature",
      "geometry": {
        "type": "Point",
        "coordinates": [
          -118.426326,
          34.18122
        ]
      },
      "properties": {
        "tract_id": "06037123602",
        "population": 3433,
        "density_per_sqkm": 3700
      }
    },
    {
      "type": "Feature",
      "geometry": {
        "type": "Point",
        "coordinates": [
          -118.391974,
          34.204483
        ]
      },
      "properties": {
        "tract_id": "06037122410",
        "population": 3824,
        "density_per_sqkm": 5409
      }
    },
    {
      "type": "Feature",
      "geometry": {
        "type": "Point",
        "coordinates": [
          -118.522963,
          34.21466
        ]
      },
      "properties": {
        "tract_id": "06037131300",
        "population": 4854,
        "density_per_sqkm": 4342
      }
    },
    {
      "type": "Feature",
      "geometry": {
        "type": "Point",
        "coordinates": [
          -118.54995,
          34.226063
        ]
      },
      "properties": {
        "tract_id": "06037115302",
        "population": 4044,
        "density_per_sqkm": 4855
      }
    },
    {
      "type": "Feature",
      "geometry": {
        "type": "Point",
        "coordinates": [
          -118.196762,
          33.88517
        ]
      },
      "properties": {
        "tract_id": "06037542200",
        "population": 6898,
        "density_per_sqkm": 5198
      }
    },
    {
      "type": "Feature",
      "geometry": {
        "type": "Point",
        "coordinates": [
          -118.199065,
          33.893211
        ]
      },
      "properties": {
        "tract_id": "06037542105",
        "population": 4743,
        "density_per_sqkm": 7607
      }
    },
    {
      "type": "Feature",
      "geometry": {
        "type": "Point",
        "coordinates": [
          -118.365754,
          33.906742
        ]
      },
      "properties": {
        "tract_id": "06037602301",
        "population": 6188,
        "density_per_sqkm": 3464
      }
    },
    {
      "type": "Feature",
      "geometry": {
        "type": "Point",
        "coordinates": [
          -118.123109,
          34.682334
        ]
      },
      "properties": {
        "tract_id": "06037900501",
        "population": 7610,
        "density_per_sqkm": 2441
      }
    },
    {
      "type": "Feature",
      "geometry": {
        "type": "Point",
        "coordinates": [
          -118.464047,
          34.419311
        ]
      },
      "properties": {
        "tract_id": "06037920035",
        "population": 8172,
        "density_per_sqkm": 3313
      }
    },
    {
      "type": "Feature",
      "geometry": {
        "type": "Point",
        "coordinates": [
          -118.19341,
          33.80145
        ]
      },
      "properties": {
        "tract_id": "06037573101",
        "population": 4220,
        "density_per_sqkm": 8011
      }
    },
    {
      "type": "Feature",
      "geometry": {
        "type": "Point",
        "coordinates": [
          -118.435599,
          34.1602
        ]
      },
      "properties": {
        "tract_id": "06037128704",
        "population": 2594,
        "density_per_sqkm": 3114
      }
    },
    {
      "type": "Feature",
      "geometry": {
        "type": "Point",
        "coordinates": [
          -118.525775,
          34.168022
        ]
      },
      "properties": {
        "tract_id": "06037139506",
        "population": 2767,
        "density_per_sqkm": 15162
      }
    },
    {
      "type": "Feature",
      "geometry": {
        "type": "Point",
        "coordinates": [
          -118.432343,
          33.985418
        ]
      },
      "properties": {
        "tract_id": "06037275313",
        "population": 3321,
        "density_per_sqkm": 3424
      }
    },
    {
      "type": "Feature",
      "geometry": {
        "type": "Point",
        "coordinates": [
          -118.407469,
          34.110535
        ]
      },
      "properties": {
        "tract_id": "06037261104",
        "population": 1638,
        "density_per_sqkm": 367
      }
    },
    {
      "type": "Feature",
      "geometry": {
        "type": "Point",
        "coordinates": [
          -118.294161,
          34.242852
        ]
      },
      "properties": {
        "tract_id": "06037101400",
        "population": 3898,
        "density_per_sqkm": 618
      }
    },
    {
      "type": "Feature",
      "geometry": {
        "type": "Point",
        "coordinates": [
          -118.445861,
          34.282148
        ]
      },
      "properties": {
        "tract_id": "06037320300",
        "population": 7230,
        "density_per_sqkm": 4216
      }
    },
    {
      "type": "Feature",
      "geometry": {
        "type": "Point",
        "coordinates": [
          -118.257186,
          34.0832
        ]
      },
      "properties": {
        "tract_id": "06037197420",
        "population": 3376,
        "density_per_sqkm": 5484
      }
    },
    {
      "type": "Feature",
      "geometry": {
        "type": "Point",
        "coordinates": [
          -118.251986,
          34.068331
        ]
      },
      "properties": {
        "tract_id": "06037197600",
        "population": 2431,
        "density_per_sqkm": 6261
      }
    },
    {
      "type": "Feature",
      "geometry": {
        "type": "Point",
        "coordinates": [
          -118.444212,
          34.160208
        ]
      },
      "properties": {
        "tract_id": "06037128703",
        "population": 3317,
        "density_per_sqkm": 4098
      }
    },
    {
      "type": "Feature",
      "geometry": {
        "type": "Point",
        "coordinates": [
          -118.367225,
          33.737746
        ]
      },
      "properties": {
        "tract_id": "06037670604",
        "population": 5356,
        "density_per_sqkm": 518
      }
    },
    {
      "type": "Feature",
      "geometry": {
        "type": "Point",
        "coordinates": [
          -118.330731,
          33.931204
        ]
      },
      "properties": {
        "tract_id": "06037604200",
        "population": 6255,
        "density_per_sqkm": 4978
      }
    },
    {
      "type": "Feature",
      "geometry": {
        "type": "Point",
        "coordinates": [
          -118.383506,
          33.751341
        ]
      },
      "properties": {
        "tract_id": "06037670603",
        "population": 1872,
        "density_per_sqkm": 480
      }
    },
    {
      "type": "Feature",
      "geometry": {
        "type": "Point",
        "coordinates": [
          -118.156757,
          34.682099
        ]
      },
      "properties": {
        "tract_id": "06037900703",
        "population": 4667,
        "density_per_sqkm": 1796
      }
    },
    {
      "type": "Feature",
      "geometry": {
        "type": "Point",
        "coordinates": [
          -118.349317,
          34.162273
        ]
      },
      "properties": {
        "tract_id": "06037311400",
        "population": 2454,
        "density_per_sqkm": 2613
      }
    },
    {
      "type": "Feature",
      "geometry": {
        "type": "Point",
        "coordinates": [
          -118.048442,
          34.060516
        ]
      },
      "properties": {
        "tract_id": "06037433505",
        "population": 4486,
        "density_per_sqkm": 5863
      }
    },
    {
      "type": "Feature",
      "geometry": {
        "type": "Point",
        "coordinates": [
          -118.330207,
          33.896984
        ]
      },
      "properties": {
        "tract_id": "06037603706",
        "population": 3624,
        "density_per_sqkm": 10253
      }
    },
    {
      "type": "Feature",
      "geometry": {
        "type": "Point",
        "coordinates": [
          -118.618026,
          34.411412
        ]
      },
      "properties": {
        "tract_id": "06037920339",
        "population": 8114,
        "density_per_sqkm": 239
      }
    },
    {
      "type": "Feature",
      "geometry": {
        "type": "Point",
        "coordinates": [
          -117.756227,
          34.132846
        ]
      },
      "properties": {
        "tract_id": "06037400209",
        "population": 4775,
        "density_per_sqkm": 722
      }
    },
    {
      "type": "Feature",
      "geometry": {
        "type": "Point",
        "coordinates": [
          -118.243767,
          34.732303
        ]
      },
      "properties": {
        "tract_id": "06037900901",
        "population": 2951,
        "density_per_sqkm": 31
      }
    },
    {
      "type": "Feature",
      "geometry": {
        "type": "Point",
        "coordinates": [
          -118.227249,
          34.78779
        ]
      },
      "properties": {
        "tract_id": "06037900902",
        "population": 1674,
        "density_per_sqkm": 14
      }
    },
    {
      "type": "Feature",
      "geometry": {
        "type": "Point",
        "coordinates": [
          -118.41321,
          34.029687
        ]
      },
      "properties": {
        "tract_id": "06037269908",
        "population": 1861,
        "density_per_sqkm": 11114
      }
    },
    {
      "type": "Feature",
      "geometry": {
        "type": "Point",
        "coordinates": [
          -118.463872,
          34.043421
        ]
      },
      "properties": {
        "tract_id": "06037267406",
        "population": 2180,
        "density_per_sqkm": 10318
      }
    },
    {
      "type": "Feature",
      "geometry": {
        "type": "Point",
        "coordinates": [
          -118.194955,
          33.815293
        ]
      },
      "properties": {
        "tract_id": "06037572201",
        "population": 6141,
        "density_per_sqkm": 3991
      }
    },
    {
      "type": "Feature",
      "geometry": {
        "type": "Point",
        "coordinates": [
          -118.195002,
          33.808024
        ]
      },
      "properties": {
        "tract_id": "06037572202",
        "population": 3848,
        "density_per_sqkm": 2527
      }
    },
    {
      "type": "Feature",
      "geometry": {
        "type": "Point",
        "coordinates": [
          -118.45597,
          34.018291
        ]
      },
      "properties": {
        "tract_id": "06037702300",
        "population": 6603,
        "density_per_sqkm": 2548
      }
    },
    {
      "type": "Feature",
      "geometry": {
        "type": "Point",
        "coordinates": [
          -118.545733,
          34.446251
        ]
      },
      "properties": {
        "tract_id": "06037920110",
        "population": 3098,
        "density_per_sqkm": 2940
      }
    },
    {
      "type": "Feature",
      "geometry": {
        "type": "Point",
        "coordinates": [
          -118.29616,
          34.103583
        ]
      },
      "properties": {
        "tract_id": "06037189201",
        "population": 3256,
        "density_per_sqkm": 9997
      }
    },
    {
      "type": "Feature",
      "geometry": {
        "type": "Point",
        "coordinates": [
          -118.302232,
          34.067188
        ]
      },
      "properties": {
        "tract_id": "06037211803",
        "population": 3602,
        "density_per_sqkm": 25816
      }
    },
    {
      "type": "Feature",
      "geometry": {
        "type": "Point",
        "coordinates": [
          -118.295398,
          34.067222
        ]
      },
      "properties": {
        "tract_id": "06037211922",
        "population": 3182,
        "density_per_sqkm": 34254
      }
    },
    {
      "type": "Feature",
      "geometry": {
        "type": "Point",
        "coordinates": [
          -118.305364,
          34.05607
        ]
      },
      "properties": {
        "tract_id": "06037212501",
        "population": 1944,
        "density_per_sqkm": 24423
      }
    },
    {
      "type": "Feature",
      "geometry": {
        "type": "Point",
        "coordinates": [
          -118.392119,
          34.161248
        ]
      },
      "properties": {
        "tract_id": "06037125102",
        "population": 2280,
        "density_per_sqkm": 3514
      }
    },
    {
      "type": "Feature",
      "geometry": {
        "type": "Point",
        "coordinates": [
          -118.385312,
          33.763053
        ]
      },
      "properties": {
        "tract_id": "06037670406",
        "population": 1857,
        "density_per_sqkm": 1563
      }
    },
    {
      "type": "Feature",
      "geometry": {
        "type": "Point",
        "coordinates": [
          -118.462962,
          34.156307
        ]
      },
      "properties": {
        "tract_id": "06037141305",
        "population": 2986,
        "density_per_sqkm": 4320
      }
    },
    {
      "type": "Feature",
      "geometry": {
        "type": "Point",
        "coordinates": [
          -118.124106,
          34.693202
        ]
      },
      "properties": {
        "tract_id": "06037900607",
        "population": 4263,
        "density_per_sqkm": 2488
      }
    },
    {
      "type": "Feature",
      "geometry": {
        "type": "Point",
        "coordinates": [
          -118.386878,
          33.773572
        ]
      },
      "properties": {
        "tract_id": "06037670407",
        "population": 5913,
        "density_per_sqkm": 4700
      }
    },
    {
      "type": "Feature",
      "geometry": {
        "type": "Point",
        "coordinates": [
          -118.327241,
          34.193635
        ]
      },
      "properties": {
        "tract_id": "06037310601",
        "population": 6085,
        "density_per_sqkm": 5921
      }
    },
    {
      "type": "Feature",
      "geometry": {
        "type": "Point",
        "coordinates": [
          -118.213666,
          33.940733
        ]
      },
      "properties": {
        "tract_id": "06037540201",
        "population": 2113,
        "density_per_sqkm": 8103
      }
    },
    {
      "type": "Feature",
      "geometry": {
        "type": "Point",
        "coordinates": [
          -118.268406,
          33.946945
        ]
      },
      "properties": {
        "tract_id": "06037240600",
        "population": 5457,
        "density_per_sqkm": 8074
      }
    },
    {
      "type": "Feature",
      "geometry": {
        "type": "Point",
        "coordinates": [
          -118.252093,
          33.986406
        ]
      },
      "properties": {
        "tract_id": "06037532800",
        "population": 4204,
        "density_per_sqkm": 7629
      }
    },
    {
      "type": "Feature",
      "geometry": {
        "type": "Point",
        "coordinates": [
          -118.048873,
          33.991186
        ]
      },
      "properties": {
        "tract_id": "06037501302",
        "population": 4476,
        "density_per_sqkm": 3915
      }
    },
    {
      "type": "Feature",
      "geometry": {
        "type": "Point",
        "coordinates": [
          -118.278251,
          34.000881
        ]
      },
      "properties": {
        "tract_id": "06037231902",
        "population": 3166,
        "density_per_sqkm": 9769
      }
    },
    {
      "type": "Feature",
      "geometry": {
        "type": "Point",
        "coordinates": [
          -118.339388,
          33.93435
        ]
      },
      "properties": {
        "tract_id": "06037602003",
        "population": 4759,
        "density_per_sqkm": 7613
      }
    },
    {
      "type": "Feature",
      "geometry": {
        "type": "Point",
        "coordinates": [
          -118.363582,
          33.940082
        ]
      },
      "properties": {
        "tract_id": "06037601502",
        "population": 3374,
        "density_per_sqkm": 6875
      }
    },
    {
      "type": "Feature",
      "geometry": {
        "type": "Point",
        "coordinates": [
          -117.845788,
          34.049275
        ]
      },
      "properties": {
        "tract_id": "06037403409",
        "population": 4210,
        "density_per_sqkm": 899
      }
    },
    {
      "type": "Feature",
      "geometry": {
        "type": "Point",
        "coordinates": [
          -118.345494,
          33.796557
        ]
      },
      "properties": {
        "tract_id": "06037651402",
        "population": 6012,
        "density_per_sqkm": 3289
      }
    },
    {
      "type": "Feature",
      "geometry": {
        "type": "Point",
        "coordinates": [
          -118.62683,
          34.134065
        ]
      },
      "properties": {
        "tract_id": "06037800101",
        "population": 5476,
        "density_per_sqkm": 676
      }
    },
    {
      "type": "Feature",
      "geometry": {
        "type": "Point",
        "coordinates": [
          -118.345602,
          34.06499
        ]
      },
      "properties": {
        "tract_id": "06037215102",
        "population": 3123,
        "density_per_sqkm": 12117
      }
    },
    {
      "type": "Feature",
      "geometry": {
        "type": "Point",
        "coordinates": [
          -118.402944,
          33.78706
        ]
      },
      "properties": {
        "tract_id": "06037670326",
        "population": 3702,
        "density_per_sqkm": 917
      }
    },
    {
      "type": "Feature",
      "geometry": {
        "type": "Point",
        "coordinates": [
          -118.059118,
          34.127054
        ]
      },
      "properties": {
        "tract_id": "06037430724",
        "population": 5252,
        "density_per_sqkm": 9057
      }
    },
    {
      "type": "Feature",
      "geometry": {
        "type": "Point",
        "coordinates": [
          -118.372058,
          34.091848
        ]
      },
      "properties": {
        "tract_id": "06037700300",
        "population": 5754,
        "density_per_sqkm": 9477
      }
    },
    {
      "type": "Feature",
      "geometry": {
        "type": "Point",
        "coordinates": [
          -118.363854,
          33.9348
        ]
      },
      "properties": {
        "tract_id": "06037601600",
        "population": 4164,
        "density_per_sqkm": 4564
      }
    },
    {
      "type": "Feature",
      "geometry": {
        "type": "Point",
        "coordinates": [
          -118.18839,
          34.050877
        ]
      },
      "properties": {
        "tract_id": "06037530801",
        "population": 5511,
        "density_per_sqkm": 7165
      }
    },
    {
      "type": "Feature",
      "geometry": {
        "type": "Point",
        "coordinates": [
          -118.306967,
          34.058642
        ]
      },
      "properties": {
        "tract_id": "06037212502",
        "population": 3363,
        "density_per_sqkm": 11796
      }
    },
    {
      "type": "Feature",
      "geometry": {
        "type": "Point",
        "coordinates": [
          -118.326191,
          34.058515
        ]
      },
      "properties": {
        "tract_id": "06037212702",
        "population": 3687,
        "density_per_sqkm": 4187
      }
    },
    {
      "type": "Feature",
      "geometry": {
        "type": "Point",
        "coordinates": [
          -118.410349,
          34.019472
        ]
      },
      "properties": {
        "tract_id": "06037271803",
        "population": 3039,
        "density_per_sqkm": 13294
      }
    },
    {
      "type": "Feature",
      "geometry": {
        "type": "Point",
        "coordinates": [
          -118.246426,
          34.048858
        ]
      },
      "properties": {
        "tract_id": "06037207306",
        "population": 2227,
        "density_per_sqkm": 13800
      }
    },
    {
      "type": "Feature",
      "geometry": {
        "type": "Point",
        "coordinates": [
          -118.427997,
          34.050791
        ]
      },
      "properties": {
        "tract_id": "06037267101",
        "population": 3142,
        "density_per_sqkm": 6486
      }
    },
    {
      "type": "Feature",
      "geometry": {
        "type": "Point",
        "coordinates": [
          -118.264777,
          34.01764
        ]
      },
      "properties": {
        "tract_id": "06037226701",
        "population": 2969,
        "density_per_sqkm": 7894
      }
    },
    {
      "type": "Feature",
      "geometry": {
        "type": "Point",
        "coordinates": [
          -118.181319,
          34.052279
        ]
      },
      "properties": {
        "tract_id": "06037530802",
        "population": 3240,
        "density_per_sqkm": 5721
      }
    },
    {
      "type": "Feature",
      "geometry": {
        "type": "Point",
        "coordinates": [
          -118.188604,
          34.043275
        ]
      },
      "properties": {
        "tract_id": "06037530901",
        "population": 3674,
        "density_per_sqkm": 8272
      }
    },
    {
      "type": "Feature",
      "geometry": {
        "type": "Point",
        "coordinates": [
          -118.273524,
          33.841065
        ]
      },
      "properties": {
        "tract_id": "06037543801",
        "population": 5093,
        "density_per_sqkm": 2355
      }
    },
    {
      "type": "Feature",
      "geometry": {
        "type": "Point",
        "coordinates": [
          -118.822454,
          34.028467
        ]
      },
      "properties": {
        "tract_id": "06037800411",
        "population": 2415,
        "density_per_sqkm": 267
      }
    },
    {
      "type": "Feature",
      "geometry": {
        "type": "Point",
        "coordinates": [
          -118.253892,
          34.043292
        ]
      },
      "properties": {
        "tract_id": "06037207303",
        "population": 2311,
        "density_per_sqkm": 13055
      }
    },
    {
      "type": "Feature",
      "geometry": {
        "type": "Point",
        "coordinates": [
          -118.457487,
          34.040449
        ]
      },
      "properties": {
        "tract_id": "06037267504",
        "population": 3482,
        "density_per_sqkm": 13586
      }
    },
    {
      "type": "Feature",
      "geometry": {
        "type": "Point",
        "coordinates": [
          -118.072778,
          34.169336
        ]
      },
      "properties": {
        "tract_id": "06037460002",
        "population": 3283,
        "density_per_sqkm": 2096
      }
    },
    {
      "type": "Feature",
      "geometry": {
        "type": "Point",
        "coordinates": [
          -118.376865,
          34.163048
        ]
      },
      "properties": {
        "tract_id": "06037125403",
        "population": 2181,
        "density_per_sqkm": 12957
      }
    },
    {
      "type": "Feature",
      "geometry": {
        "type": "Point",
        "coordinates": [
          -118.523166,
          34.16753
        ]
      },
      "properties": {
        "tract_id": "06037139505",
        "population": 2565,
        "density_per_sqkm": 15158
      }
    },
    {
      "type": "Feature",
      "geometry": {
        "type": "Point",
        "coordinates": [
          -118.576233,
          34.196987
        ]
      },
      "properties": {
        "tract_id": "06037134801",
        "population": 3177,
        "density_per_sqkm": 3476
      }
    },
    {
      "type": "Feature",
      "geometry": {
        "type": "Point",
        "coordinates": [
          -118.522957,
          34.204705
        ]
      },
      "properties": {
        "tract_id": "06037131802",
        "population": 2552,
        "density_per_sqkm": 3871
      }
    },
    {
      "type": "Feature",
      "geometry": {
        "type": "Point",
        "coordinates": [
          -118.30389,
          33.818357
        ]
      },
      "properties": {
        "tract_id": "06037293205",
        "population": 3873,
        "density_per_sqkm": 6094
      }
    },
    {
      "type": "Feature",
      "geometry": {
        "type": "Point",
        "coordinates": [
          -118.232281,
          33.909153
        ]
      },
      "properties": {
        "tract_id": "06037541402",
        "population": 3801,
        "density_per_sqkm": 10986
      }
    },
    {
      "type": "Feature",
      "geometry": {
        "type": "Point",
        "coordinates": [
          -118.100805,
          34.580025
        ]
      },
      "properties": {
        "tract_id": "06037910502",
        "population": 4481,
        "density_per_sqkm": 2236
      }
    },
    {
      "type": "Feature",
      "geometry": {
        "type": "Point",
        "coordinates": [
          -118.225456,
          34.049924
        ]
      },
      "properties": {
        "tract_id": "06037206054",
        "population": 2670,
        "density_per_sqkm": 6724
      }
    },
    {
      "type": "Feature",
      "geometry": {
        "type": "Point",
        "coordinates": [
          -118.348737,
          34.055033
        ]
      },
      "properties": {
        "tract_id": "06037216202",
        "population": 2838,
        "density_per_sqkm": 5647
      }
    },
    {
      "type": "Feature",
      "geometry": {
        "type": "Point",
        "coordinates": [
          -118.357509,
          34.059062
        ]
      },
      "properties": {
        "tract_id": "06037216302",
        "population": 3551,
        "density_per_sqkm": 5009
      }
    },
    {
      "type": "Feature",
      "geometry": {
        "type": "Point",
        "coordinates": [
          -118.633987,
          34.176533
        ]
      },
      "properties": {
        "tract_id": "06037137301",
        "population": 2238,
        "density_per_sqkm": 1398
      }
    },
    {
      "type": "Feature",
      "geometry": {
        "type": "Point",
        "coordinates": [
          -118.31139,
          34.099977
        ]
      },
      "properties": {
        "tract_id": "06037190510",
        "population": 4362,
        "density_per_sqkm": 13700
      }
    },
    {
      "type": "Feature",
      "geometry": {
        "type": "Point",
        "coordinates": [
          -118.303805,
          34.099933
        ]
      },
      "properties": {
        "tract_id": "06037190520",
        "population": 3489,
        "density_per_sqkm": 14302
      }
    },
    {
      "type": "Feature",
      "geometry": {
        "type": "Point",
        "coordinates": [
          -118.319013,
          34.094395
        ]
      },
      "properties": {
        "tract_id": "06037190902",
        "population": 3608,
        "density_per_sqkm": 7409
      }
    },
    {
      "type": "Feature",
      "geometry": {
        "type": "Point",
        "coordinates": [
          -118.321677,
          34.100955
        ]
      },
      "properties": {
        "tract_id": "06037191000",
        "population": 5893,
        "density_per_sqkm": 9084
      }
    },
    {
      "type": "Feature",
      "geometry": {
        "type": "Point",
        "coordinates": [
          -118.304941,
          34.096584
        ]
      },
      "properties": {
        "tract_id": "06037191110",
        "population": 3141,
        "density_per_sqkm": 11516
      }
    },
    {
      "type": "Feature",
      "geometry": {
        "type": "Point",
        "coordinates": [
          -118.304794,
          34.092929
        ]
      },
      "properties": {
        "tract_id": "06037191120",
        "population": 3801,
        "density_per_sqkm": 10012
      }
    },
    {
      "type": "Feature",
      "geometry": {
        "type": "Point",
        "coordinates": [
          -118.296173,
          34.098577
        ]
      },
      "properties": {
        "tract_id": "06037191201",
        "population": 4072,
        "density_per_sqkm": 7115
      }
    },
    {
      "type": "Feature",
      "geometry": {
        "type": "Point",
        "coordinates": [
          -118.288103,
          34.085121
        ]
      },
      "properties": {
        "tract_id": "06037191420",
        "population": 2837,
        "density_per_sqkm": 12488
      }
    },
    {
      "type": "Feature",
      "geometry": {
        "type": "Point",
        "coordinates": [
          -118.257198,
          34.065519
        ]
      },
      "properties": {
        "tract_id": "06037208002",
        "population": 4113,
        "density_per_sqkm": 10408
      }
    },
    {
      "type": "Feature",
      "geometry": {
        "type": "Point",
        "coordinates": [
          -118.332656,
          34.099784
        ]
      },
      "properties": {
        "tract_id": "06037190701",
        "population": 1867,
        "density_per_sqkm": 4219
      }
    },
    {
      "type": "Feature",
      "geometry": {
        "type": "Point",
        "coordinates": [
          -118.24032,
          34.046732
        ]
      },
      "properties": {
        "tract_id": "06037206202",
        "population": 3035,
        "density_per_sqkm": 8031
      }
    },
    {
      "type": "Feature",
      "geometry": {
        "type": "Point",
        "coordinates": [
          -118.250654,
          34.044601
        ]
      },
      "properties": {
        "tract_id": "06037207308",
        "population": 1407,
        "density_per_sqkm": 30644
      }
    },
    {
      "type": "Feature",
      "geometry": {
        "type": "Point",
        "coordinates": [
          -118.244002,
          34.047487
        ]
      },
      "properties": {
        "tract_id": "06037206201",
        "population": 2647,
        "density_per_sqkm": 13180
      }
    },
    {
      "type": "Feature",
      "geometry": {
        "type": "Point",
        "coordinates": [
          -118.381148,
          34.081299
        ]
      },
      "properties": {
        "tract_id": "06037700400",
        "population": 5140,
        "density_per_sqkm": 3906
      }
    },
    {
      "type": "Feature",
      "geometry": {
        "type": "Point",
        "coordinates": [
          -118.601832,
          34.118875
        ]
      },
      "properties": {
        "tract_id": "06037800103",
        "population": 3540,
        "density_per_sqkm": 192
      }
    },
    {
      "type": "Feature",
      "geometry": {
        "type": "Point",
        "coordinates": [
          -118.346823,
          34.096165
        ]
      },
      "properties": {
        "tract_id": "06037189906",
        "population": 2746,
        "density_per_sqkm": 13542
      }
    },
    {
      "type": "Feature",
      "geometry": {
        "type": "Point",
        "coordinates": [
          -118.460321,
          34.246548
        ]
      },
      "properties": {
        "tract_id": "06037117102",
        "population": 2733,
        "density_per_sqkm": 2647
      }
    },
    {
      "type": "Feature",
      "geometry": {
        "type": "Point",
        "coordinates": [
          -118.173451,
          34.053334
        ]
      },
      "properties": {
        "tract_id": "06037530603",
        "population": 4440,
        "density_per_sqkm": 3589
      }
    },
    {
      "type": "Feature",
      "geometry": {
        "type": "Point",
        "coordinates": [
          -118.200932,
          34.049893
        ]
      },
      "properties": {
        "tract_id": "06037203710",
        "population": 3087,
        "density_per_sqkm": 10944
      }
    },
    {
      "type": "Feature",
      "geometry": {
        "type": "Point",
        "coordinates": [
          -118.20315,
          34.046894
        ]
      },
      "properties": {
        "tract_id": "06037203720",
        "population": 3580,
        "density_per_sqkm": 11151
      }
    },
    {
      "type": "Feature",
      "geometry": {
        "type": "Point",
        "coordinates": [
          -118.247624,
          34.043663
        ]
      },
      "properties": {
        "tract_id": "06037206301",
        "population": 2074,
        "density_per_sqkm": 15312
      }
    },
    {
      "type": "Feature",
      "geometry": {
        "type": "Point",
        "coordinates": [
          -118.818151,
          34.144181
        ]
      },
      "properties": {
        "tract_id": "06037800325",
        "population": 3387,
        "density_per_sqkm": 1677
      }
    },
    {
      "type": "Feature",
      "geometry": {
        "type": "Point",
        "coordinates": [
          -118.400835,
          34.090202
        ]
      },
      "properties": {
        "tract_id": "06037700600",
        "population": 5032,
        "density_per_sqkm": 885
      }
    },
    {
      "type": "Feature",
      "geometry": {
        "type": "Point",
        "coordinates": [
          -118.335406,
          34.202677
        ]
      },
      "properties": {
        "tract_id": "06037310400",
        "population": 3555,
        "density_per_sqkm": 2527
      }
    },
    {
      "type": "Feature",
      "geometry": {
        "type": "Point",
        "coordinates": [
          -118.422624,
          33.90284
        ]
      },
      "properties": {
        "tract_id": "06037620201",
        "population": 1550,
        "density_per_sqkm": 6751
      }
    },
    {
      "type": "Feature",
      "geometry": {
        "type": "Point",
        "coordinates": [
          -118.160575,
          34.119368
        ]
      },
      "properties": {
        "tract_id": "06037480602",
        "population": 4183,
        "density_per_sqkm": 2564
      }
    },
    {
      "type": "Feature",
      "geometry": {
        "type": "Point",
        "coordinates": [
          -118.19501,
          34.206241
        ]
      },
      "properties": {
        "tract_id": "06037460502",
        "population": 4495,
        "density_per_sqkm": 1719
      }
    },
    {
      "type": "Feature",
      "geometry": {
        "type": "Point",
        "coordinates": [
          -118.071603,
          33.922096
        ]
      },
      "properties": {
        "tract_id": "06037555300",
        "population": 3980,
        "density_per_sqkm": 2324
      }
    },
    {
      "type": "Feature",
      "geometry": {
        "type": "Point",
        "coordinates": [
          -118.16195,
          33.925537
        ]
      },
      "properties": {
        "tract_id": "06037980012",
        "population": 0,
        "density_per_sqkm": 0
      }
    },
    {
      "type": "Feature",
      "geometry": {
        "type": "Point",
        "coordinates": [
          -118.338361,
          34.090683
        ]
      },
      "properties": {
        "tract_id": "06037191901",
        "population": 3563,
        "density_per_sqkm": 4608
      }
    },
    {
      "type": "Feature",
      "geometry": {
        "type": "Point",
        "coordinates": [
          -118.400875,
          34.170244
        ]
      },
      "properties": {
        "tract_id": "06037124902",
        "population": 2893,
        "density_per_sqkm": 8544
      }
    },
    {
      "type": "Feature",
      "geometry": {
        "type": "Point",
        "coordinates": [
          -118.125594,
          34.071903
        ]
      },
      "properties": {
        "tract_id": "06037481605",
        "population": 3178,
        "density_per_sqkm": 4155
      }
    },
    {
      "type": "Feature",
      "geometry": {
        "type": "Point",
        "coordinates": [
          -118.125985,
          34.07645
        ]
      },
      "properties": {
        "tract_id": "06037481606",
        "population": 4824,
        "density_per_sqkm": 5596
      }
    },
    {
      "type": "Feature",
      "geometry": {
        "type": "Point",
        "coordinates": [
          -118.175271,
          33.983738
        ]
      },
      "properties": {
        "tract_id": "06037533703",
        "population": 4022,
        "density_per_sqkm": 7140
      }
    },
    {
      "type": "Feature",
      "geometry": {
        "type": "Point",
        "coordinates": [
          -118.427465,
          34.435608
        ]
      },
      "properties": {
        "tract_id": "06037920040",
        "population": 5045,
        "density_per_sqkm": 1704
      }
    },
    {
      "type": "Feature",
      "geometry": {
        "type": "Point",
        "coordinates": [
          -118.197125,
          34.103959
        ]
      },
      "properties": {
        "tract_id": "06037183820",
        "population": 3626,
        "density_per_sqkm": 11748
      }
    },
    {
      "type": "Feature",
      "geometry": {
        "type": "Point",
        "coordinates": [
          -118.104674,
          33.923943
        ]
      },
      "properties": {
        "tract_id": "06037550301",
        "population": 4147,
        "density_per_sqkm": 2615
      }
    },
    {
      "type": "Feature",
      "geometry": {
        "type": "Point",
        "coordinates": [
          -118.259351,
          33.932498
        ]
      },
      "properties": {
        "tract_id": "06037240901",
        "population": 2697,
        "density_per_sqkm": 7819
      }
    },
    {
      "type": "Feature",
      "geometry": {
        "type": "Point",
        "coordinates": [
          -118.27829,
          33.784876
        ]
      },
      "properties": {
        "tract_id": "06037294302",
        "population": 4513,
        "density_per_sqkm": 5371
      }
    },
    {
      "type": "Feature",
      "geometry": {
        "type": "Point",
        "coordinates": [
          -118.29755,
          33.790275
        ]
      },
      "properties": {
        "tract_id": "06037294421",
        "population": 2794,
        "density_per_sqkm": 4150
      }
    },
    {
      "type": "Feature",
      "geometry": {
        "type": "Point",
        "coordinates": [
          -118.254908,
          33.778009
        ]
      },
      "properties": {
        "tract_id": "06037294701",
        "population": 3110,
        "density_per_sqkm": 1773
      }
    },
    {
      "type": "Feature",
      "geometry": {
        "type": "Point",
        "coordinates": [
          -118.283723,
          33.985755
        ]
      },
      "properties": {
        "tract_id": "06037237102",
        "population": 3625,
        "density_per_sqkm": 7881
      }
    },
    {
      "type": "Feature",
      "geometry": {
        "type": "Point",
        "coordinates": [
          -118.462973,
          34.233741
        ]
      },
      "properties": {
        "tract_id": "06037117510",
        "population": 4181,
        "density_per_sqkm": 12647
      }
    },
    {
      "type": "Feature",
      "geometry": {
        "type": "Point",
        "coordinates": [
          -118.178731,
          33.772239
        ]
      },
      "properties": {
        "tract_id": "06037576501",
        "population": 3094,
        "density_per_sqkm": 10619
      }
    },
    {
      "type": "Feature",
      "geometry": {
        "type": "Point",
        "coordinates": [
          -118.271495,
          33.779527
        ]
      },
      "properties": {
        "tract_id": "06037294810",
        "population": 3729,
        "density_per_sqkm": 11636
      }
    },
    {
      "type": "Feature",
      "geometry": {
        "type": "Point",
        "coordinates": [
          -118.314169,
          33.741773
        ]
      },
      "properties": {
        "tract_id": "06037296401",
        "population": 3176,
        "density_per_sqkm": 3218
      }
    },
    {
      "type": "Feature",
      "geometry": {
        "type": "Point",
        "coordinates": [
          -118.285716,
          33.949918
        ]
      },
      "properties": {
        "tract_id": "06037240401",
        "population": 5493,
        "density_per_sqkm": 7926
      }
    },
    {
      "type": "Feature",
      "geometry": {
        "type": "Point",
        "coordinates": [
          -118.54151,
          34.041281
        ]
      },
      "properties": {
        "tract_id": "06037262704",
        "population": 3651,
        "density_per_sqkm": 1875
      }
    },
    {
      "type": "Feature",
      "geometry": {
        "type": "Point",
        "coordinates": [
          -118.469377,
          34.059508
        ]
      },
      "properties": {
        "tract_id": "06037264102",
        "population": 3064,
        "density_per_sqkm": 7728
      }
    },
    {
      "type": "Feature",
      "geometry": {
        "type": "Point",
        "coordinates": [
          -118.364441,
          33.969298
        ]
      },
      "properties": {
        "tract_id": "06037601302",
        "population": 6785,
        "density_per_sqkm": 5563
      }
    },
    {
      "type": "Feature",
      "geometry": {
        "type": "Point",
        "coordinates": [
          -117.843308,
          34.630476
        ]
      },
      "properties": {
        "tract_id": "06037900103",
        "population": 6708,
        "density_per_sqkm": 336
      }
    },
    {
      "type": "Feature",
      "geometry": {
        "type": "Point",
        "coordinates": [
          -117.844829,
          34.587211
        ]
      },
      "properties": {
        "tract_id": "06037900104",
        "population": 6556,
        "density_per_sqkm": 155
      }
    },
    {
      "type": "Feature",
      "geometry": {
        "type": "Point",
        "coordinates": [
          -118.169815,
          33.778973
        ]
      },
      "properties": {
        "tract_id": "06037576403",
        "population": 4830,
        "density_per_sqkm": 14883
      }
    },
    {
      "type": "Feature",
      "geometry": {
        "type": "Point",
        "coordinates": [
          -118.174091,
          33.771918
        ]
      },
      "properties": {
        "tract_id": "06037576502",
        "population": 4190,
        "density_per_sqkm": 13621
      }
    },
    {
      "type": "Feature",
      "geometry": {
        "type": "Point",
        "coordinates": [
          -118.178291,
          33.749173
        ]
      },
      "properties": {
        "tract_id": "06037576602",
        "population": 4403,
        "density_per_sqkm": 8256
      }
    },
    {
      "type": "Feature",
      "geometry": {
        "type": "Point",
        "coordinates": [
          -118.162622,
          33.756096
        ]
      },
      "properties": {
        "tract_id": "06037576700",
        "population": 4153,
        "density_per_sqkm": 4915
      }
    },
    {
      "type": "Feature",
      "geometry": {
        "type": "Point",
        "coordinates": [
          -118.341536,
          33.976979
        ]
      },
      "properties": {
        "tract_id": "06037600912",
        "population": 5174,
        "density_per_sqkm": 4769
      }
    },
    {
      "type": "Feature",
      "geometry": {
        "type": "Point",
        "coordinates": [
          -118.348687,
          33.964325
        ]
      },
      "properties": {
        "tract_id": "06037601001",
        "population": 2274,
        "density_per_sqkm": 2572
      }
    },
    {
      "type": "Feature",
      "geometry": {
        "type": "Point",
        "coordinates": [
          -118.348231,
          33.949082
        ]
      },
      "properties": {
        "tract_id": "06037601100",
        "population": 6159,
        "density_per_sqkm": 9615
      }
    },
    {
      "type": "Feature",
      "geometry": {
        "type": "Point",
        "coordinates": [
          -117.725418,
          34.07808
        ]
      },
      "properties": {
        "tract_id": "06037402703",
        "population": 4880,
        "density_per_sqkm": 4557
      }
    },
    {
      "type": "Feature",
      "geometry": {
        "type": "Point",
        "coordinates": [
          -118.256188,
          33.918133
        ]
      },
      "properties": {
        "tract_id": "06037540800",
        "population": 6321,
        "density_per_sqkm": 3188
      }
    },
    {
      "type": "Feature",
      "geometry": {
        "type": "Point",
        "coordinates": [
          -118.370061,
          33.959058
        ]
      },
      "properties": {
        "tract_id": "06037601401",
        "population": 5012,
        "density_per_sqkm": 3186
      }
    },
    {
      "type": "Feature",
      "geometry": {
        "type": "Point",
        "coordinates": [
          -117.881904,
          34.025487
        ]
      },
      "properties": {
        "tract_id": "06037403408",
        "population": 6022,
        "density_per_sqkm": 1907
      }
    },
    {
      "type": "Feature",
      "geometry": {
        "type": "Point",
        "coordinates": [
          -118.217063,
          34.09506
        ]
      },
      "properties": {
        "tract_id": "06037185202",
        "population": 3682,
        "density_per_sqkm": 3054
      }
    },
    {
      "type": "Feature",
      "geometry": {
        "type": "Point",
        "coordinates": [
          -117.912101,
          34.092194
        ]
      },
      "properties": {
        "tract_id": "06037405702",
        "population": 5285,
        "density_per_sqkm": 3839
      }
    },
    {
      "type": "Feature",
      "geometry": {
        "type": "Point",
        "coordinates": [
          -118.210062,
          33.948087
        ]
      },
      "properties": {
        "tract_id": "06037535803",
        "population": 4242,
        "density_per_sqkm": 10032
      }
    },
    {
      "type": "Feature",
      "geometry": {
        "type": "Point",
        "coordinates": [
          -118.225285,
          33.947656
        ]
      },
      "properties": {
        "tract_id": "06037535606",
        "population": 1833,
        "density_per_sqkm": 9866
      }
    },
    {
      "type": "Feature",
      "geometry": {
        "type": "Point",
        "coordinates": [
          -118.203367,
          33.947603
        ]
      },
      "properties": {
        "tract_id": "06037535804",
        "population": 5209,
        "density_per_sqkm": 10613
      }
    },
    {
      "type": "Feature",
      "geometry": {
        "type": "Point",
        "coordinates": [
          -118.194008,
          33.946208
        ]
      },
      "properties": {
        "tract_id": "06037535901",
        "population": 5682,
        "density_per_sqkm": 6761
      }
    },
    {
      "type": "Feature",
      "geometry": {
        "type": "Point",
        "coordinates": [
          -118.191892,
          33.954872
        ]
      },
      "properties": {
        "tract_id": "06037536000",
        "population": 3471,
        "density_per_sqkm": 2656
      }
    },
    {
      "type": "Feature",
      "geometry": {
        "type": "Point",
        "coordinates": [
          -118.122175,
          33.754898
        ]
      },
      "properties": {
        "tract_id": "06037577501",
        "population": 3440,
        "density_per_sqkm": 4177
      }
    },
    {
      "type": "Feature",
      "geometry": {
        "type": "Point",
        "coordinates": [
          -118.31926,
          34.108923
        ]
      },
      "properties": {
        "tract_id": "06037189501",
        "population": 2183,
        "density_per_sqkm": 6365
      }
    },
    {
      "type": "Feature",
      "geometry": {
        "type": "Point",
        "coordinates": [
          -118.30216,
          33.740229
        ]
      },
      "properties": {
        "tract_id": "06037609900",
        "population": 1804,
        "density_per_sqkm": 3392
      }
    },
    {
      "type": "Feature",
      "geometry": {
        "type": "Point",
        "coordinates": [
          -118.09007,
          34.153798
        ]
      },
      "properties": {
        "tract_id": "06037462900",
        "population": 3775,
        "density_per_sqkm": 1610
      }
    },
    {
      "type": "Feature",
      "geometry": {
        "type": "Point",
        "coordinates": [
          -118.404155,
          33.920029
        ]
      },
      "properties": {
        "tract_id": "06037620002",
        "population": 3629,
        "density_per_sqkm": 3063
      }
    },
    {
      "type": "Feature",
      "geometry": {
        "type": "Point",
        "coordinates": [
          -118.419701,
          33.927525
        ]
      },
      "properties": {
        "tract_id": "06037620101",
        "population": 5667,
        "density_per_sqkm": 4193
      }
    },
    {
      "type": "Feature",
      "geometry": {
        "type": "Point",
        "coordinates": [
          -118.418063,
          33.920194
        ]
      },
      "properties": {
        "tract_id": "06037620102",
        "population": 3885,
        "density_per_sqkm": 4456
      }
    },
    {
      "type": "Feature",
      "geometry": {
        "type": "Point",
        "coordinates": [
          -118.204147,
          33.960182
        ]
      },
      "properties": {
        "tract_id": "06037535701",
        "population": 6001,
        "density_per_sqkm": 7778
      }
    },
    {
      "type": "Feature",
      "geometry": {
        "type": "Point",
        "coordinates": [
          -118.205028,
          33.954281
        ]
      },
      "properties": {
        "tract_id": "06037535702",
        "population": 5429,
        "density_per_sqkm": 5570
      }
    },
    {
      "type": "Feature",
      "geometry": {
        "type": "Point",
        "coordinates": [
          -118.207525,
          33.940862
        ]
      },
      "properties": {
        "tract_id": "06037535802",
        "population": 6481,
        "density_per_sqkm": 8149
      }
    },
    {
      "type": "Feature",
      "geometry": {
        "type": "Point",
        "coordinates": [
          -117.984695,
          34.14524
        ]
      },
      "properties": {
        "tract_id": "06037431002",
        "population": 3246,
        "density_per_sqkm": 2404
      }
    },
    {
      "type": "Feature",
      "geometry": {
        "type": "Point",
        "coordinates": [
          -118.288445,
          34.112689
        ]
      },
      "properties": {
        "tract_id": "06037189102",
        "population": 3316,
        "density_per_sqkm": 5227
      }
    },
    {
      "type": "Feature",
      "geometry": {
        "type": "Point",
        "coordinates": [
          -118.295755,
          34.111332
        ]
      },
      "properties": {
        "tract_id": "06037189202",
        "population": 2775,
        "density_per_sqkm": 2682
      }
    },
    {
      "type": "Feature",
      "geometry": {
        "type": "Point",
        "coordinates": [
          -118.184202,
          34.10547
        ]
      },
      "properties": {
        "tract_id": "06037183702",
        "population": 2669,
        "density_per_sqkm": 3095
      }
    },
    {
      "type": "Feature",
      "geometry": {
        "type": "Point",
        "coordinates": [
          -118.329916,
          34.09436
        ]
      },
      "properties": {
        "tract_id": "06037190802",
        "population": 2794,
        "density_per_sqkm": 5740
      }
    },
    {
      "type": "Feature",
      "geometry": {
        "type": "Point",
        "coordinates": [
          -118.286585,
          34.092334
        ]
      },
      "properties": {
        "tract_id": "06037191301",
        "population": 2076,
        "density_per_sqkm": 7590
      }
    },
    {
      "type": "Feature",
      "geometry": {
        "type": "Point",
        "coordinates": [
          -118.288404,
          34.096228
        ]
      },
      "properties": {
        "tract_id": "06037191302",
        "population": 2192,
        "density_per_sqkm": 5188
      }
    },
    {
      "type": "Feature",
      "geometry": {
        "type": "Point",
        "coordinates": [
          -118.490676,
          34.210632
        ]
      },
      "properties": {
        "tract_id": "06037980008",
        "population": 465,
        "density_per_sqkm": 138
      }
    },
    {
      "type": "Feature",
      "geometry": {
        "type": "Point",
        "coordinates": [
          -118.450311,
          33.957228
        ]
      },
      "properties": {
        "tract_id": "06037278102",
        "population": 2958,
        "density_per_sqkm": 1763
      }
    },
    {
      "type": "Feature",
      "geometry": {
        "type": "Point",
        "coordinates": [
          -118.279553,
          33.794662
        ]
      },
      "properties": {
        "tract_id": "06037294301",
        "population": 2501,
        "density_per_sqkm": 3508
      }
    },
    {
      "type": "Feature",
      "geometry": {
        "type": "Point",
        "coordinates": [
          -118.174848,
          34.134055
        ]
      },
      "properties": {
        "tract_id": "06037463800",
        "population": 3953,
        "density_per_sqkm": 1390
      }
    },
    {
      "type": "Feature",
      "geometry": {
        "type": "Point",
        "coordinates": [
          -118.333971,
          33.919564
        ]
      },
      "properties": {
        "tract_id": "06037602513",
        "population": 1590,
        "density_per_sqkm": 890
      }
    },
    {
      "type": "Feature",
      "geometry": {
        "type": "Point",
        "coordinates": [
          -118.410186,
          34.011468
        ]
      },
      "properties": {
        "tract_id": "06037702801",
        "population": 5272,
        "density_per_sqkm": 4415
      }
    },
    {
      "type": "Feature",
      "geometry": {
        "type": "Point",
        "coordinates": [
          -118.257062,
          34.021842
        ]
      },
      "properties": {
        "tract_id": "06037226420",
        "population": 5026,
        "density_per_sqkm": 11772
      }
    },
    {
      "type": "Feature",
      "geometry": {
        "type": "Point",
        "coordinates": [
          -118.115446,
          34.180972
        ]
      },
      "properties": {
        "tract_id": "06037461200",
        "population": 4555,
        "density_per_sqkm": 1855
      }
    },
    {
      "type": "Feature",
      "geometry": {
        "type": "Point",
        "coordinates": [
          -118.335535,
          34.103402
        ]
      },
      "properties": {
        "tract_id": "06037190202",
        "population": 3568,
        "density_per_sqkm": 16880
      }
    },
    {
      "type": "Feature",
      "geometry": {
        "type": "Point",
        "coordinates": [
          -118.239272,
          34.064482
        ]
      },
      "properties": {
        "tract_id": "06037207103",
        "population": 2099,
        "density_per_sqkm": 6476
      }
    },
    {
      "type": "Feature",
      "geometry": {
        "type": "Point",
        "coordinates": [
          -118.311578,
          34.063511
        ]
      },
      "properties": {
        "tract_id": "06037211704",
        "population": 2941,
        "density_per_sqkm": 15902
      }
    },
    {
      "type": "Feature",
      "geometry": {
        "type": "Point",
        "coordinates": [
          -118.462162,
          34.03755
        ]
      },
      "properties": {
        "tract_id": "06037267502",
        "population": 3217,
        "density_per_sqkm": 7400
      }
    },
    {
      "type": "Feature",
      "geometry": {
        "type": "Point",
        "coordinates": [
          -118.391949,
          34.232152
        ]
      },
      "properties": {
        "tract_id": "06037121222",
        "population": 5376,
        "density_per_sqkm": 4027
      }
    },
    {
      "type": "Feature",
      "geometry": {
        "type": "Point",
        "coordinates": [
          -118.383412,
          34.188492
        ]
      },
      "properties": {
        "tract_id": "06037124103",
        "population": 1857,
        "density_per_sqkm": 5732
      }
    },
    {
      "type": "Feature",
      "geometry": {
        "type": "Point",
        "coordinates": [
          -118.383406,
          34.181229
        ]
      },
      "properties": {
        "tract_id": "06037124105",
        "population": 2425,
        "density_per_sqkm": 7472
      }
    },
    {
      "type": "Feature",
      "geometry": {
        "type": "Point",
        "coordinates": [
          -118.374665,
          34.177604
        ]
      },
      "properties": {
        "tract_id": "06037124203",
        "population": 2450,
        "density_per_sqkm": 7556
      }
    },
    {
      "type": "Feature",
      "geometry": {
        "type": "Point",
        "coordinates": [
          -118.400868,
          34.16661
        ]
      },
      "properties": {
        "tract_id": "06037124903",
        "population": 3630,
        "density_per_sqkm": 11657
      }
    },
    {
      "type": "Feature",
      "geometry": {
        "type": "Point",
        "coordinates": [
          -118.479799,
          34.199316
        ]
      },
      "properties": {
        "tract_id": "06037127604",
        "population": 3194,
        "density_per_sqkm": 7350
      }
    },
    {
      "type": "Feature",
      "geometry": {
        "type": "Point",
        "coordinates": [
          -118.232227,
          33.877674
        ]
      },
      "properties": {
        "tract_id": "06037543203",
        "population": 4873,
        "density_per_sqkm": 1335
      }
    },
    {
      "type": "Feature",
      "geometry": {
        "type": "Point",
        "coordinates": [
          -117.819972,
          34.055786
        ]
      },
      "properties": {
        "tract_id": "06037402404",
        "population": 2303,
        "density_per_sqkm": 563
      }
    },
    {
      "type": "Feature",
      "geometry": {
        "type": "Point",
        "coordinates": [
          -118.477806,
          34.190263
        ]
      },
      "properties": {
        "tract_id": "06037127606",
        "population": 3253,
        "density_per_sqkm": 5983
      }
    },
    {
      "type": "Feature",
      "geometry": {
        "type": "Point",
        "coordinates": [
          -118.470095,
          34.197418
        ]
      },
      "properties": {
        "tract_id": "06037127712",
        "population": 3894,
        "density_per_sqkm": 6831
      }
    },
    {
      "type": "Feature",
      "geometry": {
        "type": "Point",
        "coordinates": [
          -118.557891,
          34.204664
        ]
      },
      "properties": {
        "tract_id": "06037131701",
        "population": 4794,
        "density_per_sqkm": 7267
      }
    },
    {
      "type": "Feature",
      "geometry": {
        "type": "Point",
        "coordinates": [
          -117.813261,
          34.050286
        ]
      },
      "properties": {
        "tract_id": "06037402403",
        "population": 5272,
        "density_per_sqkm": 2594
      }
    },
    {
      "type": "Feature",
      "geometry": {
        "type": "Point",
        "coordinates": [
          -118.164281,
          33.771579
        ]
      },
      "properties": {
        "tract_id": "06037576801",
        "population": 4286,
        "density_per_sqkm": 8335
      }
    },
    {
      "type": "Feature",
      "geometry": {
        "type": "Point",
        "coordinates": [
          -118.157727,
          33.771786
        ]
      },
      "properties": {
        "tract_id": "06037576802",
        "population": 3989,
        "density_per_sqkm": 8527
      }
    },
    {
      "type": "Feature",
      "geometry": {
        "type": "Point",
        "coordinates": [
          -118.164632,
          33.779138
        ]
      },
      "properties": {
        "tract_id": "06037576901",
        "population": 5366,
        "density_per_sqkm": 12061
      }
    },
    {
      "type": "Feature",
      "geometry": {
        "type": "Point",
        "coordinates": [
          -118.139862,
          33.778717
        ]
      },
      "properties": {
        "tract_id": "06037577000",
        "population": 7264,
        "density_per_sqkm": 3935
      }
    },
    {
      "type": "Feature",
      "geometry": {
        "type": "Point",
        "coordinates": [
          -118.148065,
          33.770793
        ]
      },
      "properties": {
        "tract_id": "06037577100",
        "population": 7051,
        "density_per_sqkm": 5801
      }
    },
    {
      "type": "Feature",
      "geometry": {
        "type": "Point",
        "coordinates": [
          -117.985485,
          33.906948
        ]
      },
      "properties": {
        "tract_id": "06037503704",
        "population": 4598,
        "density_per_sqkm": 3057
      }
    },
    {
      "type": "Feature",
      "geometry": {
        "type": "Point",
        "coordinates": [
          -118.163644,
          33.915489
        ]
      },
      "properties": {
        "tract_id": "06037536202",
        "population": 3949,
        "density_per_sqkm": 4272
      }
    },
    {
      "type": "Feature",
      "geometry": {
        "type": "Point",
        "coordinates": [
          -118.152757,
          33.752259
        ]
      },
      "properties": {
        "tract_id": "06037577200",
        "population": 5750,
        "density_per_sqkm": 5847
      }
    },
    {
      "type": "Feature",
      "geometry": {
        "type": "Point",
        "coordinates": [
          -118.395233,
          33.846006
        ]
      },
      "properties": {
        "tract_id": "06037621204",
        "population": 3110,
        "density_per_sqkm": 2720
      }
    },
    {
      "type": "Feature",
      "geometry": {
        "type": "Point",
        "coordinates": [
          -118.391278,
          33.834125
        ]
      },
      "properties": {
        "tract_id": "06037621324",
        "population": 3849,
        "density_per_sqkm": 6018
      }
    },
    {
      "type": "Feature",
      "geometry": {
        "type": "Point",
        "coordinates": [
          -118.39153,
          33.82198
        ]
      },
      "properties": {
        "tract_id": "06037621326",
        "population": 3348,
        "density_per_sqkm": 4526
      }
    },
    {
      "type": "Feature",
      "geometry": {
        "type": "Point",
        "coordinates": [
          -118.330557,
          33.877151
        ]
      },
      "properties": {
        "tract_id": "06037650004",
        "population": 4262,
        "density_per_sqkm": 5640
      }
    },
    {
      "type": "Feature",
      "geometry": {
        "type": "Point",
        "coordinates": [
          -117.993231,
          33.896283
        ]
      },
      "properties": {
        "tract_id": "06037503801",
        "population": 4085,
        "density_per_sqkm": 3190
      }
    },
    {
      "type": "Feature",
      "geometry": {
        "type": "Point",
        "coordinates": [
          -118.003563,
          33.898287
        ]
      },
      "properties": {
        "tract_id": "06037503802",
        "population": 5139,
        "density_per_sqkm": 3879
      }
    },
    {
      "type": "Feature",
      "geometry": {
        "type": "Point",
        "coordinates": [
          -118.40818,
          33.755532
        ]
      },
      "properties": {
        "tract_id": "06037670416",
        "population": 4074,
        "density_per_sqkm": 1142
      }
    },
    {
      "type": "Feature",
      "geometry": {
        "type": "Point",
        "coordinates": [
          -118.256283,
          33.816142
        ]
      },
      "properties": {
        "tract_id": "06037543905",
        "population": 4344,
        "density_per_sqkm": 1584
      }
    },
    {
      "type": "Feature",
      "geometry": {
        "type": "Point",
        "coordinates": [
          -118.21598,
          33.840108
        ]
      },
      "properties": {
        "tract_id": "06037544001",
        "population": 4689,
        "density_per_sqkm": 2529
      }
    },
    {
      "type": "Feature",
      "geometry": {
        "type": "Point",
        "coordinates": [
          -118.216045,
          33.830431
        ]
      },
      "properties": {
        "tract_id": "06037544002",
        "population": 3172,
        "density_per_sqkm": 1985
      }
    },
    {
      "type": "Feature",
      "geometry": {
        "type": "Point",
        "coordinates": [
          -118.014542,
          34.134872
        ]
      },
      "properties": {
        "tract_id": "06037430902",
        "population": 5175,
        "density_per_sqkm": 4394
      }
    },
    {
      "type": "Feature",
      "geometry": {
        "type": "Point",
        "coordinates": [
          -118.073447,
          34.1092
        ]
      },
      "properties": {
        "tract_id": "06037480101",
        "population": 4107,
        "density_per_sqkm": 3613
      }
    },
    {
      "type": "Feature",
      "geometry": {
        "type": "Point",
        "coordinates": [
          -117.85591,
          34.018014
        ]
      },
      "properties": {
        "tract_id": "06037403402",
        "population": 3549,
        "density_per_sqkm": 2043
      }
    },
    {
      "type": "Feature",
      "geometry": {
        "type": "Point",
        "coordinates": [
          -117.854138,
          34.028431
        ]
      },
      "properties": {
        "tract_id": "06037403404",
        "population": 2389,
        "density_per_sqkm": 1000
      }
    },
    {
      "type": "Feature",
      "geometry": {
        "type": "Point",
        "coordinates": [
          -118.342306,
          34.102465
        ]
      },
      "properties": {
        "tract_id": "06037190101",
        "population": 1832,
        "density_per_sqkm": 8165
      }
    },
    {
      "type": "Feature",
      "geometry": {
        "type": "Point",
        "coordinates": [
          -118.247771,
          34.032618
        ]
      },
      "properties": {
        "tract_id": "06037226002",
        "population": 3587,
        "density_per_sqkm": 1397
      }
    },
    {
      "type": "Feature",
      "geometry": {
        "type": "Point",
        "coordinates": [
          -118.309047,
          34.038443
        ]
      },
      "properties": {
        "tract_id": "06037221402",
        "population": 2700,
        "density_per_sqkm": 5072
      }
    },
    {
      "type": "Feature",
      "geometry": {
        "type": "Point",
        "coordinates": [
          -117.769406,
          34.143111
        ]
      },
      "properties": {
        "tract_id": "06037400207",
        "population": 4706,
        "density_per_sqkm": 937
      }
    },
    {
      "type": "Feature",
      "geometry": {
        "type": "Point",
        "coordinates": [
          -118.086235,
          34.057197
        ]
      },
      "properties": {
        "tract_id": "06037482403",
        "population": 3310,
        "density_per_sqkm": 3442
      }
    },
    {
      "type": "Feature",
      "geometry": {
        "type": "Point",
        "coordinates": [
          -117.708347,
          34.114563
        ]
      },
      "properties": {
        "tract_id": "06037401801",
        "population": 4000,
        "density_per_sqkm": 1127
      }
    },
    {
      "type": "Feature",
      "geometry": {
        "type": "Point",
        "coordinates": [
          -118.480888,
          34.261934
        ]
      },
      "properties": {
        "tract_id": "06037109700",
        "population": 4389,
        "density_per_sqkm": 2766
      }
    },
    {
      "type": "Feature",
      "geometry": {
        "type": "Point",
        "coordinates": [
          -118.112519,
          34.580206
        ]
      },
      "properties": {
        "tract_id": "06037910501",
        "population": 6344,
        "density_per_sqkm": 4239
      }
    },
    {
      "type": "Feature",
      "geometry": {
        "type": "Point",
        "coordinates": [
          -118.654196,
          34.177348
        ]
      },
      "properties": {
        "tract_id": "06037137302",
        "population": 4341,
        "density_per_sqkm": 1774
      }
    },
    {
      "type": "Feature",
      "geometry": {
        "type": "Point",
        "coordinates": [
          -118.365429,
          34.224417
        ]
      },
      "properties": {
        "tract_id": "06037121101",
        "population": 2936,
        "density_per_sqkm": 6217
      }
    },
    {
      "type": "Feature",
      "geometry": {
        "type": "Point",
        "coordinates": [
          -118.395562,
          34.227618
        ]
      },
      "properties": {
        "tract_id": "06037121221",
        "population": 2147,
        "density_per_sqkm": 4258
      }
    },
    {
      "type": "Feature",
      "geometry": {
        "type": "Point",
        "coordinates": [
          -117.724342,
          34.087325
        ]
      },
      "properties": {
        "tract_id": "06037402001",
        "population": 3693,
        "density_per_sqkm": 2532
      }
    },
    {
      "type": "Feature",
      "geometry": {
        "type": "Point",
        "coordinates": [
          -117.713487,
          34.087419
        ]
      },
      "properties": {
        "tract_id": "06037402002",
        "population": 4168,
        "density_per_sqkm": 2519
      }
    },
    {
      "type": "Feature",
      "geometry": {
        "type": "Point",
        "coordinates": [
          -117.755908,
          34.067128
        ]
      },
      "properties": {
        "tract_id": "06037402303",
        "population": 3986,
        "density_per_sqkm": 4221
      }
    },
    {
      "type": "Feature",
      "geometry": {
        "type": "Point",
        "coordinates": [
          -118.244818,
          34.061203
        ]
      },
      "properties": {
        "tract_id": "06037207101",
        "population": 3233,
        "density_per_sqkm": 10770
      }
    },
    {
      "type": "Feature",
      "geometry": {
        "type": "Point",
        "coordinates": [
          -118.23951,
          34.059285
        ]
      },
      "properties": {
        "tract_id": "06037207102",
        "population": 3374,
        "density_per_sqkm": 8129
      }
    },
    {
      "type": "Feature",
      "geometry": {
        "type": "Point",
        "coordinates": [
          -118.006903,
          33.889841
        ]
      },
      "properties": {
        "tract_id": "06037503901",
        "population": 2799,
        "density_per_sqkm": 3093
      }
    },
    {
      "type": "Feature",
      "geometry": {
        "type": "Point",
        "coordinates": [
          -118.015339,
          33.908244
        ]
      },
      "properties": {
        "tract_id": "06037504001",
        "population": 5053,
        "density_per_sqkm": 3648
      }
    },
    {
      "type": "Feature",
      "geometry": {
        "type": "Point",
        "coordinates": [
          -118.089488,
          34.140396
        ]
      },
      "properties": {
        "tract_id": "06037463200",
        "population": 3478,
        "density_per_sqkm": 2136
      }
    },
    {
      "type": "Feature",
      "geometry": {
        "type": "Point",
        "coordinates": [
          -118.58152,
          34.233456
        ]
      },
      "properties": {
        "tract_id": "06037113426",
        "population": 2479,
        "density_per_sqkm": 1331
      }
    },
    {
      "type": "Feature",
      "geometry": {
        "type": "Point",
        "coordinates": [
          -118.216507,
          33.948781
        ]
      },
      "properties": {
        "tract_id": "06037535605",
        "population": 4042,
        "density_per_sqkm": 8601
      }
    },
    {
      "type": "Feature",
      "geometry": {
        "type": "Point",
        "coordinates": [
          -118.155546,
          33.97401
        ]
      },
      "properties": {
        "tract_id": "06037533901",
        "population": 5864,
        "density_per_sqkm": 7687
      }
    },
    {
      "type": "Feature",
      "geometry": {
        "type": "Point",
        "coordinates": [
          -118.05901,
          34.141095
        ]
      },
      "properties": {
        "tract_id": "06037430701",
        "population": 5045,
        "density_per_sqkm": 1694
      }
    },
    {
      "type": "Feature",
      "geometry": {
        "type": "Point",
        "coordinates": [
          -118.340981,
          34.009978
        ]
      },
      "properties": {
        "tract_id": "06037236102",
        "population": 3141,
        "density_per_sqkm": 6307
      }
    },
    {
      "type": "Feature",
      "geometry": {
        "type": "Point",
        "coordinates": [
          -117.879282,
          33.994296
        ]
      },
      "properties": {
        "tract_id": "06037408212",
        "population": 4519,
        "density_per_sqkm": 1605
      }
    },
    {
      "type": "Feature",
      "geometry": {
        "type": "Point",
        "coordinates": [
          -118.231437,
          33.939007
        ]
      },
      "properties": {
        "tract_id": "06037243002",
        "population": 3527,
        "density_per_sqkm": 9002
      }
    },
    {
      "type": "Feature",
      "geometry": {
        "type": "Point",
        "coordinates": [
          -118.263726,
          33.935468
        ]
      },
      "properties": {
        "tract_id": "06037240902",
        "population": 3304,
        "density_per_sqkm": 4636
      }
    },
    {
      "type": "Feature",
      "geometry": {
        "type": "Point",
        "coordinates": [
          -118.445124,
          34.467481
        ]
      },
      "properties": {
        "tract_id": "06037920049",
        "population": 5777,
        "density_per_sqkm": 204
      }
    },
    {
      "type": "Feature",
      "geometry": {
        "type": "Point",
        "coordinates": [
          -118.21162,
          34.044532
        ]
      },
      "properties": {
        "tract_id": "06037204420",
        "population": 2870,
        "density_per_sqkm": 9501
      }
    },
    {
      "type": "Feature",
      "geometry": {
        "type": "Point",
        "coordinates": [
          -117.99654,
          34.072068
        ]
      },
      "properties": {
        "tract_id": "06037404701",
        "population": 5620,
        "density_per_sqkm": 3640
      }
    },
    {
      "type": "Feature",
      "geometry": {
        "type": "Point",
        "coordinates": [
          -118.294139,
          34.070872
        ]
      },
      "properties": {
        "tract_id": "06037211320",
        "population": 2899,
        "density_per_sqkm": 15563
      }
    },
    {
      "type": "Feature",
      "geometry": {
        "type": "Point",
        "coordinates": [
          -118.441346,
          34.246601
        ]
      },
      "properties": {
        "tract_id": "06037119201",
        "population": 3866,
        "density_per_sqkm": 4081
      }
    },
    {
      "type": "Feature",
      "geometry": {
        "type": "Point",
        "coordinates": [
          -118.365786,
          34.162294
        ]
      },
      "properties": {
        "tract_id": "06037125501",
        "population": 3249,
        "density_per_sqkm": 7001
      }
    },
    {
      "type": "Feature",
      "geometry": {
        "type": "Point",
        "coordinates": [
          -118.657989,
          34.146363
        ]
      },
      "properties": {
        "tract_id": "06037800204",
        "population": 4595,
        "density_per_sqkm": 577
      }
    },
    {
      "type": "Feature",
      "geometry": {
        "type": "Point",
        "coordinates": [
          -118.191734,
          33.84932
        ]
      },
      "properties": {
        "tract_id": "06037571703",
        "population": 3505,
        "density_per_sqkm": 8818
      }
    },
    {
      "type": "Feature",
      "geometry": {
        "type": "Point",
        "coordinates": [
          -118.58075,
          34.760496
        ]
      },
      "properties": {
        "tract_id": "06037901209",
        "population": 1370,
        "density_per_sqkm": 2
      }
    },
    {
      "type": "Feature",
      "geometry": {
        "type": "Point",
        "coordinates": [
          -118.412392,
          34.305543
        ]
      },
      "properties": {
        "tract_id": "06037106112",
        "population": 6201,
        "density_per_sqkm": 1920
      }
    },
    {
      "type": "Feature",
      "geometry": {
        "type": "Point",
        "coordinates": [
          -118.422207,
          34.306155
        ]
      },
      "properties": {
        "tract_id": "06037106113",
        "population": 3939,
        "density_per_sqkm": 2729
      }
    },
    {
      "type": "Feature",
      "geometry": {
        "type": "Point",
        "coordinates": [
          -118.307887,
          34.273241
        ]
      },
      "properties": {
        "tract_id": "06037103101",
        "population": 2712,
        "density_per_sqkm": 1336
      }
    },
    {
      "type": "Feature",
      "geometry": {
        "type": "Point",
        "coordinates": [
          -118.307388,
          34.263384
        ]
      },
      "properties": {
        "tract_id": "06037103102",
        "population": 4752,
        "density_per_sqkm": 3829
      }
    },
    {
      "type": "Feature",
      "geometry": {
        "type": "Point",
        "coordinates": [
          -118.392576,
          34.282099
        ]
      },
      "properties": {
        "tract_id": "06037104103",
        "population": 3811,
        "density_per_sqkm": 4015
      }
    },
    {
      "type": "Feature",
      "geometry": {
        "type": "Point",
        "coordinates": [
          -118.404686,
          34.276148
        ]
      },
      "properties": {
        "tract_id": "06037104105",
        "population": 5999,
        "density_per_sqkm": 10260
      }
    },
    {
      "type": "Feature",
      "geometry": {
        "type": "Point",
        "coordinates": [
          -118.42699,
          34.302726
        ]
      },
      "properties": {
        "tract_id": "06037106114",
        "population": 6643,
        "density_per_sqkm": 6570
      }
    },
    {
      "type": "Feature",
      "geometry": {
        "type": "Point",
        "coordinates": [
          -118.441274,
          34.306019
        ]
      },
      "properties": {
        "tract_id": "06037106403",
        "population": 3704,
        "density_per_sqkm": 3350
      }
    },
    {
      "type": "Feature",
      "geometry": {
        "type": "Point",
        "coordinates": [
          -117.953539,
          34.064209
        ]
      },
      "properties": {
        "tract_id": "06037406801",
        "population": 4993,
        "density_per_sqkm": 2885
      }
    },
    {
      "type": "Feature",
      "geometry": {
        "type": "Point",
        "coordinates": [
          -117.716175,
          34.147775
        ]
      },
      "properties": {
        "tract_id": "06037400205",
        "population": 3053,
        "density_per_sqkm": 130
      }
    },
    {
      "type": "Feature",
      "geometry": {
        "type": "Point",
        "coordinates": [
          -118.091153,
          33.89121
        ]
      },
      "properties": {
        "tract_id": "06037552900",
        "population": 7018,
        "density_per_sqkm": 5357
      }
    },
    {
      "type": "Feature",
      "geometry": {
        "type": "Point",
        "coordinates": [
          -118.246115,
          33.948506
        ]
      },
      "properties": {
        "tract_id": "06037242300",
        "population": 4958,
        "density_per_sqkm": 7869
      }
    },
    {
      "type": "Feature",
      "geometry": {
        "type": "Point",
        "coordinates": [
          -118.214469,
          33.955255
        ]
      },
      "properties": {
        "tract_id": "06037535503",
        "population": 2370,
        "density_per_sqkm": 7467
      }
    },
    {
      "type": "Feature",
      "geometry": {
        "type": "Point",
        "coordinates": [
          -118.191544,
          33.793484
        ]
      },
      "properties": {
        "tract_id": "06037573002",
        "population": 3484,
        "density_per_sqkm": 10736
      }
    },
    {
      "type": "Feature",
      "geometry": {
        "type": "Point",
        "coordinates": [
          -117.798583,
          34.031816
        ]
      },
      "properties": {
        "tract_id": "06037403316",
        "population": 6784,
        "density_per_sqkm": 2331
      }
    },
    {
      "type": "Feature",
      "geometry": {
        "type": "Point",
        "coordinates": [
          -117.765274,
          34.030556
        ]
      },
      "properties": {
        "tract_id": "06037403318",
        "population": 6450,
        "density_per_sqkm": 1915
      }
    },
    {
      "type": "Feature",
      "geometry": {
        "type": "Point",
        "coordinates": [
          -117.813826,
          34.01133
        ]
      },
      "properties": {
        "tract_id": "06037403319",
        "population": 4214,
        "density_per_sqkm": 1895
      }
    },
    {
      "type": "Feature",
      "geometry": {
        "type": "Point",
        "coordinates": [
          -118.338822,
          34.083773
        ]
      },
      "properties": {
        "tract_id": "06037191902",
        "population": 2961,
        "density_per_sqkm": 4077
      }
    },
    {
      "type": "Feature",
      "geometry": {
        "type": "Point",
        "coordinates": [
          -118.276928,
          34.081809
        ]
      },
      "properties": {
        "tract_id": "06037195803",
        "population": 2457,
        "density_per_sqkm": 6510
      }
    },
    {
      "type": "Feature",
      "geometry": {
        "type": "Point",
        "coordinates": [
          -118.631359,
          34.203352
        ]
      },
      "properties": {
        "tract_id": "06037134422",
        "population": 4959,
        "density_per_sqkm": 2121
      }
    },
    {
      "type": "Feature",
      "geometry": {
        "type": "Point",
        "coordinates": [
          -118.349265,
          34.209876
        ]
      },
      "properties": {
        "tract_id": "06037102105",
        "population": 1855,
        "density_per_sqkm": 3765
      }
    },
    {
      "type": "Feature",
      "geometry": {
        "type": "Point",
        "coordinates": [
          -117.954499,
          34.795842
        ]
      },
      "properties": {
        "tract_id": "06037980003",
        "population": 0,
        "density_per_sqkm": 0
      }
    },
    {
      "type": "Feature",
      "geometry": {
        "type": "Point",
        "coordinates": [
          -118.440076,
          34.313263
        ]
      },
      "properties": {
        "tract_id": "06037106408",
        "population": 3440,
        "density_per_sqkm": 15017
      }
    },
    {
      "type": "Feature",
      "geometry": {
        "type": "Point",
        "coordinates": [
          -118.515127,
          34.224808
        ]
      },
      "properties": {
        "tract_id": "06037115401",
        "population": 5980,
        "density_per_sqkm": 3139
      }
    },
    {
      "type": "Feature",
      "geometry": {
        "type": "Point",
        "coordinates": [
          -118.392229,
          34.175878
        ]
      },
      "properties": {
        "tract_id": "06037123902",
        "population": 2596,
        "density_per_sqkm": 3907
      }
    },
    {
      "type": "Feature",
      "geometry": {
        "type": "Point",
        "coordinates": [
          -118.601718,
          34.204674
        ]
      },
      "properties": {
        "tract_id": "06037134522",
        "population": 4015,
        "density_per_sqkm": 6525
      }
    },
    {
      "type": "Feature",
      "geometry": {
        "type": "Point",
        "coordinates": [
          -118.347297,
          34.085227
        ]
      },
      "properties": {
        "tract_id": "06037192001",
        "population": 2574,
        "density_per_sqkm": 4849
      }
    },
    {
      "type": "Feature",
      "geometry": {
        "type": "Point",
        "coordinates": [
          -118.289223,
          34.072679
        ]
      },
      "properties": {
        "tract_id": "06037211122",
        "population": 2877,
        "density_per_sqkm": 7870
      }
    },
    {
      "type": "Feature",
      "geometry": {
        "type": "Point",
        "coordinates": [
          -118.420945,
          34.24587
        ]
      },
      "properties": {
        "tract_id": "06037104822",
        "population": 2345,
        "density_per_sqkm": 3880
      }
    },
    {
      "type": "Feature",
      "geometry": {
        "type": "Point",
        "coordinates": [
          -118.59933,
          34.197392
        ]
      },
      "properties": {
        "tract_id": "06037134520",
        "population": 5601,
        "density_per_sqkm": 5892
      }
    },
    {
      "type": "Feature",
      "geometry": {
        "type": "Point",
        "coordinates": [
          -118.407089,
          34.147757
        ]
      },
      "properties": {
        "tract_id": "06037143500",
        "population": 5197,
        "density_per_sqkm": 4361
      }
    },
    {
      "type": "Feature",
      "geometry": {
        "type": "Point",
        "coordinates": [
          -118.120187,
          34.084156
        ]
      },
      "properties": {
        "tract_id": "06037481603",
        "population": 3737,
        "density_per_sqkm": 5699
      }
    },
    {
      "type": "Feature",
      "geometry": {
        "type": "Point",
        "coordinates": [
          -118.202822,
          34.143992
        ]
      },
      "properties": {
        "tract_id": "06037181000",
        "population": 6132,
        "density_per_sqkm": 1493
      }
    },
    {
      "type": "Feature",
      "geometry": {
        "type": "Point",
        "coordinates": [
          -118.374831,
          34.287283
        ]
      },
      "properties": {
        "tract_id": "06037104124",
        "population": 4333,
        "density_per_sqkm": 967
      }
    },
    {
      "type": "Feature",
      "geometry": {
        "type": "Point",
        "coordinates": [
          -118.416296,
          34.24657
        ]
      },
      "properties": {
        "tract_id": "06037104821",
        "population": 3498,
        "density_per_sqkm": 6578
      }
    },
    {
      "type": "Feature",
      "geometry": {
        "type": "Point",
        "coordinates": [
          -118.192852,
          34.134781
        ]
      },
      "properties": {
        "tract_id": "06037181500",
        "population": 3653,
        "density_per_sqkm": 3338
      }
    },
    {
      "type": "Feature",
      "geometry": {
        "type": "Point",
        "coordinates": [
          -118.102452,
          33.763607
        ]
      },
      "properties": {
        "tract_id": "06037980007",
        "population": 5,
        "density_per_sqkm": 2
      }
    },
    {
      "type": "Feature",
      "geometry": {
        "type": "Point",
        "coordinates": [
          -118.301308,
          34.137365
        ]
      },
      "properties": {
        "tract_id": "06037980009",
        "population": 52,
        "density_per_sqkm": 2
      }
    },
    {
      "type": "Feature",
      "geometry": {
        "type": "Point",
        "coordinates": [
          -118.294566,
          33.730163
        ]
      },
      "properties": {
        "tract_id": "06037296901",
        "population": 4148,
        "density_per_sqkm": 6719
      }
    },
    {
      "type": "Feature",
      "geometry": {
        "type": "Point",
        "coordinates": [
          -118.522646,
          34.237491
        ]
      },
      "properties": {
        "tract_id": "06037115104",
        "population": 4409,
        "density_per_sqkm": 4322
      }
    },
    {
      "type": "Feature",
      "geometry": {
        "type": "Point",
        "coordinates": [
          -118.366248,
          34.116866
        ]
      },
      "properties": {
        "tract_id": "06037194102",
        "population": 3462,
        "density_per_sqkm": 989
      }
    },
    {
      "type": "Feature",
      "geometry": {
        "type": "Point",
        "coordinates": [
          -118.203083,
          34.115402
        ]
      },
      "properties": {
        "tract_id": "06037183510",
        "population": 2368,
        "density_per_sqkm": 4732
      }
    },
    {
      "type": "Feature",
      "geometry": {
        "type": "Point",
        "coordinates": [
          -118.201585,
          34.110941
        ]
      },
      "properties": {
        "tract_id": "06037183520",
        "population": 3450,
        "density_per_sqkm": 8066
      }
    },
    {
      "type": "Feature",
      "geometry": {
        "type": "Point",
        "coordinates": [
          -118.194897,
          34.114002
        ]
      },
      "properties": {
        "tract_id": "06037183610",
        "population": 2813,
        "density_per_sqkm": 7429
      }
    },
    {
      "type": "Feature",
      "geometry": {
        "type": "Point",
        "coordinates": [
          -117.957758,
          34.052363
        ]
      },
      "properties": {
        "tract_id": "06037407400",
        "population": 2126,
        "density_per_sqkm": 3499
      }
    },
    {
      "type": "Feature",
      "geometry": {
        "type": "Point",
        "coordinates": [
          -117.929796,
          34.013944
        ]
      },
      "properties": {
        "tract_id": "06037407701",
        "population": 4956,
        "density_per_sqkm": 4340
      }
    },
    {
      "type": "Feature",
      "geometry": {
        "type": "Point",
        "coordinates": [
          -118.328492,
          34.079743
        ]
      },
      "properties": {
        "tract_id": "06037192300",
        "population": 2863,
        "density_per_sqkm": 3255
      }
    },
    {
      "type": "Feature",
      "geometry": {
        "type": "Point",
        "coordinates": [
          -118.189286,
          34.119972
        ]
      },
      "properties": {
        "tract_id": "06037183220",
        "population": 3682,
        "density_per_sqkm": 6879
      }
    },
    {
      "type": "Feature",
      "geometry": {
        "type": "Point",
        "coordinates": [
          -118.200816,
          34.121
        ]
      },
      "properties": {
        "tract_id": "06037183300",
        "population": 3083,
        "density_per_sqkm": 5695
      }
    },
    {
      "type": "Feature",
      "geometry": {
        "type": "Point",
        "coordinates": [
          -117.946211,
          34.020479
        ]
      },
      "properties": {
        "tract_id": "06037407702",
        "population": 6249,
        "density_per_sqkm": 3123
      }
    },
    {
      "type": "Feature",
      "geometry": {
        "type": "Point",
        "coordinates": [
          -118.23438,
          34.242011
        ]
      },
      "properties": {
        "tract_id": "06037300100",
        "population": 6060,
        "density_per_sqkm": 1320
      }
    },
    {
      "type": "Feature",
      "geometry": {
        "type": "Point",
        "coordinates": [
          -117.976913,
          34.095733
        ]
      },
      "properties": {
        "tract_id": "06037404901",
        "population": 5279,
        "density_per_sqkm": 4624
      }
    },
    {
      "type": "Feature",
      "geometry": {
        "type": "Point",
        "coordinates": [
          -118.189852,
          34.115176
        ]
      },
      "properties": {
        "tract_id": "06037183620",
        "population": 2912,
        "density_per_sqkm": 5627
      }
    },
    {
      "type": "Feature",
      "geometry": {
        "type": "Point",
        "coordinates": [
          -118.318101,
          34.079858
        ]
      },
      "properties": {
        "tract_id": "06037192410",
        "population": 3573,
        "density_per_sqkm": 5224
      }
    },
    {
      "type": "Feature",
      "geometry": {
        "type": "Point",
        "coordinates": [
          -118.302497,
          34.079926
        ]
      },
      "properties": {
        "tract_id": "06037192520",
        "population": 4326,
        "density_per_sqkm": 14054
      }
    },
    {
      "type": "Feature",
      "geometry": {
        "type": "Point",
        "coordinates": [
          -118.296154,
          34.081365
        ]
      },
      "properties": {
        "tract_id": "06037192610",
        "population": 4149,
        "density_per_sqkm": 9988
      }
    },
    {
      "type": "Feature",
      "geometry": {
        "type": "Point",
        "coordinates": [
          -118.288106,
          34.080013
        ]
      },
      "properties": {
        "tract_id": "06037192700",
        "population": 3550,
        "density_per_sqkm": 6683
      }
    },
    {
      "type": "Feature",
      "geometry": {
        "type": "Point",
        "coordinates": [
          -118.312844,
          34.185392
        ]
      },
      "properties": {
        "tract_id": "06037310701",
        "population": 2482,
        "density_per_sqkm": 4816
      }
    },
    {
      "type": "Feature",
      "geometry": {
        "type": "Point",
        "coordinates": [
          -118.369596,
          34.078175
        ]
      },
      "properties": {
        "tract_id": "06037194500",
        "population": 2347,
        "density_per_sqkm": 3425
      }
    },
    {
      "type": "Feature",
      "geometry": {
        "type": "Point",
        "coordinates": [
          -118.26682,
          34.100825
        ]
      },
      "properties": {
        "tract_id": "06037195100",
        "population": 4974,
        "density_per_sqkm": 3176
      }
    },
    {
      "type": "Feature",
      "geometry": {
        "type": "Point",
        "coordinates": [
          -117.976973,
          34.060855
        ]
      },
      "properties": {
        "tract_id": "06037407001",
        "population": 5623,
        "density_per_sqkm": 5760
      }
    },
    {
      "type": "Feature",
      "geometry": {
        "type": "Point",
        "coordinates": [
          -118.099595,
          34.125828
        ]
      },
      "properties": {
        "tract_id": "06037464200",
        "population": 5747,
        "density_per_sqkm": 1666
      }
    },
    {
      "type": "Feature",
      "geometry": {
        "type": "Point",
        "coordinates": [
          -117.858801,
          34.090757
        ]
      },
      "properties": {
        "tract_id": "06037403702",
        "population": 3884,
        "density_per_sqkm": 2276
      }
    },
    {
      "type": "Feature",
      "geometry": {
        "type": "Point",
        "coordinates": [
          -117.846435,
          34.092943
        ]
      },
      "properties": {
        "tract_id": "06037403703",
        "population": 4809,
        "density_per_sqkm": 2227
      }
    },
    {
      "type": "Feature",
      "geometry": {
        "type": "Point",
        "coordinates": [
          -117.877429,
          34.095882
        ]
      },
      "properties": {
        "tract_id": "06037403721",
        "population": 5429,
        "density_per_sqkm": 2861
      }
    },
    {
      "type": "Feature",
      "geometry": {
        "type": "Point",
        "coordinates": [
          -117.872243,
          34.087543
        ]
      },
      "properties": {
        "tract_id": "06037403722",
        "population": 5794,
        "density_per_sqkm": 3213
      }
    },
    {
      "type": "Feature",
      "geometry": {
        "type": "Point",
        "coordinates": [
          -118.130289,
          34.087662
        ]
      },
      "properties": {
        "tract_id": "06037481001",
        "population": 4271,
        "density_per_sqkm": 4069
      }
    },
    {
      "type": "Feature",
      "geometry": {
        "type": "Point",
        "coordinates": [
          -117.963688,
          34.112106
        ]
      },
      "properties": {
        "tract_id": "06037404600",
        "population": 1472,
        "density_per_sqkm": 64
      }
    },
    {
      "type": "Feature",
      "geometry": {
        "type": "Point",
        "coordinates": [
          -118.858307,
          34.06343
        ]
      },
      "properties": {
        "tract_id": "06037800406",
        "population": 1673,
        "density_per_sqkm": 18
      }
    },
    {
      "type": "Feature",
      "geometry": {
        "type": "Point",
        "coordinates": [
          -118.740217,
          34.056393
        ]
      },
      "properties": {
        "tract_id": "06037800410",
        "population": 3847,
        "density_per_sqkm": 104
      }
    },
    {
      "type": "Feature",
      "geometry": {
        "type": "Point",
        "coordinates": [
          -118.673515,
          34.050286
        ]
      },
      "properties": {
        "tract_id": "06037800504",
        "population": 2261,
        "density_per_sqkm": 105
      }
    },
    {
      "type": "Feature",
      "geometry": {
        "type": "Point",
        "coordinates": [
          -118.60833,
          34.054981
        ]
      },
      "properties": {
        "tract_id": "06037800506",
        "population": 2954,
        "density_per_sqkm": 111
      }
    },
    {
      "type": "Feature",
      "geometry": {
        "type": "Point",
        "coordinates": [
          -118.050825,
          33.924344
        ]
      },
      "properties": {
        "tract_id": "06037503000",
        "population": 5675,
        "density_per_sqkm": 4271
      }
    },
    {
      "type": "Feature",
      "geometry": {
        "type": "Point",
        "coordinates": [
          -118.041692,
          34.137849
        ]
      },
      "properties": {
        "tract_id": "06037430721",
        "population": 3536,
        "density_per_sqkm": 864
      }
    },
    {
      "type": "Feature",
      "geometry": {
        "type": "Point",
        "coordinates": [
          -118.158182,
          34.129894
        ]
      },
      "properties": {
        "tract_id": "06037463900",
        "population": 3418,
        "density_per_sqkm": 1825
      }
    },
    {
      "type": "Feature",
      "geometry": {
        "type": "Point",
        "coordinates": [
          -118.139321,
          34.127364
        ]
      },
      "properties": {
        "tract_id": "06037464000",
        "population": 5832,
        "density_per_sqkm": 1854
      }
    },
    {
      "type": "Feature",
      "geometry": {
        "type": "Point",
        "coordinates": [
          -118.224808,
          34.088683
        ]
      },
      "properties": {
        "tract_id": "06037185320",
        "population": 2763,
        "density_per_sqkm": 4968
      }
    },
    {
      "type": "Feature",
      "geometry": {
        "type": "Point",
        "coordinates": [
          -117.997217,
          34.136086
        ]
      },
      "properties": {
        "tract_id": "06037431100",
        "population": 7140,
        "density_per_sqkm": 2374
      }
    },
    {
      "type": "Feature",
      "geometry": {
        "type": "Point",
        "coordinates": [
          -117.901427,
          34.092227
        ]
      },
      "properties": {
        "tract_id": "06037406000",
        "population": 5496,
        "density_per_sqkm": 2877
      }
    },
    {
      "type": "Feature",
      "geometry": {
        "type": "Point",
        "coordinates": [
          -118.575385,
          34.211953
        ]
      },
      "properties": {
        "tract_id": "06037134104",
        "population": 4429,
        "density_per_sqkm": 6835
      }
    },
    {
      "type": "Feature",
      "geometry": {
        "type": "Point",
        "coordinates": [
          -118.59118,
          34.21362
        ]
      },
      "properties": {
        "tract_id": "06037134201",
        "population": 4271,
        "density_per_sqkm": 2927
      }
    },
    {
      "type": "Feature",
      "geometry": {
        "type": "Point",
        "coordinates": [
          -118.364527,
          34.015752
        ]
      },
      "properties": {
        "tract_id": "06037236001",
        "population": 4422,
        "density_per_sqkm": 2072
      }
    },
    {
      "type": "Feature",
      "geometry": {
        "type": "Point",
        "coordinates": [
          -118.247927,
          33.78747
        ]
      },
      "properties": {
        "tract_id": "06037294620",
        "population": 4034,
        "density_per_sqkm": 4793
      }
    },
    {
      "type": "Feature",
      "geometry": {
        "type": "Point",
        "coordinates": [
          -118.271694,
          33.786588
        ]
      },
      "properties": {
        "tract_id": "06037294510",
        "population": 4057,
        "density_per_sqkm": 7829
      }
    },
    {
      "type": "Feature",
      "geometry": {
        "type": "Point",
        "coordinates": [
          -118.265626,
          33.779782
        ]
      },
      "properties": {
        "tract_id": "06037294820",
        "population": 3346,
        "density_per_sqkm": 8725
      }
    },
    {
      "type": "Feature",
      "geometry": {
        "type": "Point",
        "coordinates": [
          -117.930134,
          34.042153
        ]
      },
      "properties": {
        "tract_id": "06037407901",
        "population": 4339,
        "density_per_sqkm": 4232
      }
    },
    {
      "type": "Feature",
      "geometry": {
        "type": "Point",
        "coordinates": [
          -118.277445,
          33.77487
        ]
      },
      "properties": {
        "tract_id": "06037294900",
        "population": 3871,
        "density_per_sqkm": 6006
      }
    },
    {
      "type": "Feature",
      "geometry": {
        "type": "Point",
        "coordinates": [
          -118.283953,
          33.747614
        ]
      },
      "properties": {
        "tract_id": "06037296210",
        "population": 2976,
        "density_per_sqkm": 5319
      }
    },
    {
      "type": "Feature",
      "geometry": {
        "type": "Point",
        "coordinates": [
          -118.366705,
          34.02385
        ]
      },
      "properties": {
        "tract_id": "06037220100",
        "population": 2437,
        "density_per_sqkm": 2487
      }
    },
    {
      "type": "Feature",
      "geometry": {
        "type": "Point",
        "coordinates": [
          -118.287897,
          34.0421
        ]
      },
      "properties": {
        "tract_id": "06037221120",
        "population": 3030,
        "density_per_sqkm": 9543
      }
    },
    {
      "type": "Feature",
      "geometry": {
        "type": "Point",
        "coordinates": [
          -118.006245,
          34.068489
        ]
      },
      "properties": {
        "tract_id": "06037433307",
        "population": 3220,
        "density_per_sqkm": 7633
      }
    },
    {
      "type": "Feature",
      "geometry": {
        "type": "Point",
        "coordinates": [
          -118.174811,
          34.696642
        ]
      },
      "properties": {
        "tract_id": "06037901008",
        "population": 3093,
        "density_per_sqkm": 1153
      }
    },
    {
      "type": "Feature",
      "geometry": {
        "type": "Point",
        "coordinates": [
          -118.460655,
          34.28925
        ]
      },
      "properties": {
        "tract_id": "06037106649",
        "population": 2754,
        "density_per_sqkm": 2475
      }
    },
    {
      "type": "Feature",
      "geometry": {
        "type": "Point",
        "coordinates": [
          -118.581504,
          34.286572
        ]
      },
      "properties": {
        "tract_id": "06037108202",
        "population": 8701,
        "density_per_sqkm": 1476
      }
    },
    {
      "type": "Feature",
      "geometry": {
        "type": "Point",
        "coordinates": [
          -118.451901,
          34.233609
        ]
      },
      "properties": {
        "tract_id": "06037119340",
        "population": 3600,
        "density_per_sqkm": 29472
      }
    },
    {
      "type": "Feature",
      "geometry": {
        "type": "Point",
        "coordinates": [
          -118.432312,
          34.149097
        ]
      },
      "properties": {
        "tract_id": "06037141102",
        "population": 3023,
        "density_per_sqkm": 3945
      }
    },
    {
      "type": "Feature",
      "geometry": {
        "type": "Point",
        "coordinates": [
          -118.442435,
          34.152727
        ]
      },
      "properties": {
        "tract_id": "06037141201",
        "population": 4289,
        "density_per_sqkm": 6188
      }
    },
    {
      "type": "Feature",
      "geometry": {
        "type": "Point",
        "coordinates": [
          -118.44236,
          34.14718
        ]
      },
      "properties": {
        "tract_id": "06037141202",
        "population": 2922,
        "density_per_sqkm": 4173
      }
    },
    {
      "type": "Feature",
      "geometry": {
        "type": "Point",
        "coordinates": [
          -118.452629,
          34.151001
        ]
      },
      "properties": {
        "tract_id": "06037141304",
        "population": 3015,
        "density_per_sqkm": 4233
      }
    },
    {
      "type": "Feature",
      "geometry": {
        "type": "Point",
        "coordinates": [
          -118.150708,
          34.065492
        ]
      },
      "properties": {
        "tract_id": "06037481902",
        "population": 3297,
        "density_per_sqkm": 3720
      }
    },
    {
      "type": "Feature",
      "geometry": {
        "type": "Point",
        "coordinates": [
          -118.15976,
          34.055326
        ]
      },
      "properties": {
        "tract_id": "06037482001",
        "population": 2719,
        "density_per_sqkm": 931
      }
    },
    {
      "type": "Feature",
      "geometry": {
        "type": "Point",
        "coordinates": [
          -118.277696,
          34.075671
        ]
      },
      "properties": {
        "tract_id": "06037195802",
        "population": 2744,
        "density_per_sqkm": 6817
      }
    },
    {
      "type": "Feature",
      "geometry": {
        "type": "Point",
        "coordinates": [
          -118.260751,
          33.89847
        ]
      },
      "properties": {
        "tract_id": "06037541100",
        "population": 3370,
        "density_per_sqkm": 2708
      }
    },
    {
      "type": "Feature",
      "geometry": {
        "type": "Point",
        "coordinates": [
          -118.103247,
          33.965018
        ]
      },
      "properties": {
        "tract_id": "06037502602",
        "population": 4377,
        "density_per_sqkm": 3464
      }
    },
    {
      "type": "Feature",
      "geometry": {
        "type": "Point",
        "coordinates": [
          -118.245518,
          34.117491
        ]
      },
      "properties": {
        "tract_id": "06037186401",
        "population": 2991,
        "density_per_sqkm": 3104
      }
    },
    {
      "type": "Feature",
      "geometry": {
        "type": "Point",
        "coordinates": [
          -118.242191,
          33.911715
        ]
      },
      "properties": {
        "tract_id": "06037541300",
        "population": 6166,
        "density_per_sqkm": 4599
      }
    },
    {
      "type": "Feature",
      "geometry": {
        "type": "Point",
        "coordinates": [
          -118.104796,
          34.561779
        ]
      },
      "properties": {
        "tract_id": "06037910505",
        "population": 3456,
        "density_per_sqkm": 2149
      }
    },
    {
      "type": "Feature",
      "geometry": {
        "type": "Point",
        "coordinates": [
          -118.286927,
          33.912792
        ]
      },
      "properties": {
        "tract_id": "06037291120",
        "population": 2037,
        "density_per_sqkm": 2904
      }
    },
    {
      "type": "Feature",
      "geometry": {
        "type": "Point",
        "coordinates": [
          -118.306857,
          34.079869
        ]
      },
      "properties": {
        "tract_id": "06037192510",
        "population": 3508,
        "density_per_sqkm": 10295
      }
    },
    {
      "type": "Feature",
      "geometry": {
        "type": "Point",
        "coordinates": [
          -117.879784,
          33.98217
        ]
      },
      "properties": {
        "tract_id": "06037408705",
        "population": 5355,
        "density_per_sqkm": 2779
      }
    },
    {
      "type": "Feature",
      "geometry": {
        "type": "Point",
        "coordinates": [
          -117.800773,
          34.105978
        ]
      },
      "properties": {
        "tract_id": "06037400304",
        "population": 8163,
        "density_per_sqkm": 2602
      }
    },
    {
      "type": "Feature",
      "geometry": {
        "type": "Point",
        "coordinates": [
          -118.283689,
          34.099251
        ]
      },
      "properties": {
        "tract_id": "06037195300",
        "population": 3070,
        "density_per_sqkm": 5290
      }
    },
    {
      "type": "Feature",
      "geometry": {
        "type": "Point",
        "coordinates": [
          -118.098891,
          34.06443
        ]
      },
      "properties": {
        "tract_id": "06037482304",
        "population": 3409,
        "density_per_sqkm": 5503
      }
    },
    {
      "type": "Feature",
      "geometry": {
        "type": "Point",
        "coordinates": [
          -118.08632,
          34.067467
        ]
      },
      "properties": {
        "tract_id": "06037482401",
        "population": 3535,
        "density_per_sqkm": 4213
      }
    },
    {
      "type": "Feature",
      "geometry": {
        "type": "Point",
        "coordinates": [
          -118.469133,
          34.045334
        ]
      },
      "properties": {
        "tract_id": "06037264306",
        "population": 2228,
        "density_per_sqkm": 6247
      }
    },
    {
      "type": "Feature",
      "geometry": {
        "type": "Point",
        "coordinates": [
          -117.992176,
          34.05526
        ]
      },
      "properties": {
        "tract_id": "06037407002",
        "population": 3566,
        "density_per_sqkm": 1213
      }
    },
    {
      "type": "Feature",
      "geometry": {
        "type": "Point",
        "coordinates": [
          -118.45145,
          34.258625
        ]
      },
      "properties": {
        "tract_id": "06037109601",
        "population": 4958,
        "density_per_sqkm": 2239
      }
    },
    {
      "type": "Feature",
      "geometry": {
        "type": "Point",
        "coordinates": [
          -118.426451,
          34.221353
        ]
      },
      "properties": {
        "tract_id": "06037119700",
        "population": 4893,
        "density_per_sqkm": 3797
      }
    },
    {
      "type": "Feature",
      "geometry": {
        "type": "Point",
        "coordinates": [
          -117.976796,
          34.043746
        ]
      },
      "properties": {
        "tract_id": "06037407102",
        "population": 5336,
        "density_per_sqkm": 5783
      }
    },
    {
      "type": "Feature",
      "geometry": {
        "type": "Point",
        "coordinates": [
          -118.510149,
          34.274834
        ]
      },
      "properties": {
        "tract_id": "06037111201",
        "population": 3609,
        "density_per_sqkm": 1887
      }
    },
    {
      "type": "Feature",
      "geometry": {
        "type": "Point",
        "coordinates": [
          -118.514827,
          34.268443
        ]
      },
      "properties": {
        "tract_id": "06037111202",
        "population": 5489,
        "density_per_sqkm": 2940
      }
    },
    {
      "type": "Feature",
      "geometry": {
        "type": "Point",
        "coordinates": [
          -118.548883,
          34.262048
        ]
      },
      "properties": {
        "tract_id": "06037111204",
        "population": 5865,
        "density_per_sqkm": 1780
      }
    },
    {
      "type": "Feature",
      "geometry": {
        "type": "Point",
        "coordinates": [
          -118.416536,
          34.161853
        ]
      },
      "properties": {
        "tract_id": "06037124700",
        "population": 5343,
        "density_per_sqkm": 3965
      }
    },
    {
      "type": "Feature",
      "geometry": {
        "type": "Point",
        "coordinates": [
          -118.383365,
          34.164898
        ]
      },
      "properties": {
        "tract_id": "06037125200",
        "population": 4014,
        "density_per_sqkm": 3080
      }
    },
    {
      "type": "Feature",
      "geometry": {
        "type": "Point",
        "coordinates": [
          -118.153221,
          33.864463
        ]
      },
      "properties": {
        "tract_id": "06037570100",
        "population": 2950,
        "density_per_sqkm": 2556
      }
    },
    {
      "type": "Feature",
      "geometry": {
        "type": "Point",
        "coordinates": [
          -118.512843,
          34.253951
        ]
      },
      "properties": {
        "tract_id": "06037111302",
        "population": 4633,
        "density_per_sqkm": 2984
      }
    },
    {
      "type": "Feature",
      "geometry": {
        "type": "Point",
        "coordinates": [
          -118.178508,
          33.879429
        ]
      },
      "properties": {
        "tract_id": "06037570202",
        "population": 6122,
        "density_per_sqkm": 3658
      }
    },
    {
      "type": "Feature",
      "geometry": {
        "type": "Point",
        "coordinates": [
          -118.466276,
          34.054977
        ]
      },
      "properties": {
        "tract_id": "06037264103",
        "population": 2605,
        "density_per_sqkm": 11300
      }
    },
    {
      "type": "Feature",
      "geometry": {
        "type": "Point",
        "coordinates": [
          -118.275001,
          33.962202
        ]
      },
      "properties": {
        "tract_id": "06037239702",
        "population": 4224,
        "density_per_sqkm": 8687
      }
    },
    {
      "type": "Feature",
      "geometry": {
        "type": "Point",
        "coordinates": [
          -118.121996,
          34.059007
        ]
      },
      "properties": {
        "tract_id": "06037482201",
        "population": 3808,
        "density_per_sqkm": 4924
      }
    },
    {
      "type": "Feature",
      "geometry": {
        "type": "Point",
        "coordinates": [
          -118.112427,
          34.058957
        ]
      },
      "properties": {
        "tract_id": "06037482202",
        "population": 5184,
        "density_per_sqkm": 8014
      }
    },
    {
      "type": "Feature",
      "geometry": {
        "type": "Point",
        "coordinates": [
          -118.433979,
          34.047056
        ]
      },
      "properties": {
        "tract_id": "06037267202",
        "population": 3470,
        "density_per_sqkm": 6025
      }
    },
    {
      "type": "Feature",
      "geometry": {
        "type": "Point",
        "coordinates": [
          -118.256409,
          34.047745
        ]
      },
      "properties": {
        "tract_id": "06037207712",
        "population": 4737,
        "density_per_sqkm": 11631
      }
    },
    {
      "type": "Feature",
      "geometry": {
        "type": "Point",
        "coordinates": [
          -118.443403,
          34.325342
        ]
      },
      "properties": {
        "tract_id": "06037106010",
        "population": 3390,
        "density_per_sqkm": 1346
      }
    },
    {
      "type": "Feature",
      "geometry": {
        "type": "Point",
        "coordinates": [
          -117.743465,
          34.115585
        ]
      },
      "properties": {
        "tract_id": "06037401705",
        "population": 3112,
        "density_per_sqkm": 1915
      }
    },
    {
      "type": "Feature",
      "geometry": {
        "type": "Point",
        "coordinates": [
          -118.262949,
          33.962408
        ]
      },
      "properties": {
        "tract_id": "06037239802",
        "population": 5103,
        "density_per_sqkm": 8373
      }
    },
    {
      "type": "Feature",
      "geometry": {
        "type": "Point",
        "coordinates": [
          -118.432726,
          34.05586
        ]
      },
      "properties": {
        "tract_id": "06037265601",
        "population": 3140,
        "density_per_sqkm": 5039
      }
    },
    {
      "type": "Feature",
      "geometry": {
        "type": "Point",
        "coordinates": [
          -118.137208,
          34.174165
        ]
      },
      "properties": {
        "tract_id": "06037461501",
        "population": 3508,
        "density_per_sqkm": 3494
      }
    },
    {
      "type": "Feature",
      "geometry": {
        "type": "Point",
        "coordinates": [
          -118.349215,
          33.845833
        ]
      },
      "properties": {
        "tract_id": "06037650605",
        "population": 2908,
        "density_per_sqkm": 6006
      }
    },
    {
      "type": "Feature",
      "geometry": {
        "type": "Point",
        "coordinates": [
          -118.067958,
          34.678913
        ]
      },
      "properties": {
        "tract_id": "06037900508",
        "population": 4543,
        "density_per_sqkm": 1143
      }
    },
    {
      "type": "Feature",
      "geometry": {
        "type": "Point",
        "coordinates": [
          -118.003683,
          34.033979
        ]
      },
      "properties": {
        "tract_id": "06037408303",
        "population": 4383,
        "density_per_sqkm": 2379
      }
    },
    {
      "type": "Feature",
      "geometry": {
        "type": "Point",
        "coordinates": [
          -117.925518,
          33.976144
        ]
      },
      "properties": {
        "tract_id": "06037408627",
        "population": 2818,
        "density_per_sqkm": 902
      }
    },
    {
      "type": "Feature",
      "geometry": {
        "type": "Point",
        "coordinates": [
          -118.613501,
          34.203456
        ]
      },
      "properties": {
        "tract_id": "06037134303",
        "population": 5166,
        "density_per_sqkm": 3289
      }
    },
    {
      "type": "Feature",
      "geometry": {
        "type": "Point",
        "coordinates": [
          -118.114487,
          34.151926
        ]
      },
      "properties": {
        "tract_id": "06037462700",
        "population": 5727,
        "density_per_sqkm": 3418
      }
    },
    {
      "type": "Feature",
      "geometry": {
        "type": "Point",
        "coordinates": [
          -118.103097,
          34.152237
        ]
      },
      "properties": {
        "tract_id": "06037462800",
        "population": 2939,
        "density_per_sqkm": 2609
      }
    },
    {
      "type": "Feature",
      "geometry": {
        "type": "Point",
        "coordinates": [
          -118.240423,
          33.946559
        ]
      },
      "properties": {
        "tract_id": "06037242202",
        "population": 3387,
        "density_per_sqkm": 8392
      }
    },
    {
      "type": "Feature",
      "geometry": {
        "type": "Point",
        "coordinates": [
          -118.588641,
          34.225695
        ]
      },
      "properties": {
        "tract_id": "06037113427",
        "population": 3024,
        "density_per_sqkm": 11998
      }
    },
    {
      "type": "Feature",
      "geometry": {
        "type": "Point",
        "coordinates": [
          -118.075207,
          34.155157
        ]
      },
      "properties": {
        "tract_id": "06037463000",
        "population": 2706,
        "density_per_sqkm": 1489
      }
    },
    {
      "type": "Feature",
      "geometry": {
        "type": "Point",
        "coordinates": [
          -118.000791,
          33.941763
        ]
      },
      "properties": {
        "tract_id": "06037503402",
        "population": 4631,
        "density_per_sqkm": 2863
      }
    },
    {
      "type": "Feature",
      "geometry": {
        "type": "Point",
        "coordinates": [
          -118.027457,
          33.95584
        ]
      },
      "properties": {
        "tract_id": "06037501900",
        "population": 4336,
        "density_per_sqkm": 3112
      }
    },
    {
      "type": "Feature",
      "geometry": {
        "type": "Point",
        "coordinates": [
          -118.167277,
          33.958051
        ]
      },
      "properties": {
        "tract_id": "06037534201",
        "population": 4232,
        "density_per_sqkm": 8250
      }
    },
    {
      "type": "Feature",
      "geometry": {
        "type": "Point",
        "coordinates": [
          -118.292301,
          34.030657
        ]
      },
      "properties": {
        "tract_id": "06037221810",
        "population": 2746,
        "density_per_sqkm": 9023
      }
    },
    {
      "type": "Feature",
      "geometry": {
        "type": "Point",
        "coordinates": [
          -118.196865,
          34.052603
        ]
      },
      "properties": {
        "tract_id": "06037203200",
        "population": 4264,
        "density_per_sqkm": 8264
      }
    },
    {
      "type": "Feature",
      "geometry": {
        "type": "Point",
        "coordinates": [
          -118.508627,
          34.091809
        ]
      },
      "properties": {
        "tract_id": "06037262400",
        "population": 3242,
        "density_per_sqkm": 288
      }
    },
    {
      "type": "Feature",
      "geometry": {
        "type": "Point",
        "coordinates": [
          -118.277221,
          34.054662
        ]
      },
      "properties": {
        "tract_id": "06037209402",
        "population": 4056,
        "density_per_sqkm": 29773
      }
    },
    {
      "type": "Feature",
      "geometry": {
        "type": "Point",
        "coordinates": [
          -118.298162,
          34.056104
        ]
      },
      "properties": {
        "tract_id": "06037212305",
        "population": 2533,
        "density_per_sqkm": 23441
      }
    },
    {
      "type": "Feature",
      "geometry": {
        "type": "Point",
        "coordinates": [
          -118.076642,
          34.058507
        ]
      },
      "properties": {
        "tract_id": "06037433602",
        "population": 2858,
        "density_per_sqkm": 2954
      }
    },
    {
      "type": "Feature",
      "geometry": {
        "type": "Point",
        "coordinates": [
          -118.28067,
          34.02863
        ]
      },
      "properties": {
        "tract_id": "06037224701",
        "population": 2077,
        "density_per_sqkm": 8820
      }
    },
    {
      "type": "Feature",
      "geometry": {
        "type": "Point",
        "coordinates": [
          -118.234491,
          34.090395
        ]
      },
      "properties": {
        "tract_id": "06037197200",
        "population": 3287,
        "density_per_sqkm": 4417
      }
    },
    {
      "type": "Feature",
      "geometry": {
        "type": "Point",
        "coordinates": [
          -118.110058,
          33.977285
        ]
      },
      "properties": {
        "tract_id": "06037502500",
        "population": 4124,
        "density_per_sqkm": 1112
      }
    },
    {
      "type": "Feature",
      "geometry": {
        "type": "Point",
        "coordinates": [
          -118.128584,
          33.884748
        ]
      },
      "properties": {
        "tract_id": "06037554204",
        "population": 4600,
        "density_per_sqkm": 6976
      }
    },
    {
      "type": "Feature",
      "geometry": {
        "type": "Point",
        "coordinates": [
          -118.145609,
          33.882263
        ]
      },
      "properties": {
        "tract_id": "06037554301",
        "population": 3499,
        "density_per_sqkm": 5179
      }
    },
    {
      "type": "Feature",
      "geometry": {
        "type": "Point",
        "coordinates": [
          -118.14691,
          33.872967
        ]
      },
      "properties": {
        "tract_id": "06037554302",
        "population": 4072,
        "density_per_sqkm": 5663
      }
    },
    {
      "type": "Feature",
      "geometry": {
        "type": "Point",
        "coordinates": [
          -118.332951,
          33.786585
        ]
      },
      "properties": {
        "tract_id": "06037651401",
        "population": 2585,
        "density_per_sqkm": 2570
      }
    },
    {
      "type": "Feature",
      "geometry": {
        "type": "Point",
        "coordinates": [
          -118.298332,
          33.935595
        ]
      },
      "properties": {
        "tract_id": "06037600303",
        "population": 3813,
        "density_per_sqkm": 10460
      }
    },
    {
      "type": "Feature",
      "geometry": {
        "type": "Point",
        "coordinates": [
          -118.341667,
          33.905555
        ]
      },
      "properties": {
        "tract_id": "06037602505",
        "population": 4427,
        "density_per_sqkm": 13681
      }
    },
    {
      "type": "Feature",
      "geometry": {
        "type": "Point",
        "coordinates": [
          -118.33084,
          33.907376
        ]
      },
      "properties": {
        "tract_id": "06037602506",
        "population": 4429,
        "density_per_sqkm": 13642
      }
    },
    {
      "type": "Feature",
      "geometry": {
        "type": "Point",
        "coordinates": [
          -118.185928,
          34.025739
        ]
      },
      "properties": {
        "tract_id": "06037531202",
        "population": 4518,
        "density_per_sqkm": 10100
      }
    },
    {
      "type": "Feature",
      "geometry": {
        "type": "Point",
        "coordinates": [
          -118.480433,
          34.271198
        ]
      },
      "properties": {
        "tract_id": "06037109300",
        "population": 3120,
        "density_per_sqkm": 2530
      }
    },
    {
      "type": "Feature",
      "geometry": {
        "type": "Point",
        "coordinates": [
          -118.455701,
          34.268715
        ]
      },
      "properties": {
        "tract_id": "06037109400",
        "population": 3752,
        "density_per_sqkm": 2907
      }
    },
    {
      "type": "Feature",
      "geometry": {
        "type": "Point",
        "coordinates": [
          -118.444036,
          34.273839
        ]
      },
      "properties": {
        "tract_id": "06037109500",
        "population": 4524,
        "density_per_sqkm": 3787
      }
    },
    {
      "type": "Feature",
      "geometry": {
        "type": "Point",
        "coordinates": [
          -117.903188,
          34.009534
        ]
      },
      "properties": {
        "tract_id": "06037408140",
        "population": 3775,
        "density_per_sqkm": 4136
      }
    },
    {
      "type": "Feature",
      "geometry": {
        "type": "Point",
        "coordinates": [
          -117.946376,
          34.055271
        ]
      },
      "properties": {
        "tract_id": "06037406701",
        "population": 3112,
        "density_per_sqkm": 3300
      }
    },
    {
      "type": "Feature",
      "geometry": {
        "type": "Point",
        "coordinates": [
          -118.546008,
          34.294314
        ]
      },
      "properties": {
        "tract_id": "06037108104",
        "population": 1692,
        "density_per_sqkm": 2048
      }
    },
    {
      "type": "Feature",
      "geometry": {
        "type": "Point",
        "coordinates": [
          -118.495069,
          34.26831
        ]
      },
      "properties": {
        "tract_id": "06037111100",
        "population": 3047,
        "density_per_sqkm": 2877
      }
    },
    {
      "type": "Feature",
      "geometry": {
        "type": "Point",
        "coordinates": [
          -118.64714,
          34.202023
        ]
      },
      "properties": {
        "tract_id": "06037134421",
        "population": 3851,
        "density_per_sqkm": 1804
      }
    },
    {
      "type": "Feature",
      "geometry": {
        "type": "Point",
        "coordinates": [
          -118.520606,
          34.049979
        ]
      },
      "properties": {
        "tract_id": "06037262501",
        "population": 3741,
        "density_per_sqkm": 2288
      }
    },
    {
      "type": "Feature",
      "geometry": {
        "type": "Point",
        "coordinates": [
          -118.620513,
          34.214275
        ]
      },
      "properties": {
        "tract_id": "06037134302",
        "population": 3746,
        "density_per_sqkm": 2882
      }
    },
    {
      "type": "Feature",
      "geometry": {
        "type": "Point",
        "coordinates": [
          -118.610287,
          34.213933
        ]
      },
      "properties": {
        "tract_id": "06037134304",
        "population": 3001,
        "density_per_sqkm": 2941
      }
    },
    {
      "type": "Feature",
      "geometry": {
        "type": "Point",
        "coordinates": [
          -117.9952,
          33.959996
        ]
      },
      "properties": {
        "tract_id": "06037500202",
        "population": 4982,
        "density_per_sqkm": 785
      }
    },
    {
      "type": "Feature",
      "geometry": {
        "type": "Point",
        "coordinates": [
          -118.243977,
          34.148783
        ]
      },
      "properties": {
        "tract_id": "06037302003",
        "population": 3496,
        "density_per_sqkm": 14740
      }
    },
    {
      "type": "Feature",
      "geometry": {
        "type": "Point",
        "coordinates": [
          -117.962692,
          34.009168
        ]
      },
      "properties": {
        "tract_id": "06037409100",
        "population": 5239,
        "density_per_sqkm": 3364
      }
    },
    {
      "type": "Feature",
      "geometry": {
        "type": "Point",
        "coordinates": [
          -118.331357,
          34.00781
        ]
      },
      "properties": {
        "tract_id": "06037234301",
        "population": 1918,
        "density_per_sqkm": 3806
      }
    },
    {
      "type": "Feature",
      "geometry": {
        "type": "Point",
        "coordinates": [
          -118.152272,
          33.815227
        ]
      },
      "properties": {
        "tract_id": "06037980018",
        "population": 30,
        "density_per_sqkm": 4
      }
    },
    {
      "type": "Feature",
      "geometry": {
        "type": "Point",
        "coordinates": [
          -118.432933,
          33.980269
        ]
      },
      "properties": {
        "tract_id": "06037275312",
        "population": 2201,
        "density_per_sqkm": 2809
      }
    },
    {
      "type": "Feature",
      "geometry": {
        "type": "Point",
        "coordinates": [
          -118.42078,
          33.978633
        ]
      },
      "properties": {
        "tract_id": "06037275605",
        "population": 3581,
        "density_per_sqkm": 3691
      }
    },
    {
      "type": "Feature",
      "geometry": {
        "type": "Point",
        "coordinates": [
          -118.459837,
          34.322241
        ]
      },
      "properties": {
        "tract_id": "06037106406",
        "population": 6173,
        "density_per_sqkm": 3067
      }
    },
    {
      "type": "Feature",
      "geometry": {
        "type": "Point",
        "coordinates": [
          -118.382759,
          33.849618
        ]
      },
      "properties": {
        "tract_id": "06037621201",
        "population": 8259,
        "density_per_sqkm": 5035
      }
    },
    {
      "type": "Feature",
      "geometry": {
        "type": "Point",
        "coordinates": [
          -118.283872,
          33.978513
        ]
      },
      "properties": {
        "tract_id": "06037237600",
        "population": 4112,
        "density_per_sqkm": 8163
      }
    },
    {
      "type": "Feature",
      "geometry": {
        "type": "Point",
        "coordinates": [
          -118.215271,
          34.046188
        ]
      },
      "properties": {
        "tract_id": "06037204410",
        "population": 2174,
        "density_per_sqkm": 7323
      }
    },
    {
      "type": "Feature",
      "geometry": {
        "type": "Point",
        "coordinates": [
          -118.46316,
          34.277162
        ]
      },
      "properties": {
        "tract_id": "06037109100",
        "population": 2958,
        "density_per_sqkm": 1093
      }
    },
    {
      "type": "Feature",
      "geometry": {
        "type": "Point",
        "coordinates": [
          -118.474491,
          34.277429
        ]
      },
      "properties": {
        "tract_id": "06037109200",
        "population": 3153,
        "density_per_sqkm": 3100
      }
    },
    {
      "type": "Feature",
      "geometry": {
        "type": "Point",
        "coordinates": [
          -118.493945,
          34.279738
        ]
      },
      "properties": {
        "tract_id": "06037106646",
        "population": 3367,
        "density_per_sqkm": 2281
      }
    },
    {
      "type": "Feature",
      "geometry": {
        "type": "Point",
        "coordinates": [
          -117.921493,
          34.030223
        ]
      },
      "properties": {
        "tract_id": "06037407801",
        "population": 4789,
        "density_per_sqkm": 4469
      }
    },
    {
      "type": "Feature",
      "geometry": {
        "type": "Point",
        "coordinates": [
          -117.895371,
          34.04838
        ]
      },
      "properties": {
        "tract_id": "06037408005",
        "population": 5269,
        "density_per_sqkm": 1432
      }
    },
    {
      "type": "Feature",
      "geometry": {
        "type": "Point",
        "coordinates": [
          -117.971062,
          33.998771
        ]
      },
      "properties": {
        "tract_id": "06037408504",
        "population": 5336,
        "density_per_sqkm": 3763
      }
    },
    {
      "type": "Feature",
      "geometry": {
        "type": "Point",
        "coordinates": [
          -118.28378,
          33.741028
        ]
      },
      "properties": {
        "tract_id": "06037296220",
        "population": 4449,
        "density_per_sqkm": 8295
      }
    },
    {
      "type": "Feature",
      "geometry": {
        "type": "Point",
        "coordinates": [
          -118.269065,
          34.003492
        ]
      },
      "properties": {
        "tract_id": "06037228500",
        "population": 5376,
        "density_per_sqkm": 11976
      }
    },
    {
      "type": "Feature",
      "geometry": {
        "type": "Point",
        "coordinates": [
          -118.19785,
          34.107365
        ]
      },
      "properties": {
        "tract_id": "06037183810",
        "population": 4260,
        "density_per_sqkm": 9364
      }
    },
    {
      "type": "Feature",
      "geometry": {
        "type": "Point",
        "coordinates": [
          -118.192747,
          34.21796
        ]
      },
      "properties": {
        "tract_id": "06037460501",
        "population": 5555,
        "density_per_sqkm": 746
      }
    },
    {
      "type": "Feature",
      "geometry": {
        "type": "Point",
        "coordinates": [
          -118.598998,
          34.465308
        ]
      },
      "properties": {
        "tract_id": "06037920200",
        "population": 5584,
        "density_per_sqkm": 535
      }
    },
    {
      "type": "Feature",
      "geometry": {
        "type": "Point",
        "coordinates": [
          -118.349123,
          33.840364
        ]
      },
      "properties": {
        "tract_id": "06037650604",
        "population": 5647,
        "density_per_sqkm": 10956
      }
    },
    {
      "type": "Feature",
      "geometry": {
        "type": "Point",
        "coordinates": [
          -118.486849,
          34.06607
        ]
      },
      "properties": {
        "tract_id": "06037262303",
        "population": 3157,
        "density_per_sqkm": 1208
      }
    },
    {
      "type": "Feature",
      "geometry": {
        "type": "Point",
        "coordinates": [
          -118.451011,
          34.095728
        ]
      },
      "properties": {
        "tract_id": "06037262100",
        "population": 3195,
        "density_per_sqkm": 365
      }
    },
    {
      "type": "Feature",
      "geometry": {
        "type": "Point",
        "coordinates": [
          -118.312361,
          34.08879
        ]
      },
      "properties": {
        "tract_id": "06037191720",
        "population": 3534,
        "density_per_sqkm": 13370
      }
    },
    {
      "type": "Feature",
      "geometry": {
        "type": "Point",
        "coordinates": [
          -118.520757,
          34.403885
        ]
      },
      "properties": {
        "tract_id": "06037920314",
        "population": 3142,
        "density_per_sqkm": 278
      }
    },
    {
      "type": "Feature",
      "geometry": {
        "type": "Point",
        "coordinates": [
          -118.193715,
          33.778966
        ]
      },
      "properties": {
        "tract_id": "06037575803",
        "population": 2684,
        "density_per_sqkm": 13448
      }
    },
    {
      "type": "Feature",
      "geometry": {
        "type": "Point",
        "coordinates": [
          -118.387519,
          34.101671
        ]
      },
      "properties": {
        "tract_id": "06037194300",
        "population": 2972,
        "density_per_sqkm": 1203
      }
    },
    {
      "type": "Feature",
      "geometry": {
        "type": "Point",
        "coordinates": [
          -118.383284,
          34.20361
        ]
      },
      "properties": {
        "tract_id": "06037122420",
        "population": 4623,
        "density_per_sqkm": 5359
      }
    },
    {
      "type": "Feature",
      "geometry": {
        "type": "Point",
        "coordinates": [
          -118.435577,
          34.183553
        ]
      },
      "properties": {
        "tract_id": "06037128220",
        "population": 3087,
        "density_per_sqkm": 5556
      }
    },
    {
      "type": "Feature",
      "geometry": {
        "type": "Point",
        "coordinates": [
          -118.218308,
          33.899785
        ]
      },
      "properties": {
        "tract_id": "06037541606",
        "population": 2415,
        "density_per_sqkm": 7051
      }
    },
    {
      "type": "Feature",
      "geometry": {
        "type": "Point",
        "coordinates": [
          -118.322083,
          33.981823
        ]
      },
      "properties": {
        "tract_id": "06037234800",
        "population": 3561,
        "density_per_sqkm": 5443
      }
    },
    {
      "type": "Feature",
      "geometry": {
        "type": "Point",
        "coordinates": [
          -118.088311,
          34.007986
        ]
      },
      "properties": {
        "tract_id": "06037500600",
        "population": 5438,
        "density_per_sqkm": 4605
      }
    },
    {
      "type": "Feature",
      "geometry": {
        "type": "Point",
        "coordinates": [
          -118.46121,
          34.138889
        ]
      },
      "properties": {
        "tract_id": "06037141600",
        "population": 4088,
        "density_per_sqkm": 1047
      }
    },
    {
      "type": "Feature",
      "geometry": {
        "type": "Point",
        "coordinates": [
          -118.238019,
          34.142578
        ]
      },
      "properties": {
        "tract_id": "06037302103",
        "population": 5334,
        "density_per_sqkm": 9686
      }
    },
    {
      "type": "Feature",
      "geometry": {
        "type": "Point",
        "coordinates": [
          -118.52745,
          34.243828
        ]
      },
      "properties": {
        "tract_id": "06037115103",
        "population": 2345,
        "density_per_sqkm": 1544
      }
    },
    {
      "type": "Feature",
      "geometry": {
        "type": "Point",
        "coordinates": [
          -118.180985,
          33.85694
        ]
      },
      "properties": {
        "tract_id": "06037570601",
        "population": 5235,
        "density_per_sqkm": 6708
      }
    },
    {
      "type": "Feature",
      "geometry": {
        "type": "Point",
        "coordinates": [
          -118.377487,
          34.266609
        ]
      },
      "properties": {
        "tract_id": "06037980021",
        "population": 56,
        "density_per_sqkm": 8
      }
    },
    {
      "type": "Feature",
      "geometry": {
        "type": "Point",
        "coordinates": [
          -118.304725,
          34.063537
        ]
      },
      "properties": {
        "tract_id": "06037211802",
        "population": 4893,
        "density_per_sqkm": 15036
      }
    },
    {
      "type": "Feature",
      "geometry": {
        "type": "Point",
        "coordinates": [
          -118.424177,
          34.013853
        ]
      },
      "properties": {
        "tract_id": "06037271901",
        "population": 2861,
        "density_per_sqkm": 4490
      }
    },
    {
      "type": "Feature",
      "geometry": {
        "type": "Point",
        "coordinates": [
          -118.439149,
          33.997553
        ]
      },
      "properties": {
        "tract_id": "06037272202",
        "population": 3159,
        "density_per_sqkm": 10204
      }
    },
    {
      "type": "Feature",
      "geometry": {
        "type": "Point",
        "coordinates": [
          -118.485831,
          34.19027
        ]
      },
      "properties": {
        "tract_id": "06037127605",
        "population": 3314,
        "density_per_sqkm": 5139
      }
    },
    {
      "type": "Feature",
      "geometry": {
        "type": "Point",
        "coordinates": [
          -118.19583,
          33.93939
        ]
      },
      "properties": {
        "tract_id": "06037535902",
        "population": 6236,
        "density_per_sqkm": 6156
      }
    },
    {
      "type": "Feature",
      "geometry": {
        "type": "Point",
        "coordinates": [
          -118.361782,
          33.974189
        ]
      },
      "properties": {
        "tract_id": "06037601303",
        "population": 4959,
        "density_per_sqkm": 11310
      }
    },
    {
      "type": "Feature",
      "geometry": {
        "type": "Point",
        "coordinates": [
          -118.220872,
          33.983206
        ]
      },
      "properties": {
        "tract_id": "06037532606",
        "population": 4125,
        "density_per_sqkm": 14796
      }
    },
    {
      "type": "Feature",
      "geometry": {
        "type": "Point",
        "coordinates": [
          -117.955368,
          34.032141
        ]
      },
      "properties": {
        "tract_id": "06037407202",
        "population": 3612,
        "density_per_sqkm": 4468
      }
    },
    {
      "type": "Feature",
      "geometry": {
        "type": "Point",
        "coordinates": [
          -118.418234,
          34.016726
        ]
      },
      "properties": {
        "tract_id": "06037271801",
        "population": 3666,
        "density_per_sqkm": 7639
      }
    },
    {
      "type": "Feature",
      "geometry": {
        "type": "Point",
        "coordinates": [
          -117.824033,
          34.161189
        ]
      },
      "properties": {
        "tract_id": "06037400404",
        "population": 4458,
        "density_per_sqkm": 282
      }
    },
    {
      "type": "Feature",
      "geometry": {
        "type": "Point",
        "coordinates": [
          -118.431677,
          34.009629
        ]
      },
      "properties": {
        "tract_id": "06037271902",
        "population": 4044,
        "density_per_sqkm": 4376
      }
    },
    {
      "type": "Feature",
      "geometry": {
        "type": "Point",
        "coordinates": [
          -118.434127,
          34.000383
        ]
      },
      "properties": {
        "tract_id": "06037272201",
        "population": 2394,
        "density_per_sqkm": 9208
      }
    },
    {
      "type": "Feature",
      "geometry": {
        "type": "Point",
        "coordinates": [
          -118.328661,
          33.981788
        ]
      },
      "properties": {
        "tract_id": "06037234901",
        "population": 3103,
        "density_per_sqkm": 9536
      }
    },
    {
      "type": "Feature",
      "geometry": {
        "type": "Point",
        "coordinates": [
          -118.262932,
          33.966053
        ]
      },
      "properties": {
        "tract_id": "06037239801",
        "population": 3873,
        "density_per_sqkm": 10446
      }
    },
    {
      "type": "Feature",
      "geometry": {
        "type": "Point",
        "coordinates": [
          -118.155454,
          33.906739
        ]
      },
      "properties": {
        "tract_id": "06037553504",
        "population": 5320,
        "density_per_sqkm": 8337
      }
    },
    {
      "type": "Feature",
      "geometry": {
        "type": "Point",
        "coordinates": [
          -118.119853,
          33.886049
        ]
      },
      "properties": {
        "tract_id": "06037554105",
        "population": 4509,
        "density_per_sqkm": 13373
      }
    },
    {
      "type": "Feature",
      "geometry": {
        "type": "Point",
        "coordinates": [
          -118.124713,
          33.880219
        ]
      },
      "properties": {
        "tract_id": "06037554203",
        "population": 3635,
        "density_per_sqkm": 5312
      }
    },
    {
      "type": "Feature",
      "geometry": {
        "type": "Point",
        "coordinates": [
          -118.133831,
          34.041485
        ]
      },
      "properties": {
        "tract_id": "06037482702",
        "population": 2404,
        "density_per_sqkm": 3347
      }
    },
    {
      "type": "Feature",
      "geometry": {
        "type": "Point",
        "coordinates": [
          -118.298497,
          34.063573
        ]
      },
      "properties": {
        "tract_id": "06037212102",
        "population": 2579,
        "density_per_sqkm": 18600
      }
    },
    {
      "type": "Feature",
      "geometry": {
        "type": "Point",
        "coordinates": [
          -118.354116,
          34.066842
        ]
      },
      "properties": {
        "tract_id": "06037214503",
        "population": 3495,
        "density_per_sqkm": 15044
      }
    },
    {
      "type": "Feature",
      "geometry": {
        "type": "Point",
        "coordinates": [
          -118.386949,
          34.674457
        ]
      },
      "properties": {
        "tract_id": "06037901210",
        "population": 1516,
        "density_per_sqkm": 67
      }
    },
    {
      "type": "Feature",
      "geometry": {
        "type": "Point",
        "coordinates": [
          -118.384482,
          34.043269
        ]
      },
      "properties": {
        "tract_id": "06037269602",
        "population": 2964,
        "density_per_sqkm": 10200
      }
    },
    {
      "type": "Feature",
      "geometry": {
        "type": "Point",
        "coordinates": [
          -118.219925,
          33.860251
        ]
      },
      "properties": {
        "tract_id": "06037543305",
        "population": 3251,
        "density_per_sqkm": 395
      }
    },
    {
      "type": "Feature",
      "geometry": {
        "type": "Point",
        "coordinates": [
          -118.492122,
          34.103921
        ]
      },
      "properties": {
        "tract_id": "06037262301",
        "population": 2778,
        "density_per_sqkm": 213
      }
    },
    {
      "type": "Feature",
      "geometry": {
        "type": "Point",
        "coordinates": [
          -118.406476,
          34.020903
        ]
      },
      "properties": {
        "tract_id": "06037269903",
        "population": 3815,
        "density_per_sqkm": 13441
      }
    },
    {
      "type": "Feature",
      "geometry": {
        "type": "Point",
        "coordinates": [
          -118.410567,
          34.025958
        ]
      },
      "properties": {
        "tract_id": "06037269909",
        "population": 2243,
        "density_per_sqkm": 13202
      }
    },
    {
      "type": "Feature",
      "geometry": {
        "type": "Point",
        "coordinates": [
          -118.419562,
          34.028889
        ]
      },
      "properties": {
        "tract_id": "06037271704",
        "population": 2878,
        "density_per_sqkm": 5293
      }
    },
    {
      "type": "Feature",
      "geometry": {
        "type": "Point",
        "coordinates": [
          -118.394736,
          34.02822
        ]
      },
      "properties": {
        "tract_id": "06037270101",
        "population": 2002,
        "density_per_sqkm": 5346
      }
    },
    {
      "type": "Feature",
      "geometry": {
        "type": "Point",
        "coordinates": [
          -118.401881,
          34.021857
        ]
      },
      "properties": {
        "tract_id": "06037269905",
        "population": 2661,
        "density_per_sqkm": 11179
      }
    },
    {
      "type": "Feature",
      "geometry": {
        "type": "Point",
        "coordinates": [
          -118.277188,
          33.992398
        ]
      },
      "properties": {
        "tract_id": "06037232800",
        "population": 4034,
        "density_per_sqkm": 9455
      }
    },
    {
      "type": "Feature",
      "geometry": {
        "type": "Point",
        "coordinates": [
          -118.331152,
          34.016407
        ]
      },
      "properties": {
        "tract_id": "06037234200",
        "population": 2459,
        "density_per_sqkm": 2785
      }
    },
    {
      "type": "Feature",
      "geometry": {
        "type": "Point",
        "coordinates": [
          -117.796339,
          34.005201
        ]
      },
      "properties": {
        "tract_id": "06037403320",
        "population": 5503,
        "density_per_sqkm": 1405
      }
    },
    {
      "type": "Feature",
      "geometry": {
        "type": "Point",
        "coordinates": [
          -117.931539,
          34.09157
        ]
      },
      "properties": {
        "tract_id": "06037405400",
        "population": 4858,
        "density_per_sqkm": 3656
      }
    },
    {
      "type": "Feature",
      "geometry": {
        "type": "Point",
        "coordinates": [
          -117.928464,
          34.078921
        ]
      },
      "properties": {
        "tract_id": "06037405500",
        "population": 6623,
        "density_per_sqkm": 3551
      }
    },
    {
      "type": "Feature",
      "geometry": {
        "type": "Point",
        "coordinates": [
          -118.532398,
          34.246195
        ]
      },
      "properties": {
        "tract_id": "06037115203",
        "population": 2793,
        "density_per_sqkm": 4618
      }
    },
    {
      "type": "Feature",
      "geometry": {
        "type": "Point",
        "coordinates": [
          -118.240049,
          34.220689
        ]
      },
      "properties": {
        "tract_id": "06037300501",
        "population": 3124,
        "density_per_sqkm": 2479
      }
    },
    {
      "type": "Feature",
      "geometry": {
        "type": "Point",
        "coordinates": [
          -117.825514,
          33.959238
        ]
      },
      "properties": {
        "tract_id": "06037403325",
        "population": 5306,
        "density_per_sqkm": 310
      }
    },
    {
      "type": "Feature",
      "geometry": {
        "type": "Point",
        "coordinates": [
          -118.043984,
          34.086856
        ]
      },
      "properties": {
        "tract_id": "06037432300",
        "population": 3873,
        "density_per_sqkm": 1973
      }
    },
    {
      "type": "Feature",
      "geometry": {
        "type": "Point",
        "coordinates": [
          -118.113507,
          34.160966
        ]
      },
      "properties": {
        "tract_id": "06037462600",
        "population": 2293,
        "density_per_sqkm": 2187
      }
    },
    {
      "type": "Feature",
      "geometry": {
        "type": "Point",
        "coordinates": [
          -118.470231,
          34.233731
        ]
      },
      "properties": {
        "tract_id": "06037117405",
        "population": 3364,
        "density_per_sqkm": 16667
      }
    },
    {
      "type": "Feature",
      "geometry": {
        "type": "Point",
        "coordinates": [
          -118.489651,
          34.242159
        ]
      },
      "properties": {
        "tract_id": "06037117301",
        "population": 3917,
        "density_per_sqkm": 2941
      }
    },
    {
      "type": "Feature",
      "geometry": {
        "type": "Point",
        "coordinates": [
          -118.022109,
          34.090633
        ]
      },
      "properties": {
        "tract_id": "06037432401",
        "population": 3544,
        "density_per_sqkm": 3423
      }
    },
    {
      "type": "Feature",
      "geometry": {
        "type": "Point",
        "coordinates": [
          -118.028113,
          34.085034
        ]
      },
      "properties": {
        "tract_id": "06037432402",
        "population": 6040,
        "density_per_sqkm": 4041
      }
    },
    {
      "type": "Feature",
      "geometry": {
        "type": "Point",
        "coordinates": [
          -118.355479,
          34.257379
        ]
      },
      "properties": {
        "tract_id": "06037103300",
        "population": 3953,
        "density_per_sqkm": 644
      }
    },
    {
      "type": "Feature",
      "geometry": {
        "type": "Point",
        "coordinates": [
          -118.410562,
          34.440991
        ]
      },
      "properties": {
        "tract_id": "06037910807",
        "population": 6092,
        "density_per_sqkm": 1102
      }
    },
    {
      "type": "Feature",
      "geometry": {
        "type": "Point",
        "coordinates": [
          -118.513522,
          34.383277
        ]
      },
      "properties": {
        "tract_id": "06037920332",
        "population": 1950,
        "density_per_sqkm": 499
      }
    },
    {
      "type": "Feature",
      "geometry": {
        "type": "Point",
        "coordinates": [
          -118.442288,
          34.00371
        ]
      },
      "properties": {
        "tract_id": "06037272100",
        "population": 4332,
        "density_per_sqkm": 3612
      }
    },
    {
      "type": "Feature",
      "geometry": {
        "type": "Point",
        "coordinates": [
          -118.082533,
          34.076277
        ]
      },
      "properties": {
        "tract_id": "06037481300",
        "population": 2938,
        "density_per_sqkm": 3276
      }
    },
    {
      "type": "Feature",
      "geometry": {
        "type": "Point",
        "coordinates": [
          -118.431638,
          34.235357
        ]
      },
      "properties": {
        "tract_id": "06037119801",
        "population": 2933,
        "density_per_sqkm": 4813
      }
    },
    {
      "type": "Feature",
      "geometry": {
        "type": "Point",
        "coordinates": [
          -118.423342,
          34.241409
        ]
      },
      "properties": {
        "tract_id": "06037119004",
        "population": 2830,
        "density_per_sqkm": 3358
      }
    },
    {
      "type": "Feature",
      "geometry": {
        "type": "Point",
        "coordinates": [
          -118.288526,
          34.251352
        ]
      },
      "properties": {
        "tract_id": "06037101222",
        "population": 2808,
        "density_per_sqkm": 9470
      }
    },
    {
      "type": "Feature",
      "geometry": {
        "type": "Point",
        "coordinates": [
          -118.25977,
          34.155451
        ]
      },
      "properties": {
        "tract_id": "06037301801",
        "population": 6139,
        "density_per_sqkm": 8618
      }
    },
    {
      "type": "Feature",
      "geometry": {
        "type": "Point",
        "coordinates": [
          -118.259703,
          34.149214
        ]
      },
      "properties": {
        "tract_id": "06037301802",
        "population": 5424,
        "density_per_sqkm": 11323
      }
    },
    {
      "type": "Feature",
      "geometry": {
        "type": "Point",
        "coordinates": [
          -118.238773,
          34.148848
        ]
      },
      "properties": {
        "tract_id": "06037302004",
        "population": 4175,
        "density_per_sqkm": 12287
      }
    },
    {
      "type": "Feature",
      "geometry": {
        "type": "Point",
        "coordinates": [
          -118.259745,
          34.131614
        ]
      },
      "properties": {
        "tract_id": "06037302401",
        "population": 6484,
        "density_per_sqkm": 4727
      }
    },
    {
      "type": "Feature",
      "geometry": {
        "type": "Point",
        "coordinates": [
          -118.247342,
          34.137605
        ]
      },
      "properties": {
        "tract_id": "06037302503",
        "population": 4011,
        "density_per_sqkm": 12280
      }
    },
    {
      "type": "Feature",
      "geometry": {
        "type": "Point",
        "coordinates": [
          -118.200431,
          33.848563
        ]
      },
      "properties": {
        "tract_id": "06037571701",
        "population": 6495,
        "density_per_sqkm": 3780
      }
    },
    {
      "type": "Feature",
      "geometry": {
        "type": "Point",
        "coordinates": [
          -118.197411,
          33.833705
        ]
      },
      "properties": {
        "tract_id": "06037571800",
        "population": 3229,
        "density_per_sqkm": 1216
      }
    },
    {
      "type": "Feature",
      "geometry": {
        "type": "Point",
        "coordinates": [
          -118.1758,
          34.009591
        ]
      },
      "properties": {
        "tract_id": "06037532302",
        "population": 4452,
        "density_per_sqkm": 1352
      }
    },
    {
      "type": "Feature",
      "geometry": {
        "type": "Point",
        "coordinates": [
          -118.286821,
          33.920091
        ]
      },
      "properties": {
        "tract_id": "06037291110",
        "population": 4213,
        "density_per_sqkm": 5923
      }
    },
    {
      "type": "Feature",
      "geometry": {
        "type": "Point",
        "coordinates": [
          -118.287142,
          33.902442
        ]
      },
      "properties": {
        "tract_id": "06037291130",
        "population": 3454,
        "density_per_sqkm": 2674
      }
    },
    {
      "type": "Feature",
      "geometry": {
        "type": "Point",
        "coordinates": [
          -117.728494,
          34.11428
        ]
      },
      "properties": {
        "tract_id": "06037401802",
        "population": 3967,
        "density_per_sqkm": 1618
      }
    },
    {
      "type": "Feature",
      "geometry": {
        "type": "Point",
        "coordinates": [
          -117.917339,
          34.046315
        ]
      },
      "properties": {
        "tract_id": "06037408003",
        "population": 4768,
        "density_per_sqkm": 3497
      }
    },
    {
      "type": "Feature",
      "geometry": {
        "type": "Point",
        "coordinates": [
          -118.372426,
          34.162283
        ]
      },
      "properties": {
        "tract_id": "06037125404",
        "population": 3133,
        "density_per_sqkm": 13654
      }
    },
    {
      "type": "Feature",
      "geometry": {
        "type": "Point",
        "coordinates": [
          -118.61893,
          34.172125
        ]
      },
      "properties": {
        "tract_id": "06037137203",
        "population": 2416,
        "density_per_sqkm": 2156
      }
    },
    {
      "type": "Feature",
      "geometry": {
        "type": "Point",
        "coordinates": [
          -118.269562,
          33.992236
        ]
      },
      "properties": {
        "tract_id": "06037229410",
        "population": 3471,
        "density_per_sqkm": 6399
      }
    },
    {
      "type": "Feature",
      "geometry": {
        "type": "Point",
        "coordinates": [
          -118.260818,
          33.992531
        ]
      },
      "properties": {
        "tract_id": "06037229420",
        "population": 4681,
        "density_per_sqkm": 8013
      }
    },
    {
      "type": "Feature",
      "geometry": {
        "type": "Point",
        "coordinates": [
          -117.903328,
          33.984139
        ]
      },
      "properties": {
        "tract_id": "06037408724",
        "population": 5486,
        "density_per_sqkm": 10281
      }
    },
    {
      "type": "Feature",
      "geometry": {
        "type": "Point",
        "coordinates": [
          -118.364938,
          34.141512
        ]
      },
      "properties": {
        "tract_id": "06037143605",
        "population": 1945,
        "density_per_sqkm": 6194
      }
    },
    {
      "type": "Feature",
      "geometry": {
        "type": "Point",
        "coordinates": [
          -118.303404,
          34.22669
        ]
      },
      "properties": {
        "tract_id": "06037980020",
        "population": 2,
        "density_per_sqkm": 0
      }
    },
    {
      "type": "Feature",
      "geometry": {
        "type": "Point",
        "coordinates": [
          -118.096871,
          33.976394
        ]
      },
      "properties": {
        "tract_id": "06037502401",
        "population": 4772,
        "density_per_sqkm": 5047
      }
    },
    {
      "type": "Feature",
      "geometry": {
        "type": "Point",
        "coordinates": [
          -118.089726,
          33.972992
        ]
      },
      "properties": {
        "tract_id": "06037502402",
        "population": 3789,
        "density_per_sqkm": 4698
      }
    },
    {
      "type": "Feature",
      "geometry": {
        "type": "Point",
        "coordinates": [
          -118.37964,
          33.822742
        ]
      },
      "properties": {
        "tract_id": "06037621400",
        "population": 4845,
        "density_per_sqkm": 3784
      }
    },
    {
      "type": "Feature",
      "geometry": {
        "type": "Point",
        "coordinates": [
          -118.319593,
          33.878906
        ]
      },
      "properties": {
        "tract_id": "06037650001",
        "population": 5825,
        "density_per_sqkm": 3677
      }
    },
    {
      "type": "Feature",
      "geometry": {
        "type": "Point",
        "coordinates": [
          -118.317103,
          33.867387
        ]
      },
      "properties": {
        "tract_id": "06037650101",
        "population": 5771,
        "density_per_sqkm": 3043
      }
    },
    {
      "type": "Feature",
      "geometry": {
        "type": "Point",
        "coordinates": [
          -118.332591,
          33.86974
        ]
      },
      "properties": {
        "tract_id": "06037650102",
        "population": 2185,
        "density_per_sqkm": 2564
      }
    },
    {
      "type": "Feature",
      "geometry": {
        "type": "Point",
        "coordinates": [
          -117.997719,
          34.14835
        ]
      },
      "properties": {
        "tract_id": "06037431004",
        "population": 3414,
        "density_per_sqkm": 3766
      }
    },
    {
      "type": "Feature",
      "geometry": {
        "type": "Point",
        "coordinates": [
          -118.555789,
          34.073834
        ]
      },
      "properties": {
        "tract_id": "06037262601",
        "population": 3783,
        "density_per_sqkm": 1045
      }
    },
    {
      "type": "Feature",
      "geometry": {
        "type": "Point",
        "coordinates": [
          -118.353821,
          34.14749
        ]
      },
      "properties": {
        "tract_id": "06037143101",
        "population": 2142,
        "density_per_sqkm": 1620
      }
    },
    {
      "type": "Feature",
      "geometry": {
        "type": "Point",
        "coordinates": [
          -118.185282,
          33.95997
        ]
      },
      "properties": {
        "tract_id": "06037534301",
        "population": 4423,
        "density_per_sqkm": 5129
      }
    },
    {
      "type": "Feature",
      "geometry": {
        "type": "Point",
        "coordinates": [
          -117.773049,
          34.126648
        ]
      },
      "properties": {
        "tract_id": "06037400208",
        "population": 1559,
        "density_per_sqkm": 1896
      }
    },
    {
      "type": "Feature",
      "geometry": {
        "type": "Point",
        "coordinates": [
          -118.24559,
          34.055774
        ]
      },
      "properties": {
        "tract_id": "06037207400",
        "population": 2002,
        "density_per_sqkm": 2320
      }
    },
    {
      "type": "Feature",
      "geometry": {
        "type": "Point",
        "coordinates": [
          -118.13246,
          34.011779
        ]
      },
      "properties": {
        "tract_id": "06037531902",
        "population": 3953,
        "density_per_sqkm": 5587
      }
    },
    {
      "type": "Feature",
      "geometry": {
        "type": "Point",
        "coordinates": [
          -118.123554,
          34.006009
        ]
      },
      "properties": {
        "tract_id": "06037532001",
        "population": 3296,
        "density_per_sqkm": 2435
      }
    },
    {
      "type": "Feature",
      "geometry": {
        "type": "Point",
        "coordinates": [
          -118.378399,
          33.965218
        ]
      },
      "properties": {
        "tract_id": "06037277100",
        "population": 3017,
        "density_per_sqkm": 2445
      }
    },
    {
      "type": "Feature",
      "geometry": {
        "type": "Point",
        "coordinates": [
          -118.382238,
          33.952629
        ]
      },
      "properties": {
        "tract_id": "06037277200",
        "population": 1969,
        "density_per_sqkm": 1890
      }
    },
    {
      "type": "Feature",
      "geometry": {
        "type": "Point",
        "coordinates": [
          -118.409537,
          34.251497
        ]
      },
      "properties": {
        "tract_id": "06037104824",
        "population": 2207,
        "density_per_sqkm": 3728
      }
    },
    {
      "type": "Feature",
      "geometry": {
        "type": "Point",
        "coordinates": [
          -118.07436,
          33.834801
        ]
      },
      "properties": {
        "tract_id": "06037555106",
        "population": 3696,
        "density_per_sqkm": 4191
      }
    },
    {
      "type": "Feature",
      "geometry": {
        "type": "Point",
        "coordinates": [
          -118.5399,
          34.195734
        ]
      },
      "properties": {
        "tract_id": "06037131024",
        "population": 3422,
        "density_per_sqkm": 4050
      }
    },
    {
      "type": "Feature",
      "geometry": {
        "type": "Point",
        "coordinates": [
          -118.566584,
          34.195638
        ]
      },
      "properties": {
        "tract_id": "06037134802",
        "population": 3196,
        "density_per_sqkm": 3382
      }
    },
    {
      "type": "Feature",
      "geometry": {
        "type": "Point",
        "coordinates": [
          -118.540291,
          34.211573
        ]
      },
      "properties": {
        "tract_id": "06037131022",
        "population": 3491,
        "density_per_sqkm": 7002
      }
    },
    {
      "type": "Feature",
      "geometry": {
        "type": "Point",
        "coordinates": [
          -118.561066,
          34.228445
        ]
      },
      "properties": {
        "tract_id": "06037113424",
        "population": 3613,
        "density_per_sqkm": 2075
      }
    },
    {
      "type": "Feature",
      "geometry": {
        "type": "Point",
        "coordinates": [
          -118.428665,
          34.23227
        ]
      },
      "properties": {
        "tract_id": "06037119802",
        "population": 3016,
        "density_per_sqkm": 4812
      }
    },
    {
      "type": "Feature",
      "geometry": {
        "type": "Point",
        "coordinates": [
          -117.750319,
          34.057743
        ]
      },
      "properties": {
        "tract_id": "06037408800",
        "population": 4795,
        "density_per_sqkm": 2676
      }
    },
    {
      "type": "Feature",
      "geometry": {
        "type": "Point",
        "coordinates": [
          -118.262282,
          34.0242
        ]
      },
      "properties": {
        "tract_id": "06037226410",
        "population": 3456,
        "density_per_sqkm": 12234
      }
    },
    {
      "type": "Feature",
      "geometry": {
        "type": "Point",
        "coordinates": [
          -118.251933,
          34.015754
        ]
      },
      "properties": {
        "tract_id": "06037227020",
        "population": 3508,
        "density_per_sqkm": 7971
      }
    },
    {
      "type": "Feature",
      "geometry": {
        "type": "Point",
        "coordinates": [
          -118.243961,
          34.009617
        ]
      },
      "properties": {
        "tract_id": "06037228100",
        "population": 4796,
        "density_per_sqkm": 4780
      }
    },
    {
      "type": "Feature",
      "geometry": {
        "type": "Point",
        "coordinates": [
          -118.253482,
          34.010412
        ]
      },
      "properties": {
        "tract_id": "06037228210",
        "population": 3770,
        "density_per_sqkm": 9172
      }
    },
    {
      "type": "Feature",
      "geometry": {
        "type": "Point",
        "coordinates": [
          -118.251319,
          34.006045
        ]
      },
      "properties": {
        "tract_id": "06037228220",
        "population": 4458,
        "density_per_sqkm": 12173
      }
    },
    {
      "type": "Feature",
      "geometry": {
        "type": "Point",
        "coordinates": [
          -118.263636,
          34.007822
        ]
      },
      "properties": {
        "tract_id": "06037228320",
        "population": 3023,
        "density_per_sqkm": 8969
      }
    },
    {
      "type": "Feature",
      "geometry": {
        "type": "Point",
        "coordinates": [
          -118.271891,
          34.00826
        ]
      },
      "properties": {
        "tract_id": "06037228420",
        "population": 3041,
        "density_per_sqkm": 10963
      }
    },
    {
      "type": "Feature",
      "geometry": {
        "type": "Point",
        "coordinates": [
          -118.25429,
          33.999368
        ]
      },
      "properties": {
        "tract_id": "06037228710",
        "population": 4245,
        "density_per_sqkm": 10487
      }
    },
    {
      "type": "Feature",
      "geometry": {
        "type": "Point",
        "coordinates": [
          -118.249941,
          33.999367
        ]
      },
      "properties": {
        "tract_id": "06037228720",
        "population": 4394,
        "density_per_sqkm": 10872
      }
    },
    {
      "type": "Feature",
      "geometry": {
        "type": "Point",
        "coordinates": [
          -118.462189,
          34.239207
        ]
      },
      "properties": {
        "tract_id": "06037117101",
        "population": 5195,
        "density_per_sqkm": 6731
      }
    },
    {
      "type": "Feature",
      "geometry": {
        "type": "Point",
        "coordinates": [
          -118.089812,
          34.081777
        ]
      },
      "properties": {
        "tract_id": "06037481403",
        "population": 2933,
        "density_per_sqkm": 3619
      }
    },
    {
      "type": "Feature",
      "geometry": {
        "type": "Point",
        "coordinates": [
          -118.317745,
          34.103963
        ]
      },
      "properties": {
        "tract_id": "06037190302",
        "population": 2283,
        "density_per_sqkm": 9519
      }
    },
    {
      "type": "Feature",
      "geometry": {
        "type": "Point",
        "coordinates": [
          -117.971971,
          34.080859
        ]
      },
      "properties": {
        "tract_id": "06037404805",
        "population": 2706,
        "density_per_sqkm": 6031
      }
    },
    {
      "type": "Feature",
      "geometry": {
        "type": "Point",
        "coordinates": [
          -118.04263,
          34.121165
        ]
      },
      "properties": {
        "tract_id": "06037431701",
        "population": 6763,
        "density_per_sqkm": 2058
      }
    },
    {
      "type": "Feature",
      "geometry": {
        "type": "Point",
        "coordinates": [
          -118.262416,
          34.011351
        ]
      },
      "properties": {
        "tract_id": "06037228310",
        "population": 4491,
        "density_per_sqkm": 8220
      }
    },
    {
      "type": "Feature",
      "geometry": {
        "type": "Point",
        "coordinates": [
          -118.470096,
          34.242681
        ]
      },
      "properties": {
        "tract_id": "06037117201",
        "population": 4514,
        "density_per_sqkm": 5702
      }
    },
    {
      "type": "Feature",
      "geometry": {
        "type": "Point",
        "coordinates": [
          -118.470312,
          34.230106
        ]
      },
      "properties": {
        "tract_id": "06037117407",
        "population": 3482,
        "density_per_sqkm": 17557
      }
    },
    {
      "type": "Feature",
      "geometry": {
        "type": "Point",
        "coordinates": [
          -118.470371,
          34.224846
        ]
      },
      "properties": {
        "tract_id": "06037117408",
        "population": 2843,
        "density_per_sqkm": 7551
      }
    },
    {
      "type": "Feature",
      "geometry": {
        "type": "Point",
        "coordinates": [
          -118.447267,
          34.240769
        ]
      },
      "properties": {
        "tract_id": "06037119342",
        "population": 3076,
        "density_per_sqkm": 14039
      }
    },
    {
      "type": "Feature",
      "geometry": {
        "type": "Point",
        "coordinates": [
          -118.451799,
          34.22972
        ]
      },
      "properties": {
        "tract_id": "06037120103",
        "population": 3123,
        "density_per_sqkm": 22553
      }
    },
    {
      "type": "Feature",
      "geometry": {
        "type": "Point",
        "coordinates": [
          -118.371289,
          34.14119
        ]
      },
      "properties": {
        "tract_id": "06037143606",
        "population": 1581,
        "density_per_sqkm": 6847
      }
    },
    {
      "type": "Feature",
      "geometry": {
        "type": "Point",
        "coordinates": [
          -118.353898,
          34.089278
        ]
      },
      "properties": {
        "tract_id": "06037700102",
        "population": 4448,
        "density_per_sqkm": 9060
      }
    },
    {
      "type": "Feature",
      "geometry": {
        "type": "Point",
        "coordinates": [
          -118.656567,
          34.213568
        ]
      },
      "properties": {
        "tract_id": "06037134424",
        "population": 2862,
        "density_per_sqkm": 771
      }
    },
    {
      "type": "Feature",
      "geometry": {
        "type": "Point",
        "coordinates": [
          -118.302515,
          33.829971
        ]
      },
      "properties": {
        "tract_id": "06037293204",
        "population": 3119,
        "density_per_sqkm": 5172
      }
    },
    {
      "type": "Feature",
      "geometry": {
        "type": "Point",
        "coordinates": [
          -118.139987,
          33.967477
        ]
      },
      "properties": {
        "tract_id": "06037534002",
        "population": 4130,
        "density_per_sqkm": 4602
      }
    },
    {
      "type": "Feature",
      "geometry": {
        "type": "Point",
        "coordinates": [
          -118.076815,
          33.827655
        ]
      },
      "properties": {
        "tract_id": "06037555211",
        "population": 5773,
        "density_per_sqkm": 7345
      }
    },
    {
      "type": "Feature",
      "geometry": {
        "type": "Point",
        "coordinates": [
          -118.067279,
          33.828085
        ]
      },
      "properties": {
        "tract_id": "06037555212",
        "population": 4680,
        "density_per_sqkm": 6004
      }
    },
    {
      "type": "Feature",
      "geometry": {
        "type": "Point",
        "coordinates": [
          -118.129473,
          33.864658
        ]
      },
      "properties": {
        "tract_id": "06037570002",
        "population": 2883,
        "density_per_sqkm": 3705
      }
    },
    {
      "type": "Feature",
      "geometry": {
        "type": "Point",
        "coordinates": [
          -118.367583,
          33.832222
        ]
      },
      "properties": {
        "tract_id": "06037650702",
        "population": 4521,
        "density_per_sqkm": 3232
      }
    },
    {
      "type": "Feature",
      "geometry": {
        "type": "Point",
        "coordinates": [
          -118.135386,
          34.058749
        ]
      },
      "properties": {
        "tract_id": "06037482101",
        "population": 4771,
        "density_per_sqkm": 4141
      }
    },
    {
      "type": "Feature",
      "geometry": {
        "type": "Point",
        "coordinates": [
          -118.13217,
          34.104
        ]
      },
      "properties": {
        "tract_id": "06037480400",
        "population": 5698,
        "density_per_sqkm": 4432
      }
    },
    {
      "type": "Feature",
      "geometry": {
        "type": "Point",
        "coordinates": [
          -118.126063,
          34.083245
        ]
      },
      "properties": {
        "tract_id": "06037481604",
        "population": 3863,
        "density_per_sqkm": 6201
      }
    },
    {
      "type": "Feature",
      "geometry": {
        "type": "Point",
        "coordinates": [
          -118.1119,
          34.066389
        ]
      },
      "properties": {
        "tract_id": "06037481712",
        "population": 5076,
        "density_per_sqkm": 6891
      }
    },
    {
      "type": "Feature",
      "geometry": {
        "type": "Point",
        "coordinates": [
          -118.129158,
          34.067964
        ]
      },
      "properties": {
        "tract_id": "06037481713",
        "population": 2731,
        "density_per_sqkm": 5858
      }
    },
    {
      "type": "Feature",
      "geometry": {
        "type": "Point",
        "coordinates": [
          -118.234293,
          34.20456
        ]
      },
      "properties": {
        "tract_id": "06037300602",
        "population": 3580,
        "density_per_sqkm": 2396
      }
    },
    {
      "type": "Feature",
      "geometry": {
        "type": "Point",
        "coordinates": [
          -118.274433,
          33.883511
        ]
      },
      "properties": {
        "tract_id": "06037541003",
        "population": 4863,
        "density_per_sqkm": 804
      }
    },
    {
      "type": "Feature",
      "geometry": {
        "type": "Point",
        "coordinates": [
          -118.13287,
          34.050659
        ]
      },
      "properties": {
        "tract_id": "06037482102",
        "population": 2846,
        "density_per_sqkm": 2592
      }
    },
    {
      "type": "Feature",
      "geometry": {
        "type": "Point",
        "coordinates": [
          -117.898045,
          34.14834
        ]
      },
      "properties": {
        "tract_id": "06037400605",
        "population": 7161,
        "density_per_sqkm": 1441
      }
    },
    {
      "type": "Feature",
      "geometry": {
        "type": "Point",
        "coordinates": [
          -118.084445,
          34.014894
        ]
      },
      "properties": {
        "tract_id": "06037500500",
        "population": 2954,
        "density_per_sqkm": 4578
      }
    },
    {
      "type": "Feature",
      "geometry": {
        "type": "Point",
        "coordinates": [
          -118.138926,
          34.08028
        ]
      },
      "properties": {
        "tract_id": "06037480902",
        "population": 4024,
        "density_per_sqkm": 7837
      }
    },
    {
      "type": "Feature",
      "geometry": {
        "type": "Point",
        "coordinates": [
          -118.329799,
          34.11126
        ]
      },
      "properties": {
        "tract_id": "06037189600",
        "population": 3738,
        "density_per_sqkm": 3491
      }
    },
    {
      "type": "Feature",
      "geometry": {
        "type": "Point",
        "coordinates": [
          -118.321143,
          34.120081
        ]
      },
      "properties": {
        "tract_id": "06037189400",
        "population": 3575,
        "density_per_sqkm": 2471
      }
    },
    {
      "type": "Feature",
      "geometry": {
        "type": "Point",
        "coordinates": [
          -118.208874,
          34.136719
        ]
      },
      "properties": {
        "tract_id": "06037181400",
        "population": 4134,
        "density_per_sqkm": 4702
      }
    },
    {
      "type": "Feature",
      "geometry": {
        "type": "Point",
        "coordinates": [
          -118.323015,
          33.824488
        ]
      },
      "properties": {
        "tract_id": "06037650904",
        "population": 2673,
        "density_per_sqkm": 2859
      }
    },
    {
      "type": "Feature",
      "geometry": {
        "type": "Point",
        "coordinates": [
          -118.133704,
          33.835957
        ]
      },
      "properties": {
        "tract_id": "06037571201",
        "population": 3775,
        "density_per_sqkm": 2892
      }
    },
    {
      "type": "Feature",
      "geometry": {
        "type": "Point",
        "coordinates": [
          -118.36498,
          33.862251
        ]
      },
      "properties": {
        "tract_id": "06037620602",
        "population": 5454,
        "density_per_sqkm": 4044
      }
    },
    {
      "type": "Feature",
      "geometry": {
        "type": "Point",
        "coordinates": [
          -118.381288,
          33.869976
        ]
      },
      "properties": {
        "tract_id": "06037620701",
        "population": 6991,
        "density_per_sqkm": 6860
      }
    },
    {
      "type": "Feature",
      "geometry": {
        "type": "Point",
        "coordinates": [
          -118.400328,
          33.882808
        ]
      },
      "properties": {
        "tract_id": "06037620901",
        "population": 2639,
        "density_per_sqkm": 3021
      }
    },
    {
      "type": "Feature",
      "geometry": {
        "type": "Point",
        "coordinates": [
          -118.393968,
          33.869847
        ]
      },
      "properties": {
        "tract_id": "06037621001",
        "population": 4346,
        "density_per_sqkm": 4566
      }
    },
    {
      "type": "Feature",
      "geometry": {
        "type": "Point",
        "coordinates": [
          -118.388381,
          33.860028
        ]
      },
      "properties": {
        "tract_id": "06037621102",
        "population": 3049,
        "density_per_sqkm": 5607
      }
    },
    {
      "type": "Feature",
      "geometry": {
        "type": "Point",
        "coordinates": [
          -118.089704,
          33.92127
        ]
      },
      "properties": {
        "tract_id": "06037550202",
        "population": 5358,
        "density_per_sqkm": 4252
      }
    },
    {
      "type": "Feature",
      "geometry": {
        "type": "Point",
        "coordinates": [
          -118.117158,
          33.962269
        ]
      },
      "properties": {
        "tract_id": "06037550601",
        "population": 5861,
        "density_per_sqkm": 5001
      }
    },
    {
      "type": "Feature",
      "geometry": {
        "type": "Point",
        "coordinates": [
          -117.941209,
          34.0876
        ]
      },
      "properties": {
        "tract_id": "06037405301",
        "population": 3614,
        "density_per_sqkm": 4379
      }
    },
    {
      "type": "Feature",
      "geometry": {
        "type": "Point",
        "coordinates": [
          -117.943993,
          34.076461
        ]
      },
      "properties": {
        "tract_id": "06037405302",
        "population": 5603,
        "density_per_sqkm": 3121
      }
    },
    {
      "type": "Feature",
      "geometry": {
        "type": "Point",
        "coordinates": [
          -118.283323,
          34.181529
        ]
      },
      "properties": {
        "tract_id": "06037301400",
        "population": 3936,
        "density_per_sqkm": 2488
      }
    },
    {
      "type": "Feature",
      "geometry": {
        "type": "Point",
        "coordinates": [
          -118.286981,
          34.175284
        ]
      },
      "properties": {
        "tract_id": "06037301501",
        "population": 1861,
        "density_per_sqkm": 3081
      }
    },
    {
      "type": "Feature",
      "geometry": {
        "type": "Point",
        "coordinates": [
          -118.122363,
          33.955125
        ]
      },
      "properties": {
        "tract_id": "06037550602",
        "population": 4444,
        "density_per_sqkm": 3009
      }
    },
    {
      "type": "Feature",
      "geometry": {
        "type": "Point",
        "coordinates": [
          -118.128974,
          33.942061
        ]
      },
      "properties": {
        "tract_id": "06037550901",
        "population": 4497,
        "density_per_sqkm": 3995
      }
    },
    {
      "type": "Feature",
      "geometry": {
        "type": "Point",
        "coordinates": [
          -118.054623,
          34.575347
        ]
      },
      "properties": {
        "tract_id": "06037910721",
        "population": 3330,
        "density_per_sqkm": 1708
      }
    },
    {
      "type": "Feature",
      "geometry": {
        "type": "Point",
        "coordinates": [
          -118.198813,
          34.680619
        ]
      },
      "properties": {
        "tract_id": "06037901013",
        "population": 4431,
        "density_per_sqkm": 1500
      }
    },
    {
      "type": "Feature",
      "geometry": {
        "type": "Point",
        "coordinates": [
          -118.089222,
          33.940876
        ]
      },
      "properties": {
        "tract_id": "06037502801",
        "population": 6347,
        "density_per_sqkm": 2850
      }
    },
    {
      "type": "Feature",
      "geometry": {
        "type": "Point",
        "coordinates": [
          -118.033278,
          33.924175
        ]
      },
      "properties": {
        "tract_id": "06037503105",
        "population": 3618,
        "density_per_sqkm": 3298
      }
    },
    {
      "type": "Feature",
      "geometry": {
        "type": "Point",
        "coordinates": [
          -118.20336,
          33.917043
        ]
      },
      "properties": {
        "tract_id": "06037541700",
        "population": 6278,
        "density_per_sqkm": 4477
      }
    },
    {
      "type": "Feature",
      "geometry": {
        "type": "Point",
        "coordinates": [
          -118.023672,
          33.92076
        ]
      },
      "properties": {
        "tract_id": "06037503106",
        "population": 3822,
        "density_per_sqkm": 4132
      }
    },
    {
      "type": "Feature",
      "geometry": {
        "type": "Point",
        "coordinates": [
          -118.149397,
          33.839523
        ]
      },
      "properties": {
        "tract_id": "06037571300",
        "population": 4638,
        "density_per_sqkm": 2258
      }
    },
    {
      "type": "Feature",
      "geometry": {
        "type": "Point",
        "coordinates": [
          -118.159372,
          33.836259
        ]
      },
      "properties": {
        "tract_id": "06037571400",
        "population": 4950,
        "density_per_sqkm": 2590
      }
    },
    {
      "type": "Feature",
      "geometry": {
        "type": "Point",
        "coordinates": [
          -118.184228,
          33.842185
        ]
      },
      "properties": {
        "tract_id": "06037571502",
        "population": 5067,
        "density_per_sqkm": 3686
      }
    },
    {
      "type": "Feature",
      "geometry": {
        "type": "Point",
        "coordinates": [
          -118.186675,
          33.90988
        ]
      },
      "properties": {
        "tract_id": "06037541802",
        "population": 5293,
        "density_per_sqkm": 4768
      }
    },
    {
      "type": "Feature",
      "geometry": {
        "type": "Point",
        "coordinates": [
          -118.181383,
          33.849871
        ]
      },
      "properties": {
        "tract_id": "06037571600",
        "population": 2180,
        "density_per_sqkm": 7545
      }
    },
    {
      "type": "Feature",
      "geometry": {
        "type": "Point",
        "coordinates": [
          -117.916025,
          34.019221
        ]
      },
      "properties": {
        "tract_id": "06037408138",
        "population": 6131,
        "density_per_sqkm": 6850
      }
    },
    {
      "type": "Feature",
      "geometry": {
        "type": "Point",
        "coordinates": [
          -117.895312,
          34.126587
        ]
      },
      "properties": {
        "tract_id": "06037404201",
        "population": 3950,
        "density_per_sqkm": 4259
      }
    },
    {
      "type": "Feature",
      "geometry": {
        "type": "Point",
        "coordinates": [
          -117.913403,
          34.01232
        ]
      },
      "properties": {
        "tract_id": "06037408139",
        "population": 4290,
        "density_per_sqkm": 5469
      }
    },
    {
      "type": "Feature",
      "geometry": {
        "type": "Point",
        "coordinates": [
          -118.19992,
          34.695126
        ]
      },
      "properties": {
        "tract_id": "06037901014",
        "population": 5270,
        "density_per_sqkm": 843
      }
    },
    {
      "type": "Feature",
      "geometry": {
        "type": "Point",
        "coordinates": [
          -117.90334,
          34.110492
        ]
      },
      "properties": {
        "tract_id": "06037404504",
        "population": 5087,
        "density_per_sqkm": 7567
      }
    },
    {
      "type": "Feature",
      "geometry": {
        "type": "Point",
        "coordinates": [
          -118.158975,
          33.79861
        ]
      },
      "properties": {
        "tract_id": "06037573403",
        "population": 3446,
        "density_per_sqkm": 2070
      }
    },
    {
      "type": "Feature",
      "geometry": {
        "type": "Point",
        "coordinates": [
          -118.10962,
          33.826565
        ]
      },
      "properties": {
        "tract_id": "06037573700",
        "population": 4790,
        "density_per_sqkm": 2636
      }
    },
    {
      "type": "Feature",
      "geometry": {
        "type": "Point",
        "coordinates": [
          -118.379746,
          33.835075
        ]
      },
      "properties": {
        "tract_id": "06037621301",
        "population": 7291,
        "density_per_sqkm": 4665
      }
    },
    {
      "type": "Feature",
      "geometry": {
        "type": "Point",
        "coordinates": [
          -118.618956,
          34.188531
        ]
      },
      "properties": {
        "tract_id": "06037135102",
        "population": 3612,
        "density_per_sqkm": 2185
      }
    },
    {
      "type": "Feature",
      "geometry": {
        "type": "Point",
        "coordinates": [
          -118.795196,
          34.109062
        ]
      },
      "properties": {
        "tract_id": "06037800335",
        "population": 5189,
        "density_per_sqkm": 74
      }
    },
    {
      "type": "Feature",
      "geometry": {
        "type": "Point",
        "coordinates": [
          -118.169139,
          33.801688
        ]
      },
      "properties": {
        "tract_id": "06037573402",
        "population": 6827,
        "density_per_sqkm": 2304
      }
    },
    {
      "type": "Feature",
      "geometry": {
        "type": "Point",
        "coordinates": [
          -118.527309,
          34.195676
        ]
      },
      "properties": {
        "tract_id": "06037132302",
        "population": 3005,
        "density_per_sqkm": 4640
      }
    },
    {
      "type": "Feature",
      "geometry": {
        "type": "Point",
        "coordinates": [
          -118.153701,
          33.967443
        ]
      },
      "properties": {
        "tract_id": "06037533902",
        "population": 3840,
        "density_per_sqkm": 5045
      }
    },
    {
      "type": "Feature",
      "geometry": {
        "type": "Point",
        "coordinates": [
          -118.146867,
          33.967932
        ]
      },
      "properties": {
        "tract_id": "06037534001",
        "population": 5132,
        "density_per_sqkm": 6538
      }
    },
    {
      "type": "Feature",
      "geometry": {
        "type": "Point",
        "coordinates": [
          -118.203158,
          33.905571
        ]
      },
      "properties": {
        "tract_id": "06037542000",
        "population": 5358,
        "density_per_sqkm": 5501
      }
    },
    {
      "type": "Feature",
      "geometry": {
        "type": "Point",
        "coordinates": [
          -118.195233,
          33.972773
        ]
      },
      "properties": {
        "tract_id": "06037533603",
        "population": 6106,
        "density_per_sqkm": 7543
      }
    },
    {
      "type": "Feature",
      "geometry": {
        "type": "Point",
        "coordinates": [
          -118.293191,
          33.776524
        ]
      },
      "properties": {
        "tract_id": "06037980015",
        "population": 1267,
        "density_per_sqkm": 244
      }
    },
    {
      "type": "Feature",
      "geometry": {
        "type": "Point",
        "coordinates": [
          -118.07612,
          34.067082
        ]
      },
      "properties": {
        "tract_id": "06037433601",
        "population": 4586,
        "density_per_sqkm": 4075
      }
    },
    {
      "type": "Feature",
      "geometry": {
        "type": "Point",
        "coordinates": [
          -118.253084,
          34.052707
        ]
      },
      "properties": {
        "tract_id": "06037207502",
        "population": 4113,
        "density_per_sqkm": 9831
      }
    },
    {
      "type": "Feature",
      "geometry": {
        "type": "Point",
        "coordinates": [
          -118.311582,
          34.067147
        ]
      },
      "properties": {
        "tract_id": "06037211703",
        "population": 4716,
        "density_per_sqkm": 25615
      }
    },
    {
      "type": "Feature",
      "geometry": {
        "type": "Point",
        "coordinates": [
          -118.319314,
          34.054304
        ]
      },
      "properties": {
        "tract_id": "06037212701",
        "population": 2487,
        "density_per_sqkm": 5296
      }
    },
    {
      "type": "Feature",
      "geometry": {
        "type": "Point",
        "coordinates": [
          -118.246519,
          33.971167
        ]
      },
      "properties": {
        "tract_id": "06037535002",
        "population": 3318,
        "density_per_sqkm": 6866
      }
    },
    {
      "type": "Feature",
      "geometry": {
        "type": "Point",
        "coordinates": [
          -118.296021,
          34.043574
        ]
      },
      "properties": {
        "tract_id": "06037221220",
        "population": 3143,
        "density_per_sqkm": 4766
      }
    },
    {
      "type": "Feature",
      "geometry": {
        "type": "Point",
        "coordinates": [
          -118.039377,
          33.963177
        ]
      },
      "properties": {
        "tract_id": "06037502003",
        "population": 2745,
        "density_per_sqkm": 4265
      }
    },
    {
      "type": "Feature",
      "geometry": {
        "type": "Point",
        "coordinates": [
          -118.047793,
          33.960905
        ]
      },
      "properties": {
        "tract_id": "06037502004",
        "population": 4088,
        "density_per_sqkm": 3062
      }
    },
    {
      "type": "Feature",
      "geometry": {
        "type": "Point",
        "coordinates": [
          -118.418685,
          34.136956
        ]
      },
      "properties": {
        "tract_id": "06037143902",
        "population": 2979,
        "density_per_sqkm": 1181
      }
    },
    {
      "type": "Feature",
      "geometry": {
        "type": "Point",
        "coordinates": [
          -118.437648,
          34.137986
        ]
      },
      "properties": {
        "tract_id": "06037141700",
        "population": 3096,
        "density_per_sqkm": 954
      }
    },
    {
      "type": "Feature",
      "geometry": {
        "type": "Point",
        "coordinates": [
          -118.220701,
          33.913963
        ]
      },
      "properties": {
        "tract_id": "06037541603",
        "population": 2748,
        "density_per_sqkm": 2187
      }
    },
    {
      "type": "Feature",
      "geometry": {
        "type": "Point",
        "coordinates": [
          -118.211913,
          33.907848
        ]
      },
      "properties": {
        "tract_id": "06037541604",
        "population": 5993,
        "density_per_sqkm": 7221
      }
    },
    {
      "type": "Feature",
      "geometry": {
        "type": "Point",
        "coordinates": [
          -118.084148,
          33.927846
        ]
      },
      "properties": {
        "tract_id": "06037550201",
        "population": 2853,
        "density_per_sqkm": 5390
      }
    },
    {
      "type": "Feature",
      "geometry": {
        "type": "Point",
        "coordinates": [
          -117.778659,
          34.096875
        ]
      },
      "properties": {
        "tract_id": "06037401500",
        "population": 5027,
        "density_per_sqkm": 1054
      }
    },
    {
      "type": "Feature",
      "geometry": {
        "type": "Point",
        "coordinates": [
          -117.764083,
          34.117174
        ]
      },
      "properties": {
        "tract_id": "06037401601",
        "population": 5593,
        "density_per_sqkm": 2155
      }
    },
    {
      "type": "Feature",
      "geometry": {
        "type": "Point",
        "coordinates": [
          -117.763987,
          34.106081
        ]
      },
      "properties": {
        "tract_id": "06037401602",
        "population": 5792,
        "density_per_sqkm": 2858
      }
    },
    {
      "type": "Feature",
      "geometry": {
        "type": "Point",
        "coordinates": [
          -118.002219,
          34.095818
        ]
      },
      "properties": {
        "tract_id": "06037432502",
        "population": 3431,
        "density_per_sqkm": 2206
      }
    },
    {
      "type": "Feature",
      "geometry": {
        "type": "Point",
        "coordinates": [
          -118.59521,
          34.204628
        ]
      },
      "properties": {
        "tract_id": "06037134521",
        "population": 2972,
        "density_per_sqkm": 8448
      }
    },
    {
      "type": "Feature",
      "geometry": {
        "type": "Point",
        "coordinates": [
          -118.605958,
          34.181013
        ]
      },
      "properties": {
        "tract_id": "06037135113",
        "population": 3240,
        "density_per_sqkm": 5034
      }
    },
    {
      "type": "Feature",
      "geometry": {
        "type": "Point",
        "coordinates": [
          -118.062036,
          33.982273
        ]
      },
      "properties": {
        "tract_id": "06037501002",
        "population": 4882,
        "density_per_sqkm": 3314
      }
    },
    {
      "type": "Feature",
      "geometry": {
        "type": "Point",
        "coordinates": [
          -118.356939,
          33.949073
        ]
      },
      "properties": {
        "tract_id": "06037601202",
        "population": 3832,
        "density_per_sqkm": 5857
      }
    },
    {
      "type": "Feature",
      "geometry": {
        "type": "Point",
        "coordinates": [
          -118.324062,
          34.107705
        ]
      },
      "properties": {
        "tract_id": "06037189502",
        "population": 2251,
        "density_per_sqkm": 9029
      }
    },
    {
      "type": "Feature",
      "geometry": {
        "type": "Point",
        "coordinates": [
          -118.60134,
          34.174485
        ]
      },
      "properties": {
        "tract_id": "06037137103",
        "population": 4951,
        "density_per_sqkm": 6517
      }
    },
    {
      "type": "Feature",
      "geometry": {
        "type": "Point",
        "coordinates": [
          -117.875552,
          34.008907
        ]
      },
      "properties": {
        "tract_id": "06037408136",
        "population": 3832,
        "density_per_sqkm": 3798
      }
    },
    {
      "type": "Feature",
      "geometry": {
        "type": "Point",
        "coordinates": [
          -118.180045,
          33.813415
        ]
      },
      "properties": {
        "tract_id": "06037573401",
        "population": 1575,
        "density_per_sqkm": 1520
      }
    },
    {
      "type": "Feature",
      "geometry": {
        "type": "Point",
        "coordinates": [
          -118.338369,
          34.164758
        ]
      },
      "properties": {
        "tract_id": "06037311500",
        "population": 5921,
        "density_per_sqkm": 3961
      }
    },
    {
      "type": "Feature",
      "geometry": {
        "type": "Point",
        "coordinates": [
          -118.416614,
          34.193575
        ]
      },
      "properties": {
        "tract_id": "06037123420",
        "population": 4481,
        "density_per_sqkm": 5755
      }
    },
    {
      "type": "Feature",
      "geometry": {
        "type": "Point",
        "coordinates": [
          -118.566643,
          34.214303
        ]
      },
      "properties": {
        "tract_id": "06037134101",
        "population": 4991,
        "density_per_sqkm": 4683
      }
    },
    {
      "type": "Feature",
      "geometry": {
        "type": "Point",
        "coordinates": [
          -118.339504,
          33.941586
        ]
      },
      "properties": {
        "tract_id": "06037601900",
        "population": 5091,
        "density_per_sqkm": 7308
      }
    },
    {
      "type": "Feature",
      "geometry": {
        "type": "Point",
        "coordinates": [
          -118.207637,
          33.967724
        ]
      },
      "properties": {
        "tract_id": "06037534501",
        "population": 5077,
        "density_per_sqkm": 7586
      }
    },
    {
      "type": "Feature",
      "geometry": {
        "type": "Point",
        "coordinates": [
          -118.052227,
          33.972665
        ]
      },
      "properties": {
        "tract_id": "06037502100",
        "population": 5079,
        "density_per_sqkm": 2622
      }
    },
    {
      "type": "Feature",
      "geometry": {
        "type": "Point",
        "coordinates": [
          -118.071879,
          33.976797
        ]
      },
      "properties": {
        "tract_id": "06037502200",
        "population": 6477,
        "density_per_sqkm": 3729
      }
    },
    {
      "type": "Feature",
      "geometry": {
        "type": "Point",
        "coordinates": [
          -118.170502,
          33.972357
        ]
      },
      "properties": {
        "tract_id": "06037533806",
        "population": 3941,
        "density_per_sqkm": 4927
      }
    },
    {
      "type": "Feature",
      "geometry": {
        "type": "Point",
        "coordinates": [
          -118.52088,
          34.463878
        ]
      },
      "properties": {
        "tract_id": "06037920016",
        "population": 4423,
        "density_per_sqkm": 2088
      }
    },
    {
      "type": "Feature",
      "geometry": {
        "type": "Point",
        "coordinates": [
          -118.308438,
          34.045383
        ]
      },
      "properties": {
        "tract_id": "06037221303",
        "population": 2384,
        "density_per_sqkm": 10189
      }
    },
    {
      "type": "Feature",
      "geometry": {
        "type": "Point",
        "coordinates": [
          -118.597464,
          34.632625
        ]
      },
      "properties": {
        "tract_id": "06037920102",
        "population": 5115,
        "density_per_sqkm": 8
      }
    },
    {
      "type": "Feature",
      "geometry": {
        "type": "Point",
        "coordinates": [
          -118.55006,
          34.42579
        ]
      },
      "properties": {
        "tract_id": "06037920115",
        "population": 4144,
        "density_per_sqkm": 1151
      }
    },
    {
      "type": "Feature",
      "geometry": {
        "type": "Point",
        "coordinates": [
          -118.163646,
          34.09498
        ]
      },
      "properties": {
        "tract_id": "06037201120",
        "population": 4395,
        "density_per_sqkm": 5547
      }
    },
    {
      "type": "Feature",
      "geometry": {
        "type": "Point",
        "coordinates": [
          -118.164655,
          34.086574
        ]
      },
      "properties": {
        "tract_id": "06037201501",
        "population": 4974,
        "density_per_sqkm": 5597
      }
    },
    {
      "type": "Feature",
      "geometry": {
        "type": "Point",
        "coordinates": [
          -118.173901,
          34.085173
        ]
      },
      "properties": {
        "tract_id": "06037201503",
        "population": 3059,
        "density_per_sqkm": 6962
      }
    },
    {
      "type": "Feature",
      "geometry": {
        "type": "Point",
        "coordinates": [
          -118.173792,
          34.080828
        ]
      },
      "properties": {
        "tract_id": "06037201504",
        "population": 2254,
        "density_per_sqkm": 6119
      }
    },
    {
      "type": "Feature",
      "geometry": {
        "type": "Point",
        "coordinates": [
          -117.73273,
          34.05545
        ]
      },
      "properties": {
        "tract_id": "06037402801",
        "population": 4911,
        "density_per_sqkm": 2705
      }
    },
    {
      "type": "Feature",
      "geometry": {
        "type": "Point",
        "coordinates": [
          -117.873247,
          34.121509
        ]
      },
      "properties": {
        "tract_id": "06037403901",
        "population": 3198,
        "density_per_sqkm": 2542
      }
    },
    {
      "type": "Feature",
      "geometry": {
        "type": "Point",
        "coordinates": [
          -117.87248,
          34.112083
        ]
      },
      "properties": {
        "tract_id": "06037403902",
        "population": 5011,
        "density_per_sqkm": 2371
      }
    },
    {
      "type": "Feature",
      "geometry": {
        "type": "Point",
        "coordinates": [
          -117.942159,
          34.172265
        ]
      },
      "properties": {
        "tract_id": "06037430003",
        "population": 4553,
        "density_per_sqkm": 381
      }
    },
    {
      "type": "Feature",
      "geometry": {
        "type": "Point",
        "coordinates": [
          -117.987669,
          34.175936
        ]
      },
      "properties": {
        "tract_id": "06037430301",
        "population": 4406,
        "density_per_sqkm": 181
      }
    },
    {
      "type": "Feature",
      "geometry": {
        "type": "Point",
        "coordinates": [
          -118.461787,
          33.969871
        ]
      },
      "properties": {
        "tract_id": "06037274202",
        "population": 4903,
        "density_per_sqkm": 5147
      }
    },
    {
      "type": "Feature",
      "geometry": {
        "type": "Point",
        "coordinates": [
          -118.326296,
          33.751919
        ]
      },
      "properties": {
        "tract_id": "06037670702",
        "population": 5555,
        "density_per_sqkm": 830
      }
    },
    {
      "type": "Feature",
      "geometry": {
        "type": "Point",
        "coordinates": [
          -118.339684,
          33.778465
        ]
      },
      "properties": {
        "tract_id": "06037670201",
        "population": 4050,
        "density_per_sqkm": 831
      }
    },
    {
      "type": "Feature",
      "geometry": {
        "type": "Point",
        "coordinates": [
          -118.271112,
          34.136429
        ]
      },
      "properties": {
        "tract_id": "06037188100",
        "population": 4070,
        "density_per_sqkm": 1946
      }
    },
    {
      "type": "Feature",
      "geometry": {
        "type": "Point",
        "coordinates": [
          -118.264136,
          34.120757
        ]
      },
      "properties": {
        "tract_id": "06037188300",
        "population": 3271,
        "density_per_sqkm": 3612
      }
    },
    {
      "type": "Feature",
      "geometry": {
        "type": "Point",
        "coordinates": [
          -118.612545,
          34.225826
        ]
      },
      "properties": {
        "tract_id": "06037113232",
        "population": 4297,
        "density_per_sqkm": 2080
      }
    },
    {
      "type": "Feature",
      "geometry": {
        "type": "Point",
        "coordinates": [
          -118.170847,
          34.019891
        ]
      },
      "properties": {
        "tract_id": "06037531502",
        "population": 3279,
        "density_per_sqkm": 7528
      }
    },
    {
      "type": "Feature",
      "geometry": {
        "type": "Point",
        "coordinates": [
          -118.161518,
          34.0298
        ]
      },
      "properties": {
        "tract_id": "06037531603",
        "population": 3285,
        "density_per_sqkm": 7558
      }
    },
    {
      "type": "Feature",
      "geometry": {
        "type": "Point",
        "coordinates": [
          -118.162374,
          34.023837
        ]
      },
      "properties": {
        "tract_id": "06037531604",
        "population": 3453,
        "density_per_sqkm": 9415
      }
    },
    {
      "type": "Feature",
      "geometry": {
        "type": "Point",
        "coordinates": [
          -118.152085,
          34.021689
        ]
      },
      "properties": {
        "tract_id": "06037531701",
        "population": 5498,
        "density_per_sqkm": 8629
      }
    },
    {
      "type": "Feature",
      "geometry": {
        "type": "Point",
        "coordinates": [
          -118.159775,
          34.015873
        ]
      },
      "properties": {
        "tract_id": "06037531702",
        "population": 4564,
        "density_per_sqkm": 6790
      }
    },
    {
      "type": "Feature",
      "geometry": {
        "type": "Point",
        "coordinates": [
          -118.142338,
          34.013249
        ]
      },
      "properties": {
        "tract_id": "06037531901",
        "population": 6228,
        "density_per_sqkm": 8079
      }
    },
    {
      "type": "Feature",
      "geometry": {
        "type": "Point",
        "coordinates": [
          -118.285835,
          33.94024
        ]
      },
      "properties": {
        "tract_id": "06037241201",
        "population": 3105,
        "density_per_sqkm": 6390
      }
    },
    {
      "type": "Feature",
      "geometry": {
        "type": "Point",
        "coordinates": [
          -118.25314,
          33.971406
        ]
      },
      "properties": {
        "tract_id": "06037535001",
        "population": 4152,
        "density_per_sqkm": 9231
      }
    },
    {
      "type": "Feature",
      "geometry": {
        "type": "Point",
        "coordinates": [
          -118.357895,
          34.071236
        ]
      },
      "properties": {
        "tract_id": "06037214501",
        "population": 3104,
        "density_per_sqkm": 4126
      }
    },
    {
      "type": "Feature",
      "geometry": {
        "type": "Point",
        "coordinates": [
          -118.354009,
          34.063651
        ]
      },
      "properties": {
        "tract_id": "06037215101",
        "population": 2614,
        "density_per_sqkm": 7433
      }
    },
    {
      "type": "Feature",
      "geometry": {
        "type": "Point",
        "coordinates": [
          -118.145985,
          33.941458
        ]
      },
      "properties": {
        "tract_id": "06037551402",
        "population": 4567,
        "density_per_sqkm": 3951
      }
    },
    {
      "type": "Feature",
      "geometry": {
        "type": "Point",
        "coordinates": [
          -118.157967,
          33.935642
        ]
      },
      "properties": {
        "tract_id": "06037551501",
        "population": 4920,
        "density_per_sqkm": 3381
      }
    },
    {
      "type": "Feature",
      "geometry": {
        "type": "Point",
        "coordinates": [
          -118.372062,
          34.14944
        ]
      },
      "properties": {
        "tract_id": "06037143200",
        "population": 4377,
        "density_per_sqkm": 4573
      }
    },
    {
      "type": "Feature",
      "geometry": {
        "type": "Point",
        "coordinates": [
          -118.187839,
          34.088242
        ]
      },
      "properties": {
        "tract_id": "06037201301",
        "population": 3409,
        "density_per_sqkm": 3936
      }
    },
    {
      "type": "Feature",
      "geometry": {
        "type": "Point",
        "coordinates": [
          -118.08326,
          33.876831
        ]
      },
      "properties": {
        "tract_id": "06037554801",
        "population": 3281,
        "density_per_sqkm": 3630
      }
    },
    {
      "type": "Feature",
      "geometry": {
        "type": "Point",
        "coordinates": [
          -118.209423,
          34.089266
        ]
      },
      "properties": {
        "tract_id": "06037199400",
        "population": 4470,
        "density_per_sqkm": 6672
      }
    },
    {
      "type": "Feature",
      "geometry": {
        "type": "Point",
        "coordinates": [
          -118.35379,
          34.050892
        ]
      },
      "properties": {
        "tract_id": "06037217102",
        "population": 2930,
        "density_per_sqkm": 5838
      }
    },
    {
      "type": "Feature",
      "geometry": {
        "type": "Point",
        "coordinates": [
          -118.438695,
          34.052029
        ]
      },
      "properties": {
        "tract_id": "06037265523",
        "population": 1884,
        "density_per_sqkm": 5566
      }
    },
    {
      "type": "Feature",
      "geometry": {
        "type": "Point",
        "coordinates": [
          -117.960847,
          34.03951
        ]
      },
      "properties": {
        "tract_id": "06037407302",
        "population": 3275,
        "density_per_sqkm": 4074
      }
    },
    {
      "type": "Feature",
      "geometry": {
        "type": "Point",
        "coordinates": [
          -118.18101,
          34.044523
        ]
      },
      "properties": {
        "tract_id": "06037530902",
        "population": 3820,
        "density_per_sqkm": 7303
      }
    },
    {
      "type": "Feature",
      "geometry": {
        "type": "Point",
        "coordinates": [
          -118.287829,
          34.045719
        ]
      },
      "properties": {
        "tract_id": "06037221110",
        "population": 3289,
        "density_per_sqkm": 14042
      }
    },
    {
      "type": "Feature",
      "geometry": {
        "type": "Point",
        "coordinates": [
          -118.170889,
          34.067431
        ]
      },
      "properties": {
        "tract_id": "06037201700",
        "population": 5055,
        "density_per_sqkm": 2983
      }
    },
    {
      "type": "Feature",
      "geometry": {
        "type": "Point",
        "coordinates": [
          -118.196477,
          34.059079
        ]
      },
      "properties": {
        "tract_id": "06037203100",
        "population": 4688,
        "density_per_sqkm": 7131
      }
    },
    {
      "type": "Feature",
      "geometry": {
        "type": "Point",
        "coordinates": [
          -118.206283,
          34.059759
        ]
      },
      "properties": {
        "tract_id": "06037203300",
        "population": 2280,
        "density_per_sqkm": 1528
      }
    },
    {
      "type": "Feature",
      "geometry": {
        "type": "Point",
        "coordinates": [
          -118.380493,
          34.049533
        ]
      },
      "properties": {
        "tract_id": "06037217002",
        "population": 5084,
        "density_per_sqkm": 6591
      }
    },
    {
      "type": "Feature",
      "geometry": {
        "type": "Point",
        "coordinates": [
          -118.178072,
          33.904224
        ]
      },
      "properties": {
        "tract_id": "06037553701",
        "population": 3861,
        "density_per_sqkm": 3853
      }
    },
    {
      "type": "Feature",
      "geometry": {
        "type": "Point",
        "coordinates": [
          -118.30236,
          34.00727
        ]
      },
      "properties": {
        "tract_id": "06037231601",
        "population": 2254,
        "density_per_sqkm": 7057
      }
    },
    {
      "type": "Feature",
      "geometry": {
        "type": "Point",
        "coordinates": [
          -118.293715,
          34.007278
        ]
      },
      "properties": {
        "tract_id": "06037231603",
        "population": 2737,
        "density_per_sqkm": 8546
      }
    },
    {
      "type": "Feature",
      "geometry": {
        "type": "Point",
        "coordinates": [
          -118.302082,
          34.015355
        ]
      },
      "properties": {
        "tract_id": "06037231301",
        "population": 2797,
        "density_per_sqkm": 11957
      }
    },
    {
      "type": "Feature",
      "geometry": {
        "type": "Point",
        "coordinates": [
          -118.413866,
          34.020169
        ]
      },
      "properties": {
        "tract_id": "06037271804",
        "population": 2565,
        "density_per_sqkm": 7354
      }
    },
    {
      "type": "Feature",
      "geometry": {
        "type": "Point",
        "coordinates": [
          -118.42935,
          33.957715
        ]
      },
      "properties": {
        "tract_id": "06037276608",
        "population": 2106,
        "density_per_sqkm": 5845
      }
    },
    {
      "type": "Feature",
      "geometry": {
        "type": "Point",
        "coordinates": [
          -118.184825,
          34.080211
        ]
      },
      "properties": {
        "tract_id": "06037201401",
        "population": 4701,
        "density_per_sqkm": 3674
      }
    },
    {
      "type": "Feature",
      "geometry": {
        "type": "Point",
        "coordinates": [
          -118.183882,
          34.097882
        ]
      },
      "properties": {
        "tract_id": "06037201302",
        "population": 3882,
        "density_per_sqkm": 3914
      }
    },
    {
      "type": "Feature",
      "geometry": {
        "type": "Point",
        "coordinates": [
          -118.293908,
          34.093167
        ]
      },
      "properties": {
        "tract_id": "06037191203",
        "population": 2531,
        "density_per_sqkm": 12334
      }
    },
    {
      "type": "Feature",
      "geometry": {
        "type": "Point",
        "coordinates": [
          -117.840286,
          34.033621
        ]
      },
      "properties": {
        "tract_id": "06037403403",
        "population": 4750,
        "density_per_sqkm": 1221
      }
    },
    {
      "type": "Feature",
      "geometry": {
        "type": "Point",
        "coordinates": [
          -118.277306,
          33.978529
        ]
      },
      "properties": {
        "tract_id": "06037239310",
        "population": 4031,
        "density_per_sqkm": 7537
      }
    },
    {
      "type": "Feature",
      "geometry": {
        "type": "Point",
        "coordinates": [
          -118.476841,
          34.075123
        ]
      },
      "properties": {
        "tract_id": "06037262302",
        "population": 2870,
        "density_per_sqkm": 937
      }
    },
    {
      "type": "Feature",
      "geometry": {
        "type": "Point",
        "coordinates": [
          -118.129001,
          34.064306
        ]
      },
      "properties": {
        "tract_id": "06037481714",
        "population": 2485,
        "density_per_sqkm": 5461
      }
    },
    {
      "type": "Feature",
      "geometry": {
        "type": "Point",
        "coordinates": [
          -118.140754,
          34.065317
        ]
      },
      "properties": {
        "tract_id": "06037481800",
        "population": 2587,
        "density_per_sqkm": 3147
      }
    },
    {
      "type": "Feature",
      "geometry": {
        "type": "Point",
        "coordinates": [
          -118.305451,
          34.207915
        ]
      },
      "properties": {
        "tract_id": "06037310100",
        "population": 5885,
        "density_per_sqkm": 451
      }
    },
    {
      "type": "Feature",
      "geometry": {
        "type": "Point",
        "coordinates": [
          -118.260828,
          33.998272
        ]
      },
      "properties": {
        "tract_id": "06037229200",
        "population": 4636,
        "density_per_sqkm": 10402
      }
    },
    {
      "type": "Feature",
      "geometry": {
        "type": "Point",
        "coordinates": [
          -118.269671,
          33.998072
        ]
      },
      "properties": {
        "tract_id": "06037229300",
        "population": 5642,
        "density_per_sqkm": 11230
      }
    },
    {
      "type": "Feature",
      "geometry": {
        "type": "Point",
        "coordinates": [
          -118.155045,
          34.07102
        ]
      },
      "properties": {
        "tract_id": "06037481901",
        "population": 5721,
        "density_per_sqkm": 3119
      }
    },
    {
      "type": "Feature",
      "geometry": {
        "type": "Point",
        "coordinates": [
          -118.241356,
          33.852248
        ]
      },
      "properties": {
        "tract_id": "06037543304",
        "population": 6339,
        "density_per_sqkm": 3937
      }
    },
    {
      "type": "Feature",
      "geometry": {
        "type": "Point",
        "coordinates": [
          -118.140226,
          33.864611
        ]
      },
      "properties": {
        "tract_id": "06037570003",
        "population": 4617,
        "density_per_sqkm": 4034
      }
    },
    {
      "type": "Feature",
      "geometry": {
        "type": "Point",
        "coordinates": [
          -118.445325,
          34.050854
        ]
      },
      "properties": {
        "tract_id": "06037265524",
        "population": 2751,
        "density_per_sqkm": 6408
      }
    },
    {
      "type": "Feature",
      "geometry": {
        "type": "Point",
        "coordinates": [
          -118.208202,
          34.051673
        ]
      },
      "properties": {
        "tract_id": "06037203601",
        "population": 2662,
        "density_per_sqkm": 8067
      }
    },
    {
      "type": "Feature",
      "geometry": {
        "type": "Point",
        "coordinates": [
          -118.151798,
          33.984776
        ]
      },
      "properties": {
        "tract_id": "06037532304",
        "population": 3660,
        "density_per_sqkm": 461
      }
    },
    {
      "type": "Feature",
      "geometry": {
        "type": "Point",
        "coordinates": [
          -118.221343,
          33.989992
        ]
      },
      "properties": {
        "tract_id": "06037532500",
        "population": 3838,
        "density_per_sqkm": 3786
      }
    },
    {
      "type": "Feature",
      "geometry": {
        "type": "Point",
        "coordinates": [
          -118.094455,
          34.099836
        ]
      },
      "properties": {
        "tract_id": "06037481102",
        "population": 4083,
        "density_per_sqkm": 6631
      }
    },
    {
      "type": "Feature",
      "geometry": {
        "type": "Point",
        "coordinates": [
          -118.098336,
          34.093458
        ]
      },
      "properties": {
        "tract_id": "06037481103",
        "population": 5340,
        "density_per_sqkm": 3778
      }
    },
    {
      "type": "Feature",
      "geometry": {
        "type": "Point",
        "coordinates": [
          -118.071209,
          34.097613
        ]
      },
      "properties": {
        "tract_id": "06037481201",
        "population": 3786,
        "density_per_sqkm": 3666
      }
    },
    {
      "type": "Feature",
      "geometry": {
        "type": "Point",
        "coordinates": [
          -118.145828,
          34.001609
        ]
      },
      "properties": {
        "tract_id": "06037532303",
        "population": 4364,
        "density_per_sqkm": 577
      }
    },
    {
      "type": "Feature",
      "geometry": {
        "type": "Point",
        "coordinates": [
          -118.169777,
          33.905339
        ]
      },
      "properties": {
        "tract_id": "06037553601",
        "population": 4839,
        "density_per_sqkm": 2287
      }
    },
    {
      "type": "Feature",
      "geometry": {
        "type": "Point",
        "coordinates": [
          -118.298033,
          34.007272
        ]
      },
      "properties": {
        "tract_id": "06037231602",
        "population": 2148,
        "density_per_sqkm": 6819
      }
    },
    {
      "type": "Feature",
      "geometry": {
        "type": "Point",
        "coordinates": [
          -118.353597,
          34.018071
        ]
      },
      "properties": {
        "tract_id": "06037236206",
        "population": 2571,
        "density_per_sqkm": 9351
      }
    },
    {
      "type": "Feature",
      "geometry": {
        "type": "Point",
        "coordinates": [
          -118.112759,
          34.082184
        ]
      },
      "properties": {
        "tract_id": "06037481500",
        "population": 4344,
        "density_per_sqkm": 1985
      }
    },
    {
      "type": "Feature",
      "geometry": {
        "type": "Point",
        "coordinates": [
          -118.136667,
          34.200355
        ]
      },
      "properties": {
        "tract_id": "06037460200",
        "population": 5561,
        "density_per_sqkm": 1745
      }
    },
    {
      "type": "Feature",
      "geometry": {
        "type": "Point",
        "coordinates": [
          -118.154631,
          34.208563
        ]
      },
      "properties": {
        "tract_id": "06037460301",
        "population": 4733,
        "density_per_sqkm": 965
      }
    },
    {
      "type": "Feature",
      "geometry": {
        "type": "Point",
        "coordinates": [
          -117.909211,
          34.138481
        ]
      },
      "properties": {
        "tract_id": "06037400602",
        "population": 4817,
        "density_per_sqkm": 3125
      }
    },
    {
      "type": "Feature",
      "geometry": {
        "type": "Point",
        "coordinates": [
          -118.119867,
          33.896438
        ]
      },
      "properties": {
        "tract_id": "06037554106",
        "population": 4368,
        "density_per_sqkm": 5959
      }
    },
    {
      "type": "Feature",
      "geometry": {
        "type": "Point",
        "coordinates": [
          -118.017932,
          34.038579
        ]
      },
      "properties": {
        "tract_id": "06037408302",
        "population": 4071,
        "density_per_sqkm": 1377
      }
    },
    {
      "type": "Feature",
      "geometry": {
        "type": "Point",
        "coordinates": [
          -117.960454,
          33.978009
        ]
      },
      "properties": {
        "tract_id": "06037408629",
        "population": 3005,
        "density_per_sqkm": 1695
      }
    },
    {
      "type": "Feature",
      "geometry": {
        "type": "Point",
        "coordinates": [
          -118.314134,
          33.812285
        ]
      },
      "properties": {
        "tract_id": "06037651001",
        "population": 5776,
        "density_per_sqkm": 4077
      }
    },
    {
      "type": "Feature",
      "geometry": {
        "type": "Point",
        "coordinates": [
          -118.193582,
          33.993662
        ]
      },
      "properties": {
        "tract_id": "06037533401",
        "population": 4677,
        "density_per_sqkm": 9846
      }
    },
    {
      "type": "Feature",
      "geometry": {
        "type": "Point",
        "coordinates": [
          -118.194197,
          33.9805
        ]
      },
      "properties": {
        "tract_id": "06037533601",
        "population": 4414,
        "density_per_sqkm": 8002
      }
    },
    {
      "type": "Feature",
      "geometry": {
        "type": "Point",
        "coordinates": [
          -118.40484,
          33.869448
        ]
      },
      "properties": {
        "tract_id": "06037621005",
        "population": 5547,
        "density_per_sqkm": 4831
      }
    },
    {
      "type": "Feature",
      "geometry": {
        "type": "Point",
        "coordinates": [
          -118.179369,
          33.871004
        ]
      },
      "properties": {
        "tract_id": "06037570504",
        "population": 3903,
        "density_per_sqkm": 4121
      }
    },
    {
      "type": "Feature",
      "geometry": {
        "type": "Point",
        "coordinates": [
          -117.942986,
          33.984071
        ]
      },
      "properties": {
        "tract_id": "06037408628",
        "population": 5146,
        "density_per_sqkm": 2181
      }
    },
    {
      "type": "Feature",
      "geometry": {
        "type": "Point",
        "coordinates": [
          -118.196524,
          33.977195
        ]
      },
      "properties": {
        "tract_id": "06037533602",
        "population": 5024,
        "density_per_sqkm": 7159
      }
    },
    {
      "type": "Feature",
      "geometry": {
        "type": "Point",
        "coordinates": [
          -118.182701,
          33.983597
        ]
      },
      "properties": {
        "tract_id": "06037533702",
        "population": 3380,
        "density_per_sqkm": 10611
      }
    },
    {
      "type": "Feature",
      "geometry": {
        "type": "Point",
        "coordinates": [
          -118.160008,
          33.878327
        ]
      },
      "properties": {
        "tract_id": "06037570203",
        "population": 4051,
        "density_per_sqkm": 3112
      }
    },
    {
      "type": "Feature",
      "geometry": {
        "type": "Point",
        "coordinates": [
          -118.155613,
          33.871633
        ]
      },
      "properties": {
        "tract_id": "06037570204",
        "population": 4133,
        "density_per_sqkm": 7541
      }
    },
    {
      "type": "Feature",
      "geometry": {
        "type": "Point",
        "coordinates": [
          -118.138274,
          33.883846
        ]
      },
      "properties": {
        "tract_id": "06037554201",
        "population": 4096,
        "density_per_sqkm": 4218
      }
    },
    {
      "type": "Feature",
      "geometry": {
        "type": "Point",
        "coordinates": [
          -118.099683,
          33.871889
        ]
      },
      "properties": {
        "tract_id": "06037554521",
        "population": 5987,
        "density_per_sqkm": 1239
      }
    },
    {
      "type": "Feature",
      "geometry": {
        "type": "Point",
        "coordinates": [
          -118.092643,
          33.852447
        ]
      },
      "properties": {
        "tract_id": "06037554522",
        "population": 4906,
        "density_per_sqkm": 2278
      }
    },
    {
      "type": "Feature",
      "geometry": {
        "type": "Point",
        "coordinates": [
          -118.076883,
          33.884295
        ]
      },
      "properties": {
        "tract_id": "06037554700",
        "population": 4503,
        "density_per_sqkm": 5619
      }
    },
    {
      "type": "Feature",
      "geometry": {
        "type": "Point",
        "coordinates": [
          -118.105253,
          34.004939
        ]
      },
      "properties": {
        "tract_id": "06037532101",
        "population": 6686,
        "density_per_sqkm": 4832
      }
    },
    {
      "type": "Feature",
      "geometry": {
        "type": "Point",
        "coordinates": [
          -118.147258,
          34.095758
        ]
      },
      "properties": {
        "tract_id": "06037480804",
        "population": 4866,
        "density_per_sqkm": 5804
      }
    },
    {
      "type": "Feature",
      "geometry": {
        "type": "Point",
        "coordinates": [
          -118.139349,
          34.073661
        ]
      },
      "properties": {
        "tract_id": "06037480903",
        "population": 3023,
        "density_per_sqkm": 3761
      }
    },
    {
      "type": "Feature",
      "geometry": {
        "type": "Point",
        "coordinates": [
          -118.118973,
          34.095189
        ]
      },
      "properties": {
        "tract_id": "06037481002",
        "population": 5878,
        "density_per_sqkm": 6288
      }
    },
    {
      "type": "Feature",
      "geometry": {
        "type": "Point",
        "coordinates": [
          -118.106972,
          34.099123
        ]
      },
      "properties": {
        "tract_id": "06037481101",
        "population": 4100,
        "density_per_sqkm": 4611
      }
    },
    {
      "type": "Feature",
      "geometry": {
        "type": "Point",
        "coordinates": [
          -118.095439,
          34.08407
        ]
      },
      "properties": {
        "tract_id": "06037481404",
        "population": 3934,
        "density_per_sqkm": 3841
      }
    },
    {
      "type": "Feature",
      "geometry": {
        "type": "Point",
        "coordinates": [
          -118.327712,
          34.088924
        ]
      },
      "properties": {
        "tract_id": "06037191810",
        "population": 3028,
        "density_per_sqkm": 7490
      }
    },
    {
      "type": "Feature",
      "geometry": {
        "type": "Point",
        "coordinates": [
          -118.009819,
          34.111248
        ]
      },
      "properties": {
        "tract_id": "06037431400",
        "population": 3898,
        "density_per_sqkm": 2444
      }
    },
    {
      "type": "Feature",
      "geometry": {
        "type": "Point",
        "coordinates": [
          -118.301275,
          33.754588
        ]
      },
      "properties": {
        "tract_id": "06037296300",
        "population": 4874,
        "density_per_sqkm": 4587
      }
    },
    {
      "type": "Feature",
      "geometry": {
        "type": "Point",
        "coordinates": [
          -118.258197,
          33.787324
        ]
      },
      "properties": {
        "tract_id": "06037294610",
        "population": 4025,
        "density_per_sqkm": 4886
      }
    },
    {
      "type": "Feature",
      "geometry": {
        "type": "Point",
        "coordinates": [
          -118.312548,
          33.781998
        ]
      },
      "properties": {
        "tract_id": "06037670101",
        "population": 3394,
        "density_per_sqkm": 3082
      }
    },
    {
      "type": "Feature",
      "geometry": {
        "type": "Point",
        "coordinates": [
          -118.275665,
          33.946927
        ]
      },
      "properties": {
        "tract_id": "06037240500",
        "population": 6505,
        "density_per_sqkm": 8006
      }
    },
    {
      "type": "Feature",
      "geometry": {
        "type": "Point",
        "coordinates": [
          -118.269264,
          34.151159
        ]
      },
      "properties": {
        "tract_id": "06037301702",
        "population": 5639,
        "density_per_sqkm": 6802
      }
    },
    {
      "type": "Feature",
      "geometry": {
        "type": "Point",
        "coordinates": [
          -118.28928,
          33.956414
        ]
      },
      "properties": {
        "tract_id": "06037240302",
        "population": 3114,
        "density_per_sqkm": 9036
      }
    },
    {
      "type": "Feature",
      "geometry": {
        "type": "Point",
        "coordinates": [
          -118.093955,
          33.963471
        ]
      },
      "properties": {
        "tract_id": "06037502603",
        "population": 3407,
        "density_per_sqkm": 3584
      }
    },
    {
      "type": "Feature",
      "geometry": {
        "type": "Point",
        "coordinates": [
          -118.311121,
          34.171842
        ]
      },
      "properties": {
        "tract_id": "06037311802",
        "population": 3881,
        "density_per_sqkm": 4782
      }
    },
    {
      "type": "Feature",
      "geometry": {
        "type": "Point",
        "coordinates": [
          -118.302863,
          34.043662
        ]
      },
      "properties": {
        "tract_id": "06037221210",
        "population": 2917,
        "density_per_sqkm": 8130
      }
    },
    {
      "type": "Feature",
      "geometry": {
        "type": "Point",
        "coordinates": [
          -118.361339,
          34.098476
        ]
      },
      "properties": {
        "tract_id": "06037189801",
        "population": 2302,
        "density_per_sqkm": 5605
      }
    },
    {
      "type": "Feature",
      "geometry": {
        "type": "Point",
        "coordinates": [
          -117.909328,
          34.024149
        ]
      },
      "properties": {
        "tract_id": "06037408133",
        "population": 5598,
        "density_per_sqkm": 5297
      }
    },
    {
      "type": "Feature",
      "geometry": {
        "type": "Point",
        "coordinates": [
          -118.315354,
          33.716014
        ]
      },
      "properties": {
        "tract_id": "06037297300",
        "population": 2306,
        "density_per_sqkm": 1872
      }
    },
    {
      "type": "Feature",
      "geometry": {
        "type": "Point",
        "coordinates": [
          -118.323876,
          33.72221
        ]
      },
      "properties": {
        "tract_id": "06037297400",
        "population": 3760,
        "density_per_sqkm": 1797
      }
    },
    {
      "type": "Feature",
      "geometry": {
        "type": "Point",
        "coordinates": [
          -118.206032,
          34.102471
        ]
      },
      "properties": {
        "tract_id": "06037185101",
        "population": 2830,
        "density_per_sqkm": 3472
      }
    },
    {
      "type": "Feature",
      "geometry": {
        "type": "Point",
        "coordinates": [
          -118.118069,
          33.913348
        ]
      },
      "properties": {
        "tract_id": "06037551802",
        "population": 4373,
        "density_per_sqkm": 4128
      }
    },
    {
      "type": "Feature",
      "geometry": {
        "type": "Point",
        "coordinates": [
          -117.764371,
          34.054289
        ]
      },
      "properties": {
        "tract_id": "06037402501",
        "population": 5362,
        "density_per_sqkm": 5278
      }
    },
    {
      "type": "Feature",
      "geometry": {
        "type": "Point",
        "coordinates": [
          -117.958713,
          34.045491
        ]
      },
      "properties": {
        "tract_id": "06037407301",
        "population": 4593,
        "density_per_sqkm": 4641
      }
    },
    {
      "type": "Feature",
      "geometry": {
        "type": "Point",
        "coordinates": [
          -117.898722,
          33.991599
        ]
      },
      "properties": {
        "tract_id": "06037408213",
        "population": 5875,
        "density_per_sqkm": 3794
      }
    },
    {
      "type": "Feature",
      "geometry": {
        "type": "Point",
        "coordinates": [
          -118.295837,
          33.992084
        ]
      },
      "properties": {
        "tract_id": "06037232602",
        "population": 4540,
        "density_per_sqkm": 8543
      }
    },
    {
      "type": "Feature",
      "geometry": {
        "type": "Point",
        "coordinates": [
          -118.064213,
          34.011743
        ]
      },
      "properties": {
        "tract_id": "06037500403",
        "population": 4025,
        "density_per_sqkm": 2013
      }
    },
    {
      "type": "Feature",
      "geometry": {
        "type": "Point",
        "coordinates": [
          -118.300172,
          33.927402
        ]
      },
      "properties": {
        "tract_id": "06037602801",
        "population": 4391,
        "density_per_sqkm": 3502
      }
    },
    {
      "type": "Feature",
      "geometry": {
        "type": "Point",
        "coordinates": [
          -118.282038,
          33.80304
        ]
      },
      "properties": {
        "tract_id": "06037980037",
        "population": 0,
        "density_per_sqkm": 0
      }
    },
    {
      "type": "Feature",
      "geometry": {
        "type": "Point",
        "coordinates": [
          -118.288763,
          34.172429
        ]
      },
      "properties": {
        "tract_id": "06037301502",
        "population": 6718,
        "density_per_sqkm": 9939
      }
    },
    {
      "type": "Feature",
      "geometry": {
        "type": "Point",
        "coordinates": [
          -118.289305,
          34.164327
        ]
      },
      "properties": {
        "tract_id": "06037301601",
        "population": 5952,
        "density_per_sqkm": 2637
      }
    },
    {
      "type": "Feature",
      "geometry": {
        "type": "Point",
        "coordinates": [
          -118.273666,
          34.15844
        ]
      },
      "properties": {
        "tract_id": "06037301701",
        "population": 2852,
        "density_per_sqkm": 3120
      }
    },
    {
      "type": "Feature",
      "geometry": {
        "type": "Point",
        "coordinates": [
          -118.299163,
          34.161566
        ]
      },
      "properties": {
        "tract_id": "06037301602",
        "population": 3904,
        "density_per_sqkm": 3962
      }
    },
    {
      "type": "Feature",
      "geometry": {
        "type": "Point",
        "coordinates": [
          -117.899008,
          34.064391
        ]
      },
      "properties": {
        "tract_id": "06037406413",
        "population": 7129,
        "density_per_sqkm": 2267
      }
    },
    {
      "type": "Feature",
      "geometry": {
        "type": "Point",
        "coordinates": [
          -118.322672,
          34.174446
        ]
      },
      "properties": {
        "tract_id": "06037310800",
        "population": 5098,
        "density_per_sqkm": 2386
      }
    },
    {
      "type": "Feature",
      "geometry": {
        "type": "Point",
        "coordinates": [
          -118.263783,
          33.958316
        ]
      },
      "properties": {
        "tract_id": "06037240010",
        "population": 3818,
        "density_per_sqkm": 6488
      }
    },
    {
      "type": "Feature",
      "geometry": {
        "type": "Point",
        "coordinates": [
          -118.276141,
          33.956034
        ]
      },
      "properties": {
        "tract_id": "06037240200",
        "population": 5910,
        "density_per_sqkm": 7914
      }
    },
    {
      "type": "Feature",
      "geometry": {
        "type": "Point",
        "coordinates": [
          -118.320089,
          34.161764
        ]
      },
      "properties": {
        "tract_id": "06037311700",
        "population": 6227,
        "density_per_sqkm": 2647
      }
    },
    {
      "type": "Feature",
      "geometry": {
        "type": "Point",
        "coordinates": [
          -118.465741,
          34.027449
        ]
      },
      "properties": {
        "tract_id": "06037701801",
        "population": 5973,
        "density_per_sqkm": 3151
      }
    },
    {
      "type": "Feature",
      "geometry": {
        "type": "Point",
        "coordinates": [
          -118.360523,
          34.029738
        ]
      },
      "properties": {
        "tract_id": "06037219901",
        "population": 4651,
        "density_per_sqkm": 8861
      }
    },
    {
      "type": "Feature",
      "geometry": {
        "type": "Point",
        "coordinates": [
          -118.462428,
          34.050518
        ]
      },
      "properties": {
        "tract_id": "06037264304",
        "population": 2616,
        "density_per_sqkm": 12842
      }
    },
    {
      "type": "Feature",
      "geometry": {
        "type": "Point",
        "coordinates": [
          -118.293696,
          33.841737
        ]
      },
      "properties": {
        "tract_id": "06037543502",
        "population": 4424,
        "density_per_sqkm": 4020
      }
    },
    {
      "type": "Feature",
      "geometry": {
        "type": "Point",
        "coordinates": [
          -117.765806,
          34.061707
        ]
      },
      "properties": {
        "tract_id": "06037402304",
        "population": 3925,
        "density_per_sqkm": 5628
      }
    },
    {
      "type": "Feature",
      "geometry": {
        "type": "Point",
        "coordinates": [
          -118.265849,
          34.061978
        ]
      },
      "properties": {
        "tract_id": "06037208301",
        "population": 1878,
        "density_per_sqkm": 20203
      }
    },
    {
      "type": "Feature",
      "geometry": {
        "type": "Point",
        "coordinates": [
          -118.155984,
          33.944044
        ]
      },
      "properties": {
        "tract_id": "06037551401",
        "population": 4425,
        "density_per_sqkm": 6110
      }
    },
    {
      "type": "Feature",
      "geometry": {
        "type": "Point",
        "coordinates": [
          -118.383416,
          33.79895
        ]
      },
      "properties": {
        "tract_id": "06037670324",
        "population": 5160,
        "density_per_sqkm": 1088
      }
    },
    {
      "type": "Feature",
      "geometry": {
        "type": "Point",
        "coordinates": [
          -118.400845,
          34.15399
        ]
      },
      "properties": {
        "tract_id": "06037143402",
        "population": 1791,
        "density_per_sqkm": 2846
      }
    },
    {
      "type": "Feature",
      "geometry": {
        "type": "Point",
        "coordinates": [
          -118.262482,
          34.063479
        ]
      },
      "properties": {
        "tract_id": "06037208302",
        "population": 4560,
        "density_per_sqkm": 10364
      }
    },
    {
      "type": "Feature",
      "geometry": {
        "type": "Point",
        "coordinates": [
          -118.26913,
          34.063766
        ]
      },
      "properties": {
        "tract_id": "06037208401",
        "population": 3832,
        "density_per_sqkm": 16684
      }
    },
    {
      "type": "Feature",
      "geometry": {
        "type": "Point",
        "coordinates": [
          -118.266013,
          34.068364
        ]
      },
      "properties": {
        "tract_id": "06037208402",
        "population": 2590,
        "density_per_sqkm": 7601
      }
    },
    {
      "type": "Feature",
      "geometry": {
        "type": "Point",
        "coordinates": [
          -118.274164,
          34.066049
        ]
      },
      "properties": {
        "tract_id": "06037208502",
        "population": 3540,
        "density_per_sqkm": 13561
      }
    },
    {
      "type": "Feature",
      "geometry": {
        "type": "Point",
        "coordinates": [
          -118.276616,
          34.060095
        ]
      },
      "properties": {
        "tract_id": "06037208801",
        "population": 3566,
        "density_per_sqkm": 15223
      }
    },
    {
      "type": "Feature",
      "geometry": {
        "type": "Point",
        "coordinates": [
          -118.26403,
          34.05711
        ]
      },
      "properties": {
        "tract_id": "06037209103",
        "population": 3079,
        "density_per_sqkm": 24828
      }
    },
    {
      "type": "Feature",
      "geometry": {
        "type": "Point",
        "coordinates": [
          -117.89243,
          34.008785
        ]
      },
      "properties": {
        "tract_id": "06037408141",
        "population": 5180,
        "density_per_sqkm": 4609
      }
    },
    {
      "type": "Feature",
      "geometry": {
        "type": "Point",
        "coordinates": [
          -118.266376,
          34.059178
        ]
      },
      "properties": {
        "tract_id": "06037209104",
        "population": 2380,
        "density_per_sqkm": 34020
      }
    },
    {
      "type": "Feature",
      "geometry": {
        "type": "Point",
        "coordinates": [
          -118.196473,
          33.793491
        ]
      },
      "properties": {
        "tract_id": "06037573004",
        "population": 4670,
        "density_per_sqkm": 11365
      }
    },
    {
      "type": "Feature",
      "geometry": {
        "type": "Point",
        "coordinates": [
          -118.157318,
          33.777151
        ]
      },
      "properties": {
        "tract_id": "06037576904",
        "population": 3239,
        "density_per_sqkm": 8848
      }
    },
    {
      "type": "Feature",
      "geometry": {
        "type": "Point",
        "coordinates": [
          -118.484096,
          34.022769
        ]
      },
      "properties": {
        "tract_id": "06037701702",
        "population": 3326,
        "density_per_sqkm": 5479
      }
    },
    {
      "type": "Feature",
      "geometry": {
        "type": "Point",
        "coordinates": [
          -118.354824,
          33.993073
        ]
      },
      "properties": {
        "tract_id": "06037703100",
        "population": 5619,
        "density_per_sqkm": 2111
      }
    },
    {
      "type": "Feature",
      "geometry": {
        "type": "Point",
        "coordinates": [
          -118.133017,
          33.91311
        ]
      },
      "properties": {
        "tract_id": "06037551801",
        "population": 3225,
        "density_per_sqkm": 2827
      }
    },
    {
      "type": "Feature",
      "geometry": {
        "type": "Point",
        "coordinates": [
          -118.337173,
          33.912654
        ]
      },
      "properties": {
        "tract_id": "06037602511",
        "population": 3602,
        "density_per_sqkm": 10540
      }
    },
    {
      "type": "Feature",
      "geometry": {
        "type": "Point",
        "coordinates": [
          -118.234763,
          33.915537
        ]
      },
      "properties": {
        "tract_id": "06037541401",
        "population": 3848,
        "density_per_sqkm": 6705
      }
    },
    {
      "type": "Feature",
      "geometry": {
        "type": "Point",
        "coordinates": [
          -118.302352,
          33.992108
        ]
      },
      "properties": {
        "tract_id": "06037232601",
        "population": 2052,
        "density_per_sqkm": 7777
      }
    },
    {
      "type": "Feature",
      "geometry": {
        "type": "Point",
        "coordinates": [
          -118.479309,
          33.991108
        ]
      },
      "properties": {
        "tract_id": "06037273403",
        "population": 1564,
        "density_per_sqkm": 3848
      }
    },
    {
      "type": "Feature",
      "geometry": {
        "type": "Point",
        "coordinates": [
          -118.373377,
          34.219853
        ]
      },
      "properties": {
        "tract_id": "06037122122",
        "population": 2750,
        "density_per_sqkm": 2703
      }
    },
    {
      "type": "Feature",
      "geometry": {
        "type": "Point",
        "coordinates": [
          -118.457689,
          34.192196
        ]
      },
      "properties": {
        "tract_id": "06037127805",
        "population": 3514,
        "density_per_sqkm": 5718
      }
    },
    {
      "type": "Feature",
      "geometry": {
        "type": "Point",
        "coordinates": [
          -118.175776,
          34.115817
        ]
      },
      "properties": {
        "tract_id": "06037183103",
        "population": 3839,
        "density_per_sqkm": 6001
      }
    },
    {
      "type": "Feature",
      "geometry": {
        "type": "Point",
        "coordinates": [
          -118.172685,
          34.121485
        ]
      },
      "properties": {
        "tract_id": "06037183104",
        "population": 2095,
        "density_per_sqkm": 3163
      }
    },
    {
      "type": "Feature",
      "geometry": {
        "type": "Point",
        "coordinates": [
          -117.897814,
          34.01615
        ]
      },
      "properties": {
        "tract_id": "06037408135",
        "population": 3899,
        "density_per_sqkm": 3457
      }
    },
    {
      "type": "Feature",
      "geometry": {
        "type": "Point",
        "coordinates": [
          -118.147946,
          34.027811
        ]
      },
      "properties": {
        "tract_id": "06037530302",
        "population": 6375,
        "density_per_sqkm": 7448
      }
    },
    {
      "type": "Feature",
      "geometry": {
        "type": "Point",
        "coordinates": [
          -118.165884,
          34.038758
        ]
      },
      "properties": {
        "tract_id": "06037530500",
        "population": 4270,
        "density_per_sqkm": 4741
      }
    },
    {
      "type": "Feature",
      "geometry": {
        "type": "Point",
        "coordinates": [
          -118.281318,
          33.813416
        ]
      },
      "properties": {
        "tract_id": "06037543607",
        "population": 5502,
        "density_per_sqkm": 4153
      }
    },
    {
      "type": "Feature",
      "geometry": {
        "type": "Point",
        "coordinates": [
          -118.462854,
          34.150606
        ]
      },
      "properties": {
        "tract_id": "06037141306",
        "population": 2974,
        "density_per_sqkm": 4964
      }
    },
    {
      "type": "Feature",
      "geometry": {
        "type": "Point",
        "coordinates": [
          -118.227002,
          34.574008
        ]
      },
      "properties": {
        "tract_id": "06037910217",
        "population": 5873,
        "density_per_sqkm": 98
      }
    },
    {
      "type": "Feature",
      "geometry": {
        "type": "Point",
        "coordinates": [
          -118.373026,
          33.987469
        ]
      },
      "properties": {
        "tract_id": "06037703002",
        "population": 6907,
        "density_per_sqkm": 2108
      }
    },
    {
      "type": "Feature",
      "geometry": {
        "type": "Point",
        "coordinates": [
          -118.071545,
          33.954795
        ]
      },
      "properties": {
        "tract_id": "06037502700",
        "population": 7682,
        "density_per_sqkm": 1106
      }
    },
    {
      "type": "Feature",
      "geometry": {
        "type": "Point",
        "coordinates": [
          -118.396811,
          34.032045
        ]
      },
      "properties": {
        "tract_id": "06037269800",
        "population": 3386,
        "density_per_sqkm": 7249
      }
    },
    {
      "type": "Feature",
      "geometry": {
        "type": "Point",
        "coordinates": [
          -118.478971,
          34.018891
        ]
      },
      "properties": {
        "tract_id": "06037701802",
        "population": 4207,
        "density_per_sqkm": 3369
      }
    },
    {
      "type": "Feature",
      "geometry": {
        "type": "Point",
        "coordinates": [
          -118.133557,
          33.843222
        ]
      },
      "properties": {
        "tract_id": "06037571202",
        "population": 4459,
        "density_per_sqkm": 3402
      }
    },
    {
      "type": "Feature",
      "geometry": {
        "type": "Point",
        "coordinates": [
          -118.07568,
          33.842135
        ]
      },
      "properties": {
        "tract_id": "06037555105",
        "population": 6245,
        "density_per_sqkm": 5675
      }
    },
    {
      "type": "Feature",
      "geometry": {
        "type": "Point",
        "coordinates": [
          -118.161295,
          33.850583
        ]
      },
      "properties": {
        "tract_id": "06037570703",
        "population": 3473,
        "density_per_sqkm": 3735
      }
    },
    {
      "type": "Feature",
      "geometry": {
        "type": "Point",
        "coordinates": [
          -118.279021,
          34.275236
        ]
      },
      "properties": {
        "tract_id": "06037980026",
        "population": 11,
        "density_per_sqkm": 1
      }
    },
    {
      "type": "Feature",
      "geometry": {
        "type": "Point",
        "coordinates": [
          -118.379732,
          34.0567
        ]
      },
      "properties": {
        "tract_id": "06037216401",
        "population": 4165,
        "density_per_sqkm": 10121
      }
    },
    {
      "type": "Feature",
      "geometry": {
        "type": "Point",
        "coordinates": [
          -118.380436,
          34.061154
        ]
      },
      "properties": {
        "tract_id": "06037216402",
        "population": 2644,
        "density_per_sqkm": 11524
      }
    },
    {
      "type": "Feature",
      "geometry": {
        "type": "Point",
        "coordinates": [
          -118.38703,
          34.052384
        ]
      },
      "properties": {
        "tract_id": "06037217001",
        "population": 2863,
        "density_per_sqkm": 5219
      }
    },
    {
      "type": "Feature",
      "geometry": {
        "type": "Point",
        "coordinates": [
          -118.333306,
          34.037389
        ]
      },
      "properties": {
        "tract_id": "06037218701",
        "population": 2455,
        "density_per_sqkm": 4464
      }
    },
    {
      "type": "Feature",
      "geometry": {
        "type": "Point",
        "coordinates": [
          -118.333776,
          34.033407
        ]
      },
      "properties": {
        "tract_id": "06037218702",
        "population": 2199,
        "density_per_sqkm": 6114
      }
    },
    {
      "type": "Feature",
      "geometry": {
        "type": "Point",
        "coordinates": [
          -118.36867,
          34.030035
        ]
      },
      "properties": {
        "tract_id": "06037219902",
        "population": 3878,
        "density_per_sqkm": 4859
      }
    },
    {
      "type": "Feature",
      "geometry": {
        "type": "Point",
        "coordinates": [
          -118.314646,
          34.045362
        ]
      },
      "properties": {
        "tract_id": "06037221304",
        "population": 3032,
        "density_per_sqkm": 13342
      }
    },
    {
      "type": "Feature",
      "geometry": {
        "type": "Point",
        "coordinates": [
          -118.189123,
          33.864467
        ]
      },
      "properties": {
        "tract_id": "06037570306",
        "population": 3010,
        "density_per_sqkm": 6460
      }
    },
    {
      "type": "Feature",
      "geometry": {
        "type": "Point",
        "coordinates": [
          -118.383318,
          33.880402
        ]
      },
      "properties": {
        "tract_id": "06037620801",
        "population": 4372,
        "density_per_sqkm": 3662
      }
    },
    {
      "type": "Feature",
      "geometry": {
        "type": "Point",
        "coordinates": [
          -118.313269,
          34.033886
        ]
      },
      "properties": {
        "tract_id": "06037221401",
        "population": 3362,
        "density_per_sqkm": 6199
      }
    },
    {
      "type": "Feature",
      "geometry": {
        "type": "Point",
        "coordinates": [
          -118.550361,
          34.410555
        ]
      },
      "properties": {
        "tract_id": "06037920329",
        "population": 6723,
        "density_per_sqkm": 3060
      }
    },
    {
      "type": "Feature",
      "geometry": {
        "type": "Point",
        "coordinates": [
          -118.563034,
          34.402624
        ]
      },
      "properties": {
        "tract_id": "06037920330",
        "population": 4166,
        "density_per_sqkm": 1284
      }
    },
    {
      "type": "Feature",
      "geometry": {
        "type": "Point",
        "coordinates": [
          -118.38009,
          34.072957
        ]
      },
      "properties": {
        "tract_id": "06037214902",
        "population": 2668,
        "density_per_sqkm": 5260
      }
    },
    {
      "type": "Feature",
      "geometry": {
        "type": "Point",
        "coordinates": [
          -118.324435,
          33.997495
        ]
      },
      "properties": {
        "tract_id": "06037234501",
        "population": 3062,
        "density_per_sqkm": 4073
      }
    },
    {
      "type": "Feature",
      "geometry": {
        "type": "Point",
        "coordinates": [
          -118.324423,
          34.001867
        ]
      },
      "properties": {
        "tract_id": "06037234502",
        "population": 2912,
        "density_per_sqkm": 5345
      }
    },
    {
      "type": "Feature",
      "geometry": {
        "type": "Point",
        "coordinates": [
          -118.282345,
          34.049117
        ]
      },
      "properties": {
        "tract_id": "06037209810",
        "population": 2385,
        "density_per_sqkm": 15918
      }
    },
    {
      "type": "Feature",
      "geometry": {
        "type": "Point",
        "coordinates": [
          -118.436409,
          34.066828
        ]
      },
      "properties": {
        "tract_id": "06037265201",
        "population": 2108,
        "density_per_sqkm": 4804
      }
    },
    {
      "type": "Feature",
      "geometry": {
        "type": "Point",
        "coordinates": [
          -118.069748,
          34.554146
        ]
      },
      "properties": {
        "tract_id": "06037910715",
        "population": 7105,
        "density_per_sqkm": 3577
      }
    },
    {
      "type": "Feature",
      "geometry": {
        "type": "Point",
        "coordinates": [
          -118.4161,
          34.286501
        ]
      },
      "properties": {
        "tract_id": "06037104201",
        "population": 4377,
        "density_per_sqkm": 4015
      }
    },
    {
      "type": "Feature",
      "geometry": {
        "type": "Point",
        "coordinates": [
          -118.074381,
          34.546439
        ]
      },
      "properties": {
        "tract_id": "06037910716",
        "population": 6636,
        "density_per_sqkm": 2706
      }
    },
    {
      "type": "Feature",
      "geometry": {
        "type": "Point",
        "coordinates": [
          -118.429282,
          34.276373
        ]
      },
      "properties": {
        "tract_id": "06037104310",
        "population": 4396,
        "density_per_sqkm": 2914
      }
    },
    {
      "type": "Feature",
      "geometry": {
        "type": "Point",
        "coordinates": [
          -118.560031,
          34.388043
        ]
      },
      "properties": {
        "tract_id": "06037920334",
        "population": 6363,
        "density_per_sqkm": 2340
      }
    },
    {
      "type": "Feature",
      "geometry": {
        "type": "Point",
        "coordinates": [
          -118.478755,
          34.140562
        ]
      },
      "properties": {
        "tract_id": "06037141500",
        "population": 3089,
        "density_per_sqkm": 943
      }
    },
    {
      "type": "Feature",
      "geometry": {
        "type": "Point",
        "coordinates": [
          -118.507014,
          34.286322
        ]
      },
      "properties": {
        "tract_id": "06037106642",
        "population": 3316,
        "density_per_sqkm": 2102
      }
    },
    {
      "type": "Feature",
      "geometry": {
        "type": "Point",
        "coordinates": [
          -118.522035,
          34.289466
        ]
      },
      "properties": {
        "tract_id": "06037106643",
        "population": 4084,
        "density_per_sqkm": 941
      }
    },
    {
      "type": "Feature",
      "geometry": {
        "type": "Point",
        "coordinates": [
          -118.121215,
          33.87376
        ]
      },
      "properties": {
        "tract_id": "06037554405",
        "population": 3328,
        "density_per_sqkm": 4347
      }
    },
    {
      "type": "Feature",
      "geometry": {
        "type": "Point",
        "coordinates": [
          -118.360106,
          33.840131
        ]
      },
      "properties": {
        "tract_id": "06037650606",
        "population": 4502,
        "density_per_sqkm": 6139
      }
    },
    {
      "type": "Feature",
      "geometry": {
        "type": "Point",
        "coordinates": [
          -118.180209,
          33.86463
        ]
      },
      "properties": {
        "tract_id": "06037570503",
        "population": 3789,
        "density_per_sqkm": 7030
      }
    },
    {
      "type": "Feature",
      "geometry": {
        "type": "Point",
        "coordinates": [
          -118.439983,
          34.422145
        ]
      },
      "properties": {
        "tract_id": "06037920039",
        "population": 1808,
        "density_per_sqkm": 1735
      }
    },
    {
      "type": "Feature",
      "geometry": {
        "type": "Point",
        "coordinates": [
          -117.981707,
          34.716159
        ]
      },
      "properties": {
        "tract_id": "06037901300",
        "population": 2011,
        "density_per_sqkm": 7
      }
    },
    {
      "type": "Feature",
      "geometry": {
        "type": "Point",
        "coordinates": [
          -118.265548,
          34.080825
        ]
      },
      "properties": {
        "tract_id": "06037195600",
        "population": 3056,
        "density_per_sqkm": 5792
      }
    },
    {
      "type": "Feature",
      "geometry": {
        "type": "Point",
        "coordinates": [
          -118.538438,
          34.452456
        ]
      },
      "properties": {
        "tract_id": "06037920111",
        "population": 3053,
        "density_per_sqkm": 2598
      }
    },
    {
      "type": "Feature",
      "geometry": {
        "type": "Point",
        "coordinates": [
          -118.539169,
          34.435426
        ]
      },
      "properties": {
        "tract_id": "06037920112",
        "population": 4220,
        "density_per_sqkm": 2441
      }
    },
    {
      "type": "Feature",
      "geometry": {
        "type": "Point",
        "coordinates": [
          -118.268602,
          34.074729
        ]
      },
      "properties": {
        "tract_id": "06037195710",
        "population": 3939,
        "density_per_sqkm": 8148
      }
    },
    {
      "type": "Feature",
      "geometry": {
        "type": "Point",
        "coordinates": [
          -118.431053,
          34.021214
        ]
      },
      "properties": {
        "tract_id": "06037271600",
        "population": 4826,
        "density_per_sqkm": 5356
      }
    },
    {
      "type": "Feature",
      "geometry": {
        "type": "Point",
        "coordinates": [
          -118.263377,
          34.073757
        ]
      },
      "properties": {
        "tract_id": "06037195720",
        "population": 1896,
        "density_per_sqkm": 6561
      }
    },
    {
      "type": "Feature",
      "geometry": {
        "type": "Point",
        "coordinates": [
          -118.33084,
          33.903738
        ]
      },
      "properties": {
        "tract_id": "06037602507",
        "population": 5321,
        "density_per_sqkm": 16493
      }
    },
    {
      "type": "Feature",
      "geometry": {
        "type": "Point",
        "coordinates": [
          -118.347719,
          33.884505
        ]
      },
      "properties": {
        "tract_id": "06037604101",
        "population": 3973,
        "density_per_sqkm": 8272
      }
    },
    {
      "type": "Feature",
      "geometry": {
        "type": "Point",
        "coordinates": [
          -118.264612,
          34.088186
        ]
      },
      "properties": {
        "tract_id": "06037195500",
        "population": 4991,
        "density_per_sqkm": 4107
      }
    },
    {
      "type": "Feature",
      "geometry": {
        "type": "Point",
        "coordinates": [
          -117.764693,
          34.047873
        ]
      },
      "properties": {
        "tract_id": "06037402503",
        "population": 3984,
        "density_per_sqkm": 4557
      }
    },
    {
      "type": "Feature",
      "geometry": {
        "type": "Point",
        "coordinates": [
          -118.136623,
          33.927528
        ]
      },
      "properties": {
        "tract_id": "06037551204",
        "population": 4067,
        "density_per_sqkm": 5996
      }
    },
    {
      "type": "Feature",
      "geometry": {
        "type": "Point",
        "coordinates": [
          -118.089426,
          34.02633
        ]
      },
      "properties": {
        "tract_id": "06037530007",
        "population": 6651,
        "density_per_sqkm": 1371
      }
    },
    {
      "type": "Feature",
      "geometry": {
        "type": "Point",
        "coordinates": [
          -118.369017,
          33.776229
        ]
      },
      "properties": {
        "tract_id": "06037670417",
        "population": 2866,
        "density_per_sqkm": 1418
      }
    },
    {
      "type": "Feature",
      "geometry": {
        "type": "Point",
        "coordinates": [
          -118.124438,
          34.700476
        ]
      },
      "properties": {
        "tract_id": "06037900606",
        "population": 4090,
        "density_per_sqkm": 2346
      }
    },
    {
      "type": "Feature",
      "geometry": {
        "type": "Point",
        "coordinates": [
          -118.077626,
          33.891302
        ]
      },
      "properties": {
        "tract_id": "06037552601",
        "population": 5227,
        "density_per_sqkm": 7348
      }
    },
    {
      "type": "Feature",
      "geometry": {
        "type": "Point",
        "coordinates": [
          -118.05489,
          33.862337
        ]
      },
      "properties": {
        "tract_id": "06037554517",
        "population": 4737,
        "density_per_sqkm": 3584
      }
    },
    {
      "type": "Feature",
      "geometry": {
        "type": "Point",
        "coordinates": [
          -118.51123,
          34.239439
        ]
      },
      "properties": {
        "tract_id": "06037115101",
        "population": 5112,
        "density_per_sqkm": 1317
      }
    },
    {
      "type": "Feature",
      "geometry": {
        "type": "Point",
        "coordinates": [
          -118.537775,
          34.233838
        ]
      },
      "properties": {
        "tract_id": "06037115202",
        "population": 5189,
        "density_per_sqkm": 2986
      }
    },
    {
      "type": "Feature",
      "geometry": {
        "type": "Point",
        "coordinates": [
          -118.548476,
          34.242664
        ]
      },
      "properties": {
        "tract_id": "06037115301",
        "population": 4236,
        "density_per_sqkm": 2612
      }
    },
    {
      "type": "Feature",
      "geometry": {
        "type": "Point",
        "coordinates": [
          -118.210957,
          34.069316
        ]
      },
      "properties": {
        "tract_id": "06037199801",
        "population": 3036,
        "density_per_sqkm": 8799
      }
    },
    {
      "type": "Feature",
      "geometry": {
        "type": "Point",
        "coordinates": [
          -118.395532,
          33.995332
        ]
      },
      "properties": {
        "tract_id": "06037702600",
        "population": 6459,
        "density_per_sqkm": 2986
      }
    },
    {
      "type": "Feature",
      "geometry": {
        "type": "Point",
        "coordinates": [
          -118.49784,
          34.027409
        ]
      },
      "properties": {
        "tract_id": "06037701302",
        "population": 4951,
        "density_per_sqkm": 10855
      }
    },
    {
      "type": "Feature",
      "geometry": {
        "type": "Point",
        "coordinates": [
          -118.402188,
          34.00563
        ]
      },
      "properties": {
        "tract_id": "06037702700",
        "population": 3798,
        "density_per_sqkm": 2836
      }
    },
    {
      "type": "Feature",
      "geometry": {
        "type": "Point",
        "coordinates": [
          -118.416532,
          34.00536
        ]
      },
      "properties": {
        "tract_id": "06037702802",
        "population": 2278,
        "density_per_sqkm": 3734
      }
    },
    {
      "type": "Feature",
      "geometry": {
        "type": "Point",
        "coordinates": [
          -118.486109,
          34.430422
        ]
      },
      "properties": {
        "tract_id": "06037920029",
        "population": 5931,
        "density_per_sqkm": 2441
      }
    },
    {
      "type": "Feature",
      "geometry": {
        "type": "Point",
        "coordinates": [
          -118.486628,
          34.400104
        ]
      },
      "properties": {
        "tract_id": "06037920031",
        "population": 4850,
        "density_per_sqkm": 717
      }
    },
    {
      "type": "Feature",
      "geometry": {
        "type": "Point",
        "coordinates": [
          -118.124127,
          34.565211
        ]
      },
      "properties": {
        "tract_id": "06037910404",
        "population": 4370,
        "density_per_sqkm": 1698
      }
    },
    {
      "type": "Feature",
      "geometry": {
        "type": "Point",
        "coordinates": [
          -117.937935,
          34.043987
        ]
      },
      "properties": {
        "tract_id": "06037407502",
        "population": 4052,
        "density_per_sqkm": 3935
      }
    },
    {
      "type": "Feature",
      "geometry": {
        "type": "Point",
        "coordinates": [
          -118.080697,
          34.576481
        ]
      },
      "properties": {
        "tract_id": "06037910602",
        "population": 4428,
        "density_per_sqkm": 2216
      }
    },
    {
      "type": "Feature",
      "geometry": {
        "type": "Point",
        "coordinates": [
          -118.301334,
          33.978462
        ]
      },
      "properties": {
        "tract_id": "06037237402",
        "population": 3640,
        "density_per_sqkm": 6983
      }
    },
    {
      "type": "Feature",
      "geometry": {
        "type": "Point",
        "coordinates": [
          -118.264977,
          33.985678
        ]
      },
      "properties": {
        "tract_id": "06037239202",
        "population": 5013,
        "density_per_sqkm": 3930
      }
    },
    {
      "type": "Feature",
      "geometry": {
        "type": "Point",
        "coordinates": [
          -118.262893,
          33.972986
        ]
      },
      "properties": {
        "tract_id": "06037239501",
        "population": 3835,
        "density_per_sqkm": 8087
      }
    },
    {
      "type": "Feature",
      "geometry": {
        "type": "Point",
        "coordinates": [
          -118.263044,
          33.96933
        ]
      },
      "properties": {
        "tract_id": "06037239502",
        "population": 3697,
        "density_per_sqkm": 7236
      }
    },
    {
      "type": "Feature",
      "geometry": {
        "type": "Point",
        "coordinates": [
          -118.274902,
          33.969451
        ]
      },
      "properties": {
        "tract_id": "06037239602",
        "population": 3487,
        "density_per_sqkm": 9738
      }
    },
    {
      "type": "Feature",
      "geometry": {
        "type": "Point",
        "coordinates": [
          -118.275263,
          33.966092
        ]
      },
      "properties": {
        "tract_id": "06037239701",
        "population": 4415,
        "density_per_sqkm": 10776
      }
    },
    {
      "type": "Feature",
      "geometry": {
        "type": "Point",
        "coordinates": [
          -118.305895,
          34.014053
        ]
      },
      "properties": {
        "tract_id": "06037231302",
        "population": 2733,
        "density_per_sqkm": 6453
      }
    },
    {
      "type": "Feature",
      "geometry": {
        "type": "Point",
        "coordinates": [
          -118.178235,
          33.944859
        ]
      },
      "properties": {
        "tract_id": "06037536104",
        "population": 4127,
        "density_per_sqkm": 2101
      }
    },
    {
      "type": "Feature",
      "geometry": {
        "type": "Point",
        "coordinates": [
          -118.294013,
          33.935361
        ]
      },
      "properties": {
        "tract_id": "06037600304",
        "population": 3781,
        "density_per_sqkm": 8482
      }
    },
    {
      "type": "Feature",
      "geometry": {
        "type": "Point",
        "coordinates": [
          -118.233245,
          33.984498
        ]
      },
      "properties": {
        "tract_id": "06037532607",
        "population": 5694,
        "density_per_sqkm": 5164
      }
    },
    {
      "type": "Feature",
      "geometry": {
        "type": "Point",
        "coordinates": [
          -118.415491,
          33.975793
        ]
      },
      "properties": {
        "tract_id": "06037275604",
        "population": 10520,
        "density_per_sqkm": 6785
      }
    },
    {
      "type": "Feature",
      "geometry": {
        "type": "Point",
        "coordinates": [
          -118.422465,
          34.257904
        ]
      },
      "properties": {
        "tract_id": "06037104620",
        "population": 3200,
        "density_per_sqkm": 6024
      }
    },
    {
      "type": "Feature",
      "geometry": {
        "type": "Point",
        "coordinates": [
          -118.415214,
          34.268475
        ]
      },
      "properties": {
        "tract_id": "06037104701",
        "population": 4601,
        "density_per_sqkm": 8358
      }
    },
    {
      "type": "Feature",
      "geometry": {
        "type": "Point",
        "coordinates": [
          -118.114907,
          34.036945
        ]
      },
      "properties": {
        "tract_id": "06037482801",
        "population": 4193,
        "density_per_sqkm": 1325
      }
    },
    {
      "type": "Feature",
      "geometry": {
        "type": "Point",
        "coordinates": [
          -118.435617,
          34.190299
        ]
      },
      "properties": {
        "tract_id": "06037128101",
        "population": 3635,
        "density_per_sqkm": 5602
      }
    },
    {
      "type": "Feature",
      "geometry": {
        "type": "Point",
        "coordinates": [
          -118.441082,
          34.178458
        ]
      },
      "properties": {
        "tract_id": "06037128601",
        "population": 4379,
        "density_per_sqkm": 6422
      }
    },
    {
      "type": "Feature",
      "geometry": {
        "type": "Point",
        "coordinates": [
          -118.435606,
          34.171214
        ]
      },
      "properties": {
        "tract_id": "06037128602",
        "population": 3422,
        "density_per_sqkm": 3017
      }
    },
    {
      "type": "Feature",
      "geometry": {
        "type": "Point",
        "coordinates": [
          -118.45526,
          34.168479
        ]
      },
      "properties": {
        "tract_id": "06037128802",
        "population": 4673,
        "density_per_sqkm": 4812
      }
    },
    {
      "type": "Feature",
      "geometry": {
        "type": "Point",
        "coordinates": [
          -118.284071,
          34.007446
        ]
      },
      "properties": {
        "tract_id": "06037231720",
        "population": 5060,
        "density_per_sqkm": 10715
      }
    },
    {
      "type": "Feature",
      "geometry": {
        "type": "Point",
        "coordinates": [
          -118.32735,
          33.853208
        ]
      },
      "properties": {
        "tract_id": "06037980005",
        "population": 3,
        "density_per_sqkm": 1
      }
    },
    {
      "type": "Feature",
      "geometry": {
        "type": "Point",
        "coordinates": [
          -118.384366,
          34.013678
        ]
      },
      "properties": {
        "tract_id": "06037702502",
        "population": 4320,
        "density_per_sqkm": 2401
      }
    },
    {
      "type": "Feature",
      "geometry": {
        "type": "Point",
        "coordinates": [
          -117.783081,
          34.037616
        ]
      },
      "properties": {
        "tract_id": "06037403317",
        "population": 5098,
        "density_per_sqkm": 1217
      }
    },
    {
      "type": "Feature",
      "geometry": {
        "type": "Point",
        "coordinates": [
          -118.302226,
          34.059561
        ]
      },
      "properties": {
        "tract_id": "06037212410",
        "population": 3560,
        "density_per_sqkm": 22648
      }
    },
    {
      "type": "Feature",
      "geometry": {
        "type": "Point",
        "coordinates": [
          -118.444525,
          34.206007
        ]
      },
      "properties": {
        "tract_id": "06037127102",
        "population": 5450,
        "density_per_sqkm": 6343
      }
    },
    {
      "type": "Feature",
      "geometry": {
        "type": "Point",
        "coordinates": [
          -117.865889,
          34.141504
        ]
      },
      "properties": {
        "tract_id": "06037401002",
        "population": 4164,
        "density_per_sqkm": 2826
      }
    },
    {
      "type": "Feature",
      "geometry": {
        "type": "Point",
        "coordinates": [
          -117.854651,
          34.126048
        ]
      },
      "properties": {
        "tract_id": "06037401101",
        "population": 5433,
        "density_per_sqkm": 1804
      }
    },
    {
      "type": "Feature",
      "geometry": {
        "type": "Point",
        "coordinates": [
          -117.866662,
          34.131043
        ]
      },
      "properties": {
        "tract_id": "06037401102",
        "population": 4051,
        "density_per_sqkm": 3160
      }
    },
    {
      "type": "Feature",
      "geometry": {
        "type": "Point",
        "coordinates": [
          -117.739213,
          34.069332
        ]
      },
      "properties": {
        "tract_id": "06037402601",
        "population": 3545,
        "density_per_sqkm": 3426
      }
    },
    {
      "type": "Feature",
      "geometry": {
        "type": "Point",
        "coordinates": [
          -118.449061,
          34.061392
        ]
      },
      "properties": {
        "tract_id": "06037265307",
        "population": 3190,
        "density_per_sqkm": 14662
      }
    },
    {
      "type": "Feature",
      "geometry": {
        "type": "Point",
        "coordinates": [
          -118.490421,
          34.028157
        ]
      },
      "properties": {
        "tract_id": "06037701501",
        "population": 5283,
        "density_per_sqkm": 8556
      }
    },
    {
      "type": "Feature",
      "geometry": {
        "type": "Point",
        "coordinates": [
          -118.203293,
          34.081285
        ]
      },
      "properties": {
        "tract_id": "06037199202",
        "population": 2785,
        "density_per_sqkm": 2918
      }
    },
    {
      "type": "Feature",
      "geometry": {
        "type": "Point",
        "coordinates": [
          -118.487235,
          34.02546
        ]
      },
      "properties": {
        "tract_id": "06037701502",
        "population": 3665,
        "density_per_sqkm": 6006
      }
    },
    {
      "type": "Feature",
      "geometry": {
        "type": "Point",
        "coordinates": [
          -118.199214,
          34.092625
        ]
      },
      "properties": {
        "tract_id": "06037199300",
        "population": 3545,
        "density_per_sqkm": 1390
      }
    },
    {
      "type": "Feature",
      "geometry": {
        "type": "Point",
        "coordinates": [
          -118.461823,
          34.197493
        ]
      },
      "properties": {
        "tract_id": "06037127804",
        "population": 4422,
        "density_per_sqkm": 6930
      }
    },
    {
      "type": "Feature",
      "geometry": {
        "type": "Point",
        "coordinates": [
          -118.444351,
          34.190296
        ]
      },
      "properties": {
        "tract_id": "06037128102",
        "population": 4874,
        "density_per_sqkm": 7512
      }
    },
    {
      "type": "Feature",
      "geometry": {
        "type": "Point",
        "coordinates": [
          -118.514195,
          34.192069
        ]
      },
      "properties": {
        "tract_id": "06037132001",
        "population": 3335,
        "density_per_sqkm": 3443
      }
    },
    {
      "type": "Feature",
      "geometry": {
        "type": "Point",
        "coordinates": [
          -118.590647,
          34.201775
        ]
      },
      "properties": {
        "tract_id": "06037134001",
        "population": 3708,
        "density_per_sqkm": 6379
      }
    },
    {
      "type": "Feature",
      "geometry": {
        "type": "Point",
        "coordinates": [
          -118.435799,
          34.205176
        ]
      },
      "properties": {
        "tract_id": "06037127104",
        "population": 4140,
        "density_per_sqkm": 5849
      }
    },
    {
      "type": "Feature",
      "geometry": {
        "type": "Point",
        "coordinates": [
          -118.007757,
          34.071507
        ]
      },
      "properties": {
        "tract_id": "06037433306",
        "population": 3111,
        "density_per_sqkm": 7163
      }
    },
    {
      "type": "Feature",
      "geometry": {
        "type": "Point",
        "coordinates": [
          -118.227137,
          33.9148
        ]
      },
      "properties": {
        "tract_id": "06037541500",
        "population": 5675,
        "density_per_sqkm": 6737
      }
    },
    {
      "type": "Feature",
      "geometry": {
        "type": "Point",
        "coordinates": [
          -118.248445,
          34.144479
        ]
      },
      "properties": {
        "tract_id": "06037302201",
        "population": 4017,
        "density_per_sqkm": 8072
      }
    },
    {
      "type": "Feature",
      "geometry": {
        "type": "Point",
        "coordinates": [
          -118.263244,
          34.144683
        ]
      },
      "properties": {
        "tract_id": "06037302301",
        "population": 3804,
        "density_per_sqkm": 5430
      }
    },
    {
      "type": "Feature",
      "geometry": {
        "type": "Point",
        "coordinates": [
          -118.157701,
          34.194383
        ]
      },
      "properties": {
        "tract_id": "06037460302",
        "population": 4273,
        "density_per_sqkm": 3255
      }
    },
    {
      "type": "Feature",
      "geometry": {
        "type": "Point",
        "coordinates": [
          -118.365303,
          34.09249
        ]
      },
      "properties": {
        "tract_id": "06037700200",
        "population": 6602,
        "density_per_sqkm": 9445
      }
    },
    {
      "type": "Feature",
      "geometry": {
        "type": "Point",
        "coordinates": [
          -118.46722,
          34.008168
        ]
      },
      "properties": {
        "tract_id": "06037702202",
        "population": 3890,
        "density_per_sqkm": 3845
      }
    },
    {
      "type": "Feature",
      "geometry": {
        "type": "Point",
        "coordinates": [
          -118.571712,
          34.416373
        ]
      },
      "properties": {
        "tract_id": "06037920328",
        "population": 1987,
        "density_per_sqkm": 848
      }
    },
    {
      "type": "Feature",
      "geometry": {
        "type": "Point",
        "coordinates": [
          -118.311332,
          34.07988
        ]
      },
      "properties": {
        "tract_id": "06037192420",
        "population": 3645,
        "density_per_sqkm": 11219
      }
    },
    {
      "type": "Feature",
      "geometry": {
        "type": "Point",
        "coordinates": [
          -118.311492,
          34.041746
        ]
      },
      "properties": {
        "tract_id": "06037221302",
        "population": 4330,
        "density_per_sqkm": 9369
      }
    },
    {
      "type": "Feature",
      "geometry": {
        "type": "Point",
        "coordinates": [
          -118.310827,
          34.007278
        ]
      },
      "properties": {
        "tract_id": "06037231500",
        "population": 4725,
        "density_per_sqkm": 5140
      }
    },
    {
      "type": "Feature",
      "geometry": {
        "type": "Point",
        "coordinates": [
          -118.058617,
          34.130036
        ]
      },
      "properties": {
        "tract_id": "06037430723",
        "population": 4643,
        "density_per_sqkm": 9546
      }
    },
    {
      "type": "Feature",
      "geometry": {
        "type": "Point",
        "coordinates": [
          -118.070858,
          34.076663
        ]
      },
      "properties": {
        "tract_id": "06037432901",
        "population": 4202,
        "density_per_sqkm": 3703
      }
    },
    {
      "type": "Feature",
      "geometry": {
        "type": "Point",
        "coordinates": [
          -118.781394,
          34.160152
        ]
      },
      "properties": {
        "tract_id": "06037800338",
        "population": 6013,
        "density_per_sqkm": 946
      }
    },
    {
      "type": "Feature",
      "geometry": {
        "type": "Point",
        "coordinates": [
          -118.358159,
          33.920403
        ]
      },
      "properties": {
        "tract_id": "06037602106",
        "population": 5693,
        "density_per_sqkm": 6944
      }
    },
    {
      "type": "Feature",
      "geometry": {
        "type": "Point",
        "coordinates": [
          -117.72792,
          34.06353
        ]
      },
      "properties": {
        "tract_id": "06037402702",
        "population": 6354,
        "density_per_sqkm": 4240
      }
    },
    {
      "type": "Feature",
      "geometry": {
        "type": "Point",
        "coordinates": [
          -118.23638,
          34.134752
        ]
      },
      "properties": {
        "tract_id": "06037302102",
        "population": 6221,
        "density_per_sqkm": 6007
      }
    },
    {
      "type": "Feature",
      "geometry": {
        "type": "Point",
        "coordinates": [
          -118.232095,
          34.1454
        ]
      },
      "properties": {
        "tract_id": "06037302104",
        "population": 3859,
        "density_per_sqkm": 6777
      }
    },
    {
      "type": "Feature",
      "geometry": {
        "type": "Point",
        "coordinates": [
          -118.223035,
          34.638275
        ]
      },
      "properties": {
        "tract_id": "06037910301",
        "population": 4392,
        "density_per_sqkm": 1113
      }
    },
    {
      "type": "Feature",
      "geometry": {
        "type": "Point",
        "coordinates": [
          -118.221398,
          34.622975
        ]
      },
      "properties": {
        "tract_id": "06037910302",
        "population": 6514,
        "density_per_sqkm": 1625
      }
    },
    {
      "type": "Feature",
      "geometry": {
        "type": "Point",
        "coordinates": [
          -118.465157,
          34.168238
        ]
      },
      "properties": {
        "tract_id": "06037128801",
        "population": 3805,
        "density_per_sqkm": 7732
      }
    },
    {
      "type": "Feature",
      "geometry": {
        "type": "Point",
        "coordinates": [
          -118.477699,
          33.994991
        ]
      },
      "properties": {
        "tract_id": "06037273404",
        "population": 1558,
        "density_per_sqkm": 7178
      }
    },
    {
      "type": "Feature",
      "geometry": {
        "type": "Point",
        "coordinates": [
          -118.388057,
          33.811478
        ]
      },
      "properties": {
        "tract_id": "06037651304",
        "population": 4987,
        "density_per_sqkm": 3473
      }
    },
    {
      "type": "Feature",
      "geometry": {
        "type": "Point",
        "coordinates": [
          -118.579147,
          34.204631
        ]
      },
      "properties": {
        "tract_id": "06037134710",
        "population": 5183,
        "density_per_sqkm": 9152
      }
    },
    {
      "type": "Feature",
      "geometry": {
        "type": "Point",
        "coordinates": [
          -118.243257,
          33.999247
        ]
      },
      "properties": {
        "tract_id": "06037228800",
        "population": 5709,
        "density_per_sqkm": 6760
      }
    },
    {
      "type": "Feature",
      "geometry": {
        "type": "Point",
        "coordinates": [
          -118.243014,
          33.992054
        ]
      },
      "properties": {
        "tract_id": "06037228900",
        "population": 3420,
        "density_per_sqkm": 6634
      }
    },
    {
      "type": "Feature",
      "geometry": {
        "type": "Point",
        "coordinates": [
          -118.252096,
          33.992161
        ]
      },
      "properties": {
        "tract_id": "06037229100",
        "population": 4523,
        "density_per_sqkm": 9521
      }
    },
    {
      "type": "Feature",
      "geometry": {
        "type": "Point",
        "coordinates": [
          -118.304592,
          34.192205
        ]
      },
      "properties": {
        "tract_id": "06037310201",
        "population": 5521,
        "density_per_sqkm": 5019
      }
    },
    {
      "type": "Feature",
      "geometry": {
        "type": "Point",
        "coordinates": [
          -118.295957,
          34.186617
        ]
      },
      "properties": {
        "tract_id": "06037310202",
        "population": 4945,
        "density_per_sqkm": 5459
      }
    },
    {
      "type": "Feature",
      "geometry": {
        "type": "Point",
        "coordinates": [
          -118.339451,
          34.194655
        ]
      },
      "properties": {
        "tract_id": "06037310501",
        "population": 3788,
        "density_per_sqkm": 1927
      }
    },
    {
      "type": "Feature",
      "geometry": {
        "type": "Point",
        "coordinates": [
          -118.283803,
          33.956406
        ]
      },
      "properties": {
        "tract_id": "06037240301",
        "population": 2831,
        "density_per_sqkm": 6037
      }
    },
    {
      "type": "Feature",
      "geometry": {
        "type": "Point",
        "coordinates": [
          -118.601664,
          34.223885
        ]
      },
      "properties": {
        "tract_id": "06037113238",
        "population": 5182,
        "density_per_sqkm": 7302
      }
    },
    {
      "type": "Feature",
      "geometry": {
        "type": "Point",
        "coordinates": [
          -118.578722,
          34.224146
        ]
      },
      "properties": {
        "tract_id": "06037113428",
        "population": 3397,
        "density_per_sqkm": 2674
      }
    },
    {
      "type": "Feature",
      "geometry": {
        "type": "Point",
        "coordinates": [
          -118.472985,
          34.013352
        ]
      },
      "properties": {
        "tract_id": "06037702201",
        "population": 4475,
        "density_per_sqkm": 3716
      }
    },
    {
      "type": "Feature",
      "geometry": {
        "type": "Point",
        "coordinates": [
          -118.102146,
          33.952673
        ]
      },
      "properties": {
        "tract_id": "06037550501",
        "population": 3604,
        "density_per_sqkm": 4349
      }
    },
    {
      "type": "Feature",
      "geometry": {
        "type": "Point",
        "coordinates": [
          -118.421469,
          33.956751
        ]
      },
      "properties": {
        "tract_id": "06037276607",
        "population": 2974,
        "density_per_sqkm": 6221
      }
    },
    {
      "type": "Feature",
      "geometry": {
        "type": "Point",
        "coordinates": [
          -118.358872,
          33.84546
        ]
      },
      "properties": {
        "tract_id": "06037650607",
        "population": 2910,
        "density_per_sqkm": 5754
      }
    },
    {
      "type": "Feature",
      "geometry": {
        "type": "Point",
        "coordinates": [
          -118.531679,
          34.204713
        ]
      },
      "properties": {
        "tract_id": "06037131801",
        "population": 3104,
        "density_per_sqkm": 4729
      }
    },
    {
      "type": "Feature",
      "geometry": {
        "type": "Point",
        "coordinates": [
          -118.236245,
          33.939863
        ]
      },
      "properties": {
        "tract_id": "06037243001",
        "population": 3304,
        "density_per_sqkm": 9533
      }
    },
    {
      "type": "Feature",
      "geometry": {
        "type": "Point",
        "coordinates": [
          -118.19325,
          33.984831
        ]
      },
      "properties": {
        "tract_id": "06037533504",
        "population": 3848,
        "density_per_sqkm": 9435
      }
    },
    {
      "type": "Feature",
      "geometry": {
        "type": "Point",
        "coordinates": [
          -118.540419,
          34.217751
        ]
      },
      "properties": {
        "tract_id": "06037131021",
        "population": 2972,
        "density_per_sqkm": 5325
      }
    },
    {
      "type": "Feature",
      "geometry": {
        "type": "Point",
        "coordinates": [
          -118.178547,
          34.088709
        ]
      },
      "properties": {
        "tract_id": "06037201200",
        "population": 2362,
        "density_per_sqkm": 5358
      }
    },
    {
      "type": "Feature",
      "geometry": {
        "type": "Point",
        "coordinates": [
          -118.298469,
          34.074529
        ]
      },
      "properties": {
        "tract_id": "06037211201",
        "population": 2538,
        "density_per_sqkm": 18211
      }
    },
    {
      "type": "Feature",
      "geometry": {
        "type": "Point",
        "coordinates": [
          -118.293797,
          33.804472
        ]
      },
      "properties": {
        "tract_id": "06037543603",
        "population": 3903,
        "density_per_sqkm": 2640
      }
    },
    {
      "type": "Feature",
      "geometry": {
        "type": "Point",
        "coordinates": [
          -117.896541,
          33.980547
        ]
      },
      "properties": {
        "tract_id": "06037408725",
        "population": 5940,
        "density_per_sqkm": 3050
      }
    },
    {
      "type": "Feature",
      "geometry": {
        "type": "Point",
        "coordinates": [
          -118.269896,
          33.803518
        ]
      },
      "properties": {
        "tract_id": "06037543703",
        "population": 3429,
        "density_per_sqkm": 3306
      }
    },
    {
      "type": "Feature",
      "geometry": {
        "type": "Point",
        "coordinates": [
          -118.52025,
          34.167018
        ]
      },
      "properties": {
        "tract_id": "06037139504",
        "population": 3742,
        "density_per_sqkm": 12945
      }
    },
    {
      "type": "Feature",
      "geometry": {
        "type": "Point",
        "coordinates": [
          -118.319019,
          34.011465
        ]
      },
      "properties": {
        "tract_id": "06037234002",
        "population": 2977,
        "density_per_sqkm": 5272
      }
    },
    {
      "type": "Feature",
      "geometry": {
        "type": "Point",
        "coordinates": [
          -118.422088,
          34.062735
        ]
      },
      "properties": {
        "tract_id": "06037265701",
        "population": 2047,
        "density_per_sqkm": 2387
      }
    },
    {
      "type": "Feature",
      "geometry": {
        "type": "Point",
        "coordinates": [
          -118.368122,
          34.061113
        ]
      },
      "properties": {
        "tract_id": "06037216301",
        "population": 1374,
        "density_per_sqkm": 2437
      }
    },
    {
      "type": "Feature",
      "geometry": {
        "type": "Point",
        "coordinates": [
          -118.444608,
          34.061651
        ]
      },
      "properties": {
        "tract_id": "06037265204",
        "population": 1182,
        "density_per_sqkm": 4456
      }
    },
    {
      "type": "Feature",
      "geometry": {
        "type": "Point",
        "coordinates": [
          -118.438252,
          34.062113
        ]
      },
      "properties": {
        "tract_id": "06037265203",
        "population": 2228,
        "density_per_sqkm": 7186
      }
    },
    {
      "type": "Feature",
      "geometry": {
        "type": "Point",
        "coordinates": [
          -118.411554,
          34.279058
        ]
      },
      "properties": {
        "tract_id": "06037104203",
        "population": 4874,
        "density_per_sqkm": 6884
      }
    },
    {
      "type": "Feature",
      "geometry": {
        "type": "Point",
        "coordinates": [
          -118.338008,
          34.240473
        ]
      },
      "properties": {
        "tract_id": "06037102107",
        "population": 3984,
        "density_per_sqkm": 309
      }
    },
    {
      "type": "Feature",
      "geometry": {
        "type": "Point",
        "coordinates": [
          -118.409831,
          33.880475
        ]
      },
      "properties": {
        "tract_id": "06037620904",
        "population": 2829,
        "density_per_sqkm": 4910
      }
    },
    {
      "type": "Feature",
      "geometry": {
        "type": "Point",
        "coordinates": [
          -118.278669,
          34.062145
        ]
      },
      "properties": {
        "tract_id": "06037208802",
        "population": 2942,
        "density_per_sqkm": 13910
      }
    },
    {
      "type": "Feature",
      "geometry": {
        "type": "Point",
        "coordinates": [
          -118.292902,
          34.067232
        ]
      },
      "properties": {
        "tract_id": "06037211921",
        "population": 2447,
        "density_per_sqkm": 26407
      }
    },
    {
      "type": "Feature",
      "geometry": {
        "type": "Point",
        "coordinates": [
          -118.199751,
          34.070005
        ]
      },
      "properties": {
        "tract_id": "06037199120",
        "population": 3777,
        "density_per_sqkm": 4005
      }
    },
    {
      "type": "Feature",
      "geometry": {
        "type": "Point",
        "coordinates": [
          -118.211907,
          34.07622
        ]
      },
      "properties": {
        "tract_id": "06037199201",
        "population": 3584,
        "density_per_sqkm": 9069
      }
    },
    {
      "type": "Feature",
      "geometry": {
        "type": "Point",
        "coordinates": [
          -118.346793,
          34.099719
        ]
      },
      "properties": {
        "tract_id": "06037189904",
        "population": 2502,
        "density_per_sqkm": 15677
      }
    },
    {
      "type": "Feature",
      "geometry": {
        "type": "Point",
        "coordinates": [
          -118.329714,
          34.103358
        ]
      },
      "properties": {
        "tract_id": "06037190201",
        "population": 2872,
        "density_per_sqkm": 12660
      }
    },
    {
      "type": "Feature",
      "geometry": {
        "type": "Point",
        "coordinates": [
          -118.193989,
          34.605111
        ]
      },
      "properties": {
        "tract_id": "06037910216",
        "population": 4722,
        "density_per_sqkm": 1711
      }
    },
    {
      "type": "Feature",
      "geometry": {
        "type": "Point",
        "coordinates": [
          -117.971581,
          33.959611
        ]
      },
      "properties": {
        "tract_id": "06037500204",
        "population": 2343,
        "density_per_sqkm": 441
      }
    },
    {
      "type": "Feature",
      "geometry": {
        "type": "Point",
        "coordinates": [
          -117.912072,
          34.110598
        ]
      },
      "properties": {
        "tract_id": "06037404503",
        "population": 2986,
        "density_per_sqkm": 4546
      }
    },
    {
      "type": "Feature",
      "geometry": {
        "type": "Point",
        "coordinates": [
          -118.028067,
          34.052976
        ]
      },
      "properties": {
        "tract_id": "06037433903",
        "population": 5619,
        "density_per_sqkm": 6176
      }
    },
    {
      "type": "Feature",
      "geometry": {
        "type": "Point",
        "coordinates": [
          -118.220056,
          34.055927
        ]
      },
      "properties": {
        "tract_id": "06037203500",
        "population": 2751,
        "density_per_sqkm": 1682
      }
    },
    {
      "type": "Feature",
      "geometry": {
        "type": "Point",
        "coordinates": [
          -118.262653,
          34.052385
        ]
      },
      "properties": {
        "tract_id": "06037209201",
        "population": 2852,
        "density_per_sqkm": 16958
      }
    },
    {
      "type": "Feature",
      "geometry": {
        "type": "Point",
        "coordinates": [
          -118.471357,
          34.396988
        ]
      },
      "properties": {
        "tract_id": "06037920042",
        "population": 7762,
        "density_per_sqkm": 2050
      }
    },
    {
      "type": "Feature",
      "geometry": {
        "type": "Point",
        "coordinates": [
          -118.22022,
          34.06759
        ]
      },
      "properties": {
        "tract_id": "06037199700",
        "population": 3393,
        "density_per_sqkm": 3621
      }
    },
    {
      "type": "Feature",
      "geometry": {
        "type": "Point",
        "coordinates": [
          -118.350635,
          34.068957
        ]
      },
      "properties": {
        "tract_id": "06037214505",
        "population": 1817,
        "density_per_sqkm": 14609
      }
    },
    {
      "type": "Feature",
      "geometry": {
        "type": "Point",
        "coordinates": [
          -118.211576,
          34.065079
        ]
      },
      "properties": {
        "tract_id": "06037199900",
        "population": 2641,
        "density_per_sqkm": 5961
      }
    },
    {
      "type": "Feature",
      "geometry": {
        "type": "Point",
        "coordinates": [
          -118.624952,
          34.155465
        ]
      },
      "properties": {
        "tract_id": "06037137402",
        "population": 5663,
        "density_per_sqkm": 1837
      }
    },
    {
      "type": "Feature",
      "geometry": {
        "type": "Point",
        "coordinates": [
          -118.174333,
          34.094804
        ]
      },
      "properties": {
        "tract_id": "06037201110",
        "population": 2332,
        "density_per_sqkm": 2300
      }
    },
    {
      "type": "Feature",
      "geometry": {
        "type": "Point",
        "coordinates": [
          -118.304756,
          33.898295
        ]
      },
      "properties": {
        "tract_id": "06037603005",
        "population": 5628,
        "density_per_sqkm": 8649
      }
    },
    {
      "type": "Feature",
      "geometry": {
        "type": "Point",
        "coordinates": [
          -118.356842,
          33.883739
        ]
      },
      "properties": {
        "tract_id": "06037604001",
        "population": 4241,
        "density_per_sqkm": 6435
      }
    },
    {
      "type": "Feature",
      "geometry": {
        "type": "Point",
        "coordinates": [
          -118.255285,
          34.060544
        ]
      },
      "properties": {
        "tract_id": "06037208001",
        "population": 2494,
        "density_per_sqkm": 4330
      }
    }
  ]
}